timestamp,true_tactic,predicted_tactic,correct,confidence,uncertainty
1701561600.0,normal,normal,True,0.9999998453726203,1.5462737967819606e-07
1701561660.0,normal,normal,True,0.9999996581169089,3.4188309105953607e-07
1701561720.0,normal,normal,True,0.999984853250594,1.5146749405947624e-05
1701561780.0,normal,normal,True,0.9999963967544585,3.603245541494715e-06
1701561840.0,normal,normal,True,0.9814630950827644,0.018536904917235586
1701561900.0,normal,normal,True,0.9999997524555728,2.475444271787808e-07
1701561960.0,normal,normal,True,0.9999934472560574,6.5527439425672185e-06
1701562020.0,normal,normal,True,0.9999953578549949,4.642145005062659e-06
1701562080.0,normal,normal,True,0.9999993164769454,6.835230546009541e-07
1701562140.0,normal,normal,True,0.9964291013272212,0.0035708986727788217
1701562200.0,normal,normal,True,0.999751904726355,0.0002480952736449993
1701562260.0,normal,normal,True,0.9999748890317554,2.511096824464598e-05
1701562320.0,normal,normal,True,0.9999798266377925,2.0173362207498435e-05
1701562380.0,normal,normal,True,0.9999978542897054,2.1457102945543483e-06
1701562440.0,normal,normal,True,0.9994608473597878,0.0005391526402122038
1701562500.0,normal,normal,True,0.9999989394574361,1.0605425638798849e-06
1701562560.0,normal,normal,True,0.9999985110868301,1.48891316986699e-06
1701562620.0,normal,normal,True,0.9998859830297363,0.00011401697026369728
1701562680.0,normal,normal,True,0.9998759765681196,0.00012402343188044895
1701562740.0,normal,normal,True,0.9999626248779153,3.7375122084681855e-05
1701562800.0,normal,normal,True,0.9999704599506055,2.954004939448307e-05
1701562860.0,normal,normal,True,0.8147348631567095,0.1852651368432905
1701562920.0,normal,normal,True,0.9999894970179852,1.0502982014770623e-05
1701562980.0,normal,normal,True,0.9999975669814484,2.433018551628585e-06
1701563040.0,normal,normal,True,0.9976046916922082,0.002395308307791777
1701563100.0,normal,normal,True,0.9999972203274726,2.779672527375432e-06
1701563160.0,normal,normal,True,0.9999937565189647,6.243481035284049e-06
1701563220.0,normal,normal,True,0.5057434096303906,0.49425659036960945
1701563280.0,normal,normal,True,0.9362404235803707,0.06375957641962926
1701563340.0,normal,normal,True,0.9999991675963594,8.324036405715773e-07
1701563400.0,normal,normal,True,0.999792837204488,0.0002071627955120281
1701563460.0,normal,normal,True,0.9999920383884067,7.961611593332307e-06
1701563520.0,normal,normal,True,0.9626507043237831,0.03734929567621692
1701563580.0,normal,normal,True,0.9999848505906582,1.5149409341774778e-05
1701563640.0,normal,normal,True,0.9408886783122462,0.05911132168775379
1701563700.0,command_and_control,normal,False,0.9991987114815781,0.0008012885184218721
1701563760.0,discovery,normal,False,0.6342849193687483,0.3657150806312517
1701563820.0,normal,normal,True,0.9923140896876901,0.007685910312309918
1701563880.0,normal,normal,True,0.9999984593697856,1.5406302144027606e-06
1701563940.0,normal,normal,True,0.9999981710873029,1.8289126970660874e-06
1701564000.0,normal,normal,True,0.999999562393661,4.3760633905431945e-07
1701564060.0,normal,normal,True,0.9999931354054261,6.864594573885441e-06
1701564120.0,normal,normal,True,0.9999994288468275,5.711531725349772e-07
1701564180.0,normal,normal,True,0.998095547579062,0.001904452420937952
1701564240.0,normal,normal,True,0.9998611412471167,0.00013885875288333072
1701564300.0,normal,normal,True,0.9999999066099942,9.33900058397441e-08
1701564360.0,normal,normal,True,0.999999822927718,1.7707228194829838e-07
1701564420.0,normal,normal,True,0.9999963463211713,3.653678828707818e-06
1701564480.0,normal,normal,True,0.9987256195894405,0.0012743804105594947
1701564540.0,normal,normal,True,0.9999995635167933,4.3648320668943086e-07
1701564600.0,normal,normal,True,0.997273057210141,0.002726942789858966
1701564660.0,normal,normal,True,0.9999998428198752,1.571801248045901e-07
1701564720.0,normal,normal,True,0.9999849855793354,1.5014420664649641e-05
1701564780.0,normal,normal,True,0.9999944587382307,5.541261769326233e-06
1701564840.0,normal,normal,True,0.996635924443064,0.0033640755569359637
1701564900.0,normal,normal,True,0.9999997971594193,2.0284058066533106e-07
1701564960.0,normal,normal,True,0.9997982460478657,0.00020175395213428704
1701565020.0,normal,normal,True,0.9999844950996295,1.5504900370499897e-05
1701565080.0,normal,normal,True,0.9999988998194298,1.1001805702015588e-06
1701565140.0,normal,normal,True,0.9999980163954937,1.9836045063170715e-06
1701565200.0,normal,normal,True,0.9999971003407077,2.8996592923435927e-06
1701565260.0,normal,normal,True,0.9999989767859678,1.0232140321697614e-06
1701565320.0,normal,normal,True,0.9999996350725109,3.6492748911598483e-07
1701565380.0,normal,normal,True,0.9999996269024536,3.730975464133479e-07
1701565440.0,normal,normal,True,0.9986093094312116,0.0013906905687883775
1701565500.0,normal,normal,True,0.9999935454623845,6.454537615496747e-06
1701565560.0,normal,normal,True,0.996542241409557,0.0034577585904429498
1701565620.0,normal,normal,True,0.9999975627395671,2.4372604329192527e-06
1701565680.0,normal,normal,True,0.999363780499022,0.0006362195009780303
1701565740.0,normal,normal,True,0.9999942091418808,5.790858119247844e-06
1701565800.0,normal,normal,True,0.9999970885394839,2.9114605161195684e-06
1701565860.0,normal,normal,True,0.9999969074001313,3.0925998687481027e-06
1701565920.0,normal,normal,True,0.9991896102158124,0.0008103897841875707
1701565980.0,normal,normal,True,0.9999704014991861,2.95985008138544e-05
1701566040.0,normal,normal,True,0.9998232990290069,0.00017670097099309334
1701566100.0,normal,normal,True,0.9990392551318289,0.0009607448681711039
1701566160.0,normal,normal,True,0.9999887961461323,1.1203853867658431e-05
1701566220.0,normal,normal,True,0.9999990841074677,9.158925322605427e-07
1701566280.0,normal,normal,True,0.9994868244886695,0.0005131755113304548
1701566340.0,normal,normal,True,0.9999080435391192,9.195646088078213e-05
1701566400.0,normal,normal,True,0.9999624930876493,3.750691235071546e-05
1701566460.0,normal,normal,True,0.99992041230414,7.958769586002834e-05
1701566520.0,normal,normal,True,0.9960065756054469,0.00399342439455308
1701566580.0,normal,normal,True,0.9999966446425866,3.35535741335935e-06
1701566640.0,normal,normal,True,0.9999757839904948,2.4216009505195757e-05
1701566700.0,normal,normal,True,0.9998096876002621,0.00019031239973787972
1701566760.0,normal,normal,True,0.9999190449023996,8.095509760042141e-05
1701566820.0,normal,normal,True,0.9999404075639876,5.959243601239006e-05
1701566880.0,normal,normal,True,0.9999906806106844,9.3193893155874e-06
1701566940.0,normal,normal,True,0.9999990153175197,9.846824803316778e-07
1701567000.0,normal,normal,True,0.9749712171830306,0.025028782816969408
1701567060.0,normal,normal,True,0.9999673700814795,3.262991852048813e-05
1701567120.0,normal,normal,True,0.997861655033609,0.0021383449663909815
1701567180.0,normal,normal,True,0.9999928868129506,7.113187049379022e-06
1701567240.0,normal,normal,True,0.9996942032414914,0.0003057967585086141
1701567300.0,normal,normal,True,0.9999994207933456,5.792066544163532e-07
1701567360.0,discovery,normal,False,0.9999689392793191,3.106072068093102e-05
1701567420.0,discovery,normal,False,0.8022223004237562,0.1977776995762438
1701567480.0,normal,normal,True,0.9995339207678473,0.0004660792321526941
1701567540.0,normal,normal,True,0.9999007987700955,9.920122990447755e-05
1701567600.0,normal,normal,True,0.9999868518696781,1.314813032193829e-05
1701567660.0,normal,normal,True,0.9999928281194845,7.171880515466356e-06
1701567720.0,normal,normal,True,0.9999696298395471,3.0370160452930506e-05
1701567780.0,normal,normal,True,0.9999896668132885,1.0333186711508624e-05
1701567840.0,normal,normal,True,0.9945737412663147,0.005426258733685296
1701567900.0,normal,normal,True,0.9999997034850996,2.9651490041082695e-07
1701567960.0,normal,normal,True,0.999847186427337,0.00015281357266294648
1701568020.0,normal,normal,True,0.9999751802746089,2.4819725391145298e-05
1701568080.0,normal,normal,True,0.9999804679966464,1.953200335358396e-05
1701568140.0,normal,normal,True,0.9999987778987199,1.2221012800628372e-06
1701568200.0,normal,normal,True,0.999977346096119,2.2653903881009185e-05
1701568260.0,normal,normal,True,0.9999835312928611,1.64687071388947e-05
1701568320.0,normal,normal,True,0.9999991142011216,8.857988783583792e-07
1701568380.0,normal,normal,True,0.994958171663243,0.005041828336757037
1701568440.0,normal,normal,True,0.9999999532715991,4.672840092645458e-08
1701568500.0,normal,normal,True,0.9999982788247158,1.7211752841861383e-06
1701568560.0,normal,normal,True,0.9999341090972463,6.58909027536625e-05
1701568620.0,normal,normal,True,0.9999563659522772,4.3634047722784786e-05
1701568680.0,normal,normal,True,0.9999977583926984,2.2416073015563143e-06
1701568740.0,normal,normal,True,0.9943607603385293,0.00563923966147073
1701568800.0,normal,normal,True,0.9999402183992285,5.97816007714691e-05
1701568860.0,normal,normal,True,0.9999740159026952,2.5984097304809772e-05
1701568920.0,normal,normal,True,0.9996150785273265,0.0003849214726735495
1701568980.0,normal,normal,True,0.9998496660365139,0.0001503339634860712
1701569040.0,normal,normal,True,0.4666842569558694,0.5333157430441307
1701569100.0,normal,normal,True,0.9999977051586543,2.294841345729104e-06
1701569160.0,normal,normal,True,0.99972406931051,0.0002759306894899449
1701569220.0,normal,normal,True,0.999964653368397,3.534663160298379e-05
1701569280.0,normal,normal,True,0.8636235489242782,0.13637645107572183
1701569340.0,normal,normal,True,0.9991804944195054,0.000819505580494595
1701569400.0,normal,normal,True,0.9996690691915273,0.00033093080847268475
1701569460.0,normal,normal,True,0.9999997210383792,2.7896162080320863e-07
1701569520.0,normal,normal,True,0.9846242253902509,0.015375774609749149
1701569580.0,normal,normal,True,0.999993371255601,6.628744399050923e-06
1701569640.0,normal,normal,True,0.9999992105657244,7.894342756165074e-07
1701569700.0,normal,normal,True,0.8285158393355714,0.17148416066442862
1701569760.0,normal,normal,True,0.9940684745799538,0.005931525420046158
1701569820.0,normal,normal,True,0.9938474356507647,0.006152564349235279
1701569880.0,normal,normal,True,0.9999998142686494,1.8573135063260082e-07
1701569940.0,normal,normal,True,0.999980062344288,1.9937655711954605e-05
1701570000.0,normal,normal,True,0.99915926426011,0.000840735739889964
1701570060.0,normal,normal,True,0.9984403203287167,0.0015596796712833427
1701570120.0,normal,normal,True,0.9999997891691452,2.108308547743576e-07
1701570180.0,normal,normal,True,0.9999997207173515,2.7928264845211714e-07
1701570240.0,normal,normal,True,0.9999940030197819,5.996980218081482e-06
1701570300.0,normal,normal,True,0.9999274114933091,7.2588506690896e-05
1701570360.0,normal,normal,True,0.9997683872485279,0.00023161275147209892
1701570420.0,normal,normal,True,0.9992861465675194,0.0007138534324806489
1701570480.0,normal,normal,True,0.9999890639722392,1.0936027760810596e-05
1701570540.0,normal,normal,True,0.9999980884987779,1.9115012220849437e-06
1701570600.0,normal,normal,True,0.9999783648098992,2.1635190100788293e-05
1701570660.0,normal,normal,True,0.999969125681556,3.087431844395194e-05
1701570720.0,normal,normal,True,0.9991849089109626,0.0008150910890374341
1701570780.0,normal,normal,True,0.9999991639779681,8.360220319358902e-07
1701570840.0,normal,normal,True,0.9999904695472869,9.530452713124582e-06
1701570900.0,normal,normal,True,0.9999992355337297,7.644662702865901e-07
1701570960.0,discovery,normal,False,0.9909863628197533,0.009013637180246725
1701571020.0,discovery,normal,False,0.4607393008730314,0.5392606991269686
1701571080.0,normal,normal,True,0.9999992658471354,7.341528646120921e-07
1701571140.0,normal,normal,True,0.9999636833877003,3.631661229974714e-05
1701571200.0,normal,normal,True,0.9999152775740677,8.472242593227097e-05
1701571260.0,normal,normal,True,0.999986744655114,1.3255344886053955e-05
1701571320.0,normal,normal,True,0.99999900747767,9.92522329990031e-07
1701571380.0,normal,normal,True,0.9999975880594963,2.411940503654897e-06
1701571440.0,normal,normal,True,0.9981408080002871,0.0018591919997128503
1701571500.0,normal,normal,True,0.9999826841475707,1.731585242925604e-05
1701571560.0,normal,normal,True,0.9994746578448581,0.0005253421551418835
1701571620.0,normal,normal,True,0.9810047055116747,0.018995294488325265
1701571680.0,normal,normal,True,0.9999996267175705,3.732824295221704e-07
1701571740.0,normal,normal,True,0.9999849534442913,1.5046555708719822e-05
1701571800.0,normal,normal,True,0.9999302285689403,6.97714310596842e-05
1701571860.0,normal,normal,True,0.999973003979443,2.69960205570019e-05
1701571920.0,normal,normal,True,0.9965349328774894,0.003465067122510601
1701571980.0,normal,normal,True,0.9999699346894282,3.0065310571814052e-05
1701572040.0,normal,normal,True,0.9405614791468994,0.05943852085310064
1701572100.0,normal,normal,True,0.9991307703469672,0.0008692296530328214
1701572160.0,normal,normal,True,0.9998439516043376,0.00015604839566241147
1701572220.0,normal,normal,True,0.9999918964944375,8.10350556246231e-06
1701572280.0,normal,normal,True,0.9999989564752247,1.0435247752571541e-06
1701572340.0,normal,normal,True,0.9999964487372985,3.551262701462221e-06
1701572400.0,normal,normal,True,0.9728295865810223,0.027170413418977746
1701572460.0,normal,normal,True,0.9999699562374975,3.0043762502485194e-05
1701572520.0,normal,normal,True,0.9980232635569124,0.001976736443087601
1701572580.0,normal,normal,True,0.9999718291914071,2.817080859285337e-05
1701572640.0,normal,normal,True,0.9997298050122905,0.00027019498770952666
1701572700.0,normal,normal,True,0.9999958017370718,4.198262928190033e-06
1701572760.0,normal,normal,True,0.99994994459879,5.005540120994745e-05
1701572820.0,normal,normal,True,0.9999968600467445,3.1399532555154153e-06
1701572880.0,normal,normal,True,0.999997276213264,2.723786736047451e-06
1701572940.0,normal,normal,True,0.9976471381444593,0.0023528618555407332
1701573000.0,normal,normal,True,0.9948328008017241,0.005167199198275907
1701573060.0,normal,normal,True,0.9999982542106562,1.745789343754467e-06
1701573120.0,normal,normal,True,0.9999334182448475,6.658175515250608e-05
1701573180.0,normal,normal,True,0.9999990438645154,9.561354845644132e-07
1701573240.0,normal,normal,True,0.9997691926611509,0.00023080733884905946
1701573300.0,normal,normal,True,0.9999978969009559,2.103099044137302e-06
1701573360.0,normal,normal,True,0.9987939775799788,0.0012060224200212133
1701573420.0,normal,normal,True,0.9999997201901131,2.798098869272181e-07
1701573480.0,normal,normal,True,0.9999628286851416,3.717131485836411e-05
1701573540.0,normal,normal,True,0.9998803796835736,0.00011962031642642756
1701573600.0,normal,normal,True,0.9998448551286102,0.0001551448713897896
1701573660.0,normal,normal,True,0.9998375979005947,0.00016240209940532324
1701573720.0,normal,normal,True,0.999986131743418,1.3868256582005856e-05
1701573780.0,normal,normal,True,0.99999512646473,4.873535270011331e-06
1701573840.0,normal,normal,True,0.9999999043957062,9.560429381494373e-08
1701573900.0,normal,normal,True,0.999999586988146,4.130118540501826e-07
1701573960.0,normal,normal,True,0.9999973078461863,2.6921538136548406e-06
1701574020.0,normal,normal,True,0.9999955892530007,4.410746999305992e-06
1701574080.0,normal,normal,True,0.9999445894878976,5.5410512102449516e-05
1701574140.0,normal,normal,True,0.9999942166052821,5.783394717906454e-06
1701574200.0,normal,normal,True,0.9999933428253777,6.657174622337614e-06
1701574260.0,normal,normal,True,0.9999897794988944,1.0220501105551172e-05
1701574320.0,normal,normal,True,0.9999758190018974,2.418099810264085e-05
1701574380.0,normal,normal,True,0.9999938674207436,6.13257925641264e-06
1701574440.0,normal,normal,True,0.9898910264923962,0.010108973507603758
1701574500.0,normal,normal,True,0.9998766617855201,0.00012333821447985116
1701574560.0,normal,normal,True,0.9999880126400312,1.1987359968768097e-05
1701574620.0,normal,normal,True,0.9898481061575614,0.010151893842438642
1701574680.0,normal,normal,True,0.9999987434016754,1.2565983246171086e-06
1701574740.0,normal,normal,True,0.9999973255463943,2.6744536056888535e-06
1701574800.0,normal,normal,True,0.9999744531381585,2.554686184152999e-05
1701574860.0,normal,normal,True,0.9999964966709992,3.50332900078687e-06
1701574920.0,normal,normal,True,0.9916111147009139,0.008388885299086102
1701574980.0,normal,normal,True,0.9999936544764744,6.345523525630448e-06
1701575040.0,normal,normal,True,0.999275518133797,0.0007244818662029973
1701575100.0,normal,normal,True,0.9999918099287918,8.190071208225014e-06
1701575160.0,discovery,normal,False,0.9910272922077746,0.008972707792225365
1701575220.0,discovery,collection,False,0.4760167945204644,0.5239832054795356
1701575280.0,discovery,normal,False,0.6357542686031463,0.3642457313968537
1701575340.0,normal,normal,True,0.9999849639347331,1.503606526687129e-05
1701575400.0,normal,normal,True,0.9999500714705098,4.992852949015081e-05
1701575460.0,normal,normal,True,0.8331450613563148,0.16685493864368517
1701575520.0,normal,normal,True,0.9998793550546109,0.00012064494538910342
1701575580.0,normal,normal,True,0.9999952882110664,4.711788933575711e-06
1701575640.0,normal,normal,True,0.9999749594650044,2.5040534995635078e-05
1701575700.0,normal,normal,True,0.9999975199365853,2.4800634147448264e-06
1701575760.0,normal,normal,True,0.9997193572620287,0.0002806427379713483
1701575820.0,normal,normal,True,0.9999948865042918,5.113495708197746e-06
1701575880.0,normal,normal,True,0.7376934987258449,0.2623065012741551
1701575940.0,normal,normal,True,0.9999997759236714,2.240763286032177e-07
1701576000.0,normal,normal,True,0.999982624115476,1.7375884523995744e-05
1701576060.0,normal,normal,True,0.9999985351431897,1.4648568102959558e-06
1701576120.0,normal,normal,True,0.999997150325695,2.849674304972183e-06
1701576180.0,normal,normal,True,0.9999756982715197,2.430172848033596e-05
1701576240.0,normal,normal,True,0.9999995659908573,4.340091427357251e-07
1701576300.0,normal,normal,True,0.9999941803106766,5.819689323449673e-06
1701576360.0,normal,normal,True,0.9999935695739687,6.430426031323044e-06
1701576420.0,normal,normal,True,0.9999865134140375,1.3486585962452224e-05
1701576480.0,normal,normal,True,0.9999959146987489,4.085301251066653e-06
1701576540.0,normal,normal,True,0.9999983185229299,1.681477070136772e-06
1701576600.0,normal,normal,True,0.9999893226580532,1.0677341946818686e-05
1701576660.0,normal,normal,True,0.9999995524186711,4.475813288884467e-07
1701576720.0,normal,normal,True,0.9999985997230855,1.4002769145315952e-06
1701576780.0,normal,normal,True,0.9999559700209363,4.402997906371997e-05
1701576840.0,normal,normal,True,0.9999930613643473,6.938635652709024e-06
1701576900.0,normal,normal,True,0.9999974814046828,2.518595317191341e-06
1701576960.0,normal,normal,True,0.9999925645282977,7.435471702343932e-06
1701577020.0,normal,normal,True,0.9998433344768228,0.00015666552317716853
1701577080.0,normal,normal,True,0.9999977578869017,2.2421130982941406e-06
1701577140.0,normal,normal,True,0.9999997142627356,2.857372644049505e-07
1701577200.0,normal,normal,True,0.9999935905388834,6.409461116629878e-06
1701577260.0,normal,normal,True,0.9995370860566523,0.0004629139433477425
1701577320.0,normal,normal,True,0.9999986748331112,1.3251668887770407e-06
1701577380.0,normal,normal,True,0.9999976790941232,2.3209058768181023e-06
1701577440.0,normal,normal,True,0.9987162341977865,0.0012837658022134546
1701577500.0,normal,normal,True,0.9999971186316962,2.8813683038420024e-06
1701577560.0,normal,normal,True,0.9999188388263335,8.116117366652187e-05
1701577620.0,normal,normal,True,0.9998761597821872,0.000123840217812754
1701577680.0,normal,normal,True,0.9999475850377171,5.241496228292064e-05
1701577740.0,normal,normal,True,0.9946900390086085,0.005309960991391471
1701577800.0,normal,normal,True,0.9987446194720848,0.0012553805279151842
1701577860.0,normal,normal,True,0.9999996773875085,3.2261249149900806e-07
1701577920.0,normal,normal,True,0.9781447759744661,0.02185522402553386
1701577980.0,normal,normal,True,0.9999956200706858,4.379929314235476e-06
1701578040.0,normal,normal,True,0.9999950213526063,4.978647393683033e-06
1701578100.0,normal,normal,True,0.9990484179339675,0.0009515820660325192
1701578160.0,normal,normal,True,0.9994053286757137,0.0005946713242862556
1701578220.0,normal,normal,True,0.4896062679522991,0.5103937320477009
1701578280.0,normal,normal,True,0.9999951535474908,4.8464525091995725e-06
1701578340.0,normal,normal,True,0.999989553491677,1.044650832304761e-05
1701578400.0,normal,normal,True,0.9999854752837979,1.4524716202113375e-05
1701578460.0,normal,normal,True,0.999996689266629,3.310733371009178e-06
1701578520.0,normal,normal,True,0.9954507143258674,0.004549285674132597
1701578580.0,normal,normal,True,0.999294678047929,0.0007053219520709586
1701578640.0,discovery,normal,False,0.9987347049360864,0.0012652950639135963
1701578700.0,discovery,collection,False,0.74360061797602,0.25639938202398005
1701578760.0,normal,normal,True,0.9999992898584982,7.101415018251345e-07
1701578820.0,normal,normal,True,0.9999930229621968,6.9770378031686064e-06
1701578880.0,normal,normal,True,0.9998651939860642,0.00013480601393578429
1701578940.0,normal,normal,True,0.9993519823541139,0.0006480176458860676
1701579000.0,normal,normal,True,0.9997576664646878,0.00024233353531222246
1701579060.0,normal,normal,True,0.9988780383865254,0.0011219616134745536
1701579120.0,normal,normal,True,0.9999904021361758,9.597863824151176e-06
1701579180.0,normal,normal,True,0.9999733270150495,2.66729849505154e-05
1701579240.0,normal,normal,True,0.9999985594269336,1.4405730663913374e-06
1701579300.0,normal,normal,True,0.9999212100727679,7.878992723209244e-05
1701579360.0,normal,normal,True,0.999999914496948,8.550305197196906e-08
1701579420.0,normal,normal,True,0.9999201368329106,7.986316708941121e-05
1701579480.0,normal,normal,True,0.9999992227257903,7.772742096623375e-07
1701579540.0,normal,normal,True,0.9987463094921144,0.0012536905078855964
1701579600.0,normal,normal,True,0.9999936698243123,6.330175687740969e-06
1701579660.0,normal,normal,True,0.9999915265569979,8.47344300214381e-06
1701579720.0,normal,normal,True,0.9997455976108978,0.00025440238910223734
1701579780.0,normal,normal,True,0.9999995920541319,4.0794586808612365e-07
1701579840.0,normal,normal,True,0.9999995721867162,4.2781328379870587e-07
1701579900.0,normal,normal,True,0.9999997170040856,2.8299591436908855e-07
1701579960.0,normal,normal,True,0.9870910405783884,0.012908959421611632
1701580020.0,normal,normal,True,0.9999999078203351,9.21796649011597e-08
1701580080.0,normal,normal,True,0.9998533104307116,0.00014668956928842736
1701580140.0,normal,normal,True,0.9999975076457167,2.492354283289977e-06
1701580200.0,normal,normal,True,0.9997883898252349,0.00021161017476512
1701580260.0,normal,normal,True,0.9999988989914671,1.1010085328999608e-06
1701580320.0,normal,normal,True,0.9994424497940471,0.0005575502059529391
1701580380.0,normal,normal,True,0.856227110635961,0.14377288936403898
1701580440.0,normal,normal,True,0.9999956203989576,4.379601042381331e-06
1701580500.0,normal,normal,True,0.9999445422292518,5.5457770748224e-05
1701580560.0,normal,normal,True,0.9937060374034169,0.0062939625965831025
1701580620.0,normal,normal,True,0.999998572907872,1.4270921280257198e-06
1701580680.0,normal,normal,True,0.9999349922635846,6.500773641537894e-05
1701580740.0,normal,normal,True,0.9997973389056987,0.00020266109430133739
1701580800.0,normal,normal,True,0.9998939691086751,0.00010603089132488197
1701580860.0,normal,normal,True,0.9999864969921162,1.350300788383052e-05
1701580920.0,normal,normal,True,0.9996850266268574,0.00031497337314256857
1701580980.0,normal,normal,True,0.9995452783439936,0.0004547216560063516
1701581040.0,normal,normal,True,0.9999920345205385,7.965479461469194e-06
1701581100.0,normal,normal,True,0.9982613261026562,0.0017386738973438343
1701581160.0,normal,normal,True,0.941686817816037,0.058313182183962975
1701581220.0,normal,normal,True,0.9999944234724001,5.576527599915337e-06
1701581280.0,normal,normal,True,0.9993489697931395,0.0006510302068605256
1701581340.0,normal,normal,True,0.999998068891778,1.9311082219974907e-06
1701581400.0,normal,normal,True,0.8746894561401758,0.1253105438598242
1701581460.0,normal,normal,True,0.9999866826476523,1.3317352347663736e-05
1701581520.0,normal,normal,True,0.9935861141210856,0.006413885878914449
1701581580.0,normal,normal,True,0.9999858056057913,1.4194394208688621e-05
1701581640.0,normal,normal,True,0.9999995107110571,4.89288942917554e-07
1701581700.0,discovery,normal,False,0.9999990300894989,9.699105011362619e-07
1701581760.0,discovery,normal,False,0.8885038217736706,0.1114961782263294
1701581820.0,discovery,normal,False,0.9996855872175279,0.0003144127824721288
1701581880.0,normal,normal,True,0.9953092924753377,0.004690707524662274
1701581940.0,normal,normal,True,0.999963990859624,3.600914037604763e-05
1701582000.0,normal,normal,True,0.9998375936682883,0.00016240633171171748
1701582060.0,normal,normal,True,0.9999975691701491,2.4308298508524118e-06
1701582120.0,normal,normal,True,0.9997873522713124,0.00021264772868756499
1701582180.0,normal,normal,True,0.9999718633271056,2.813667289436328e-05
1701582240.0,normal,normal,True,0.9999395526872806,6.044731271936943e-05
1701582300.0,normal,normal,True,0.9999998453700777,1.5462992231096706e-07
1701582360.0,normal,normal,True,0.9997931107366385,0.00020688926336154267
1701582420.0,normal,normal,True,0.9998755207958309,0.00012447920416913671
1701582480.0,normal,normal,True,0.9999992292898696,7.707101303822128e-07
1701582540.0,normal,normal,True,0.9988933774559964,0.0011066225440036215
1701582600.0,normal,normal,True,0.9994871692191508,0.0005128307808491828
1701582660.0,normal,normal,True,0.9999888904597465,1.1109540253517736e-05
1701582720.0,normal,normal,True,0.9999993852371265,6.147628734964883e-07
1701582780.0,normal,normal,True,0.9999906055472595,9.394452740507653e-06
1701582840.0,normal,normal,True,0.999819711397608,0.00018028860239205358
1701582900.0,normal,normal,True,0.9999915988339996,8.40116600042684e-06
1701582960.0,normal,normal,True,0.9942282140181073,0.005771785981892652
1701583020.0,normal,normal,True,0.9999856644564744,1.4335543525589856e-05
1701583080.0,normal,normal,True,0.9999956641656075,4.335834392521498e-06
1701583140.0,normal,normal,True,0.9999970013267515,2.9986732484887924e-06
1701583200.0,normal,normal,True,0.9999764729621323,2.3527037867676626e-05
1701583260.0,normal,normal,True,0.999999243974125,7.560258750149984e-07
1701583320.0,normal,normal,True,0.9310064120836982,0.06899358791630184
1701583380.0,normal,normal,True,0.9999723239195808,2.767608041920333e-05
1701583440.0,normal,normal,True,0.9999747635752265,2.5236424773478205e-05
1701583500.0,normal,normal,True,0.9943783911373656,0.0056216088626344085
1701583560.0,normal,normal,True,0.9999933017352844,6.698264715554458e-06
1701583620.0,normal,normal,True,0.9999915204925482,8.479507451752966e-06
1701583680.0,normal,normal,True,0.9938522363382671,0.0061477636617328635
1701583740.0,normal,normal,True,0.9956185379684064,0.004381462031593619
1701583800.0,normal,normal,True,0.9837084421915663,0.01629155780843372
1701583860.0,normal,normal,True,0.9999690625700068,3.093742999316085e-05
1701583920.0,normal,normal,True,0.9999974204716457,2.579528354251792e-06
1701583980.0,normal,normal,True,0.9998646516000772,0.00013534839992279668
1701584040.0,normal,normal,True,0.987259272008259,0.012740727991740974
1701584100.0,normal,normal,True,0.9999905316968429,9.468303157067481e-06
1701584160.0,normal,normal,True,0.9999750415298834,2.495847011663166e-05
1701584220.0,normal,normal,True,0.9996883983201469,0.00031160167985311293
1701584280.0,normal,normal,True,0.9999061731538333,9.382684616665582e-05
1701584340.0,normal,normal,True,0.9998837164739214,0.00011628352607861991
1701584400.0,normal,normal,True,0.9999992382003325,7.61799667459151e-07
1701584460.0,normal,normal,True,0.9760567180265852,0.023943281973414776
1701584520.0,normal,normal,True,0.9980865169937205,0.0019134830062794705
1701584580.0,normal,normal,True,0.9999961809631271,3.81903687285412e-06
1701584640.0,normal,normal,True,0.9999996609519893,3.3904801066686474e-07
1701584700.0,normal,normal,True,0.9999970879228922,2.9120771077861818e-06
1701584760.0,discovery,normal,False,0.9999806992214707,1.930077852929646e-05
1701584820.0,discovery,normal,False,0.9999718664450791,2.8133554920928283e-05
1701584880.0,normal,normal,True,0.9999995633639612,4.3663603876975543e-07
1701584940.0,normal,normal,True,0.999999697923468,3.020765320105312e-07
1701585000.0,normal,normal,True,0.9999995575443422,4.4245565777867313e-07
1701585060.0,normal,normal,True,0.9999813413073408,1.8658692659156983e-05
1701585120.0,normal,normal,True,0.9999811307953732,1.8869204626792424e-05
1701585180.0,normal,normal,True,0.999998706707629,1.2932923709740862e-06
1701585240.0,normal,normal,True,0.9999895111323782,1.0488867621782916e-05
1701585300.0,normal,normal,True,0.9983322402903385,0.0016677597096614871
1701585360.0,normal,normal,True,0.9999321409182579,6.785908174211652e-05
1701585420.0,normal,normal,True,0.9999991042811381,8.957188618596845e-07
1701585480.0,normal,normal,True,0.9997730633193729,0.00022693668062712113
1701585540.0,normal,normal,True,0.9999920311909675,7.968809032532498e-06
1701585600.0,normal,normal,True,0.998318531551213,0.0016814684487870268
1701585660.0,normal,normal,True,0.9999983589083807,1.641091619264401e-06
1701585720.0,normal,normal,True,0.9978869551701379,0.0021130448298620763
1701585780.0,normal,normal,True,0.9999102866957601,8.971330423990231e-05
1701585840.0,normal,normal,True,0.9975058183561663,0.0024941816438337483
1701585900.0,normal,normal,True,0.9999975423719937,2.4576280063248745e-06
1701585960.0,normal,normal,True,0.999969887929922,3.011207007797001e-05
1701586020.0,normal,normal,True,0.9999713028685959,2.869713140407626e-05
1701586080.0,normal,normal,True,0.999999769250258,2.3074974198067366e-07
1701586140.0,normal,normal,True,0.9999990104450158,9.895549841765217e-07
1701586200.0,normal,normal,True,0.9999958815849429,4.118415057097202e-06
1701586260.0,normal,normal,True,0.9999968763107093,3.123689290673859e-06
1701586320.0,normal,normal,True,0.9999861727720076,1.3827227992369018e-05
1701586380.0,normal,normal,True,0.999954453908469,4.55460915309569e-05
1701586440.0,normal,normal,True,0.9999948539312034,5.146068796646475e-06
1701586500.0,normal,normal,True,0.9977331773811238,0.0022668226188762297
1701586560.0,normal,normal,True,0.9896323130466167,0.010367686953383304
1701586620.0,normal,normal,True,0.9999996582046631,3.4179533692224595e-07
1701586680.0,normal,normal,True,0.9999943105651561,5.689434843914043e-06
1701586740.0,normal,normal,True,0.9999976423483362,2.357651663786875e-06
1701586800.0,normal,normal,True,0.9999988010050177,1.1989949822988066e-06
1701586860.0,normal,normal,True,0.9992846984400442,0.0007153015599558055
1701586920.0,normal,normal,True,0.9985584743698646,0.0014415256301354429
1701586980.0,normal,normal,True,0.9999075587935402,9.244120645979237e-05
1701587040.0,normal,normal,True,0.9999638383727827,3.616162721731264e-05
1701587100.0,normal,normal,True,0.9938017599198049,0.006198240080195094
1701587160.0,normal,collection,False,0.5151931473752169,0.48480685262478307
1701587220.0,normal,normal,True,0.9986318192673719,0.0013681807326281215
1701587280.0,normal,normal,True,0.9999917307230091,8.269276990935381e-06
1701587340.0,normal,normal,True,0.9998178885578951,0.00018211144210489305
1701587400.0,normal,normal,True,0.9987640873702672,0.0012359126297327716
1701587460.0,normal,normal,True,0.9999998816755837,1.1832441626502543e-07
1701587520.0,normal,normal,True,0.9989168895899971,0.0010831104100028632
1701587580.0,normal,normal,True,0.9993378531155291,0.00066214688447086
1701587640.0,normal,normal,True,0.9999961071202697,3.892879730349463e-06
1701587700.0,normal,normal,True,0.9999081057386732,9.189426132683032e-05
1701587760.0,normal,normal,True,0.9913459483478594,0.008654051652140615
1701587820.0,normal,normal,True,0.9999593411798127,4.065882018733369e-05
1701587880.0,normal,normal,True,0.9999998415101854,1.584898146056446e-07
1701587940.0,normal,normal,True,0.9999875642941072,1.2435705892821503e-05
1701588000.0,normal,normal,True,0.9998275659890489,0.00017243401095112798
1701588060.0,normal,normal,True,0.9999998175102562,1.8248974376078309e-07
1701588120.0,normal,normal,True,0.9999999385087839,6.149121611898067e-08
1701588180.0,normal,normal,True,0.9999976466149825,2.3533850175283533e-06
1701588240.0,discovery,normal,False,0.9997917618768357,0.0002082381231642838
1701588300.0,discovery,normal,False,0.9933086537370759,0.006691346262924114
1701588360.0,discovery,normal,False,0.8036202704432146,0.1963797295567854
1701588420.0,normal,normal,True,0.9999983373473342,1.6626526657681495e-06
1701588480.0,normal,normal,True,0.9999776613682646,2.2338631735396852e-05
1701588540.0,normal,normal,True,0.9999925692994217,7.430700578292537e-06
1701588600.0,normal,normal,True,0.9999997837629307,2.1623706925044672e-07
1701588660.0,normal,normal,True,0.9999942740336489,5.7259663510667025e-06
1701588720.0,normal,normal,True,0.9998181242097135,0.00018187579028650092
1701588780.0,normal,normal,True,0.99998928789568,1.0712104320020899e-05
1701588840.0,normal,normal,True,0.9997486137465422,0.0002513862534577749
1701588900.0,normal,normal,True,0.9999533955233746,4.660447662541145e-05
1701588960.0,normal,normal,True,0.9999713625579155,2.863744208447816e-05
1701589020.0,normal,normal,True,0.9999978386898015,2.1613101984785388e-06
1701589080.0,normal,normal,True,0.9999999792598788,2.0740121176032744e-08
1701589140.0,normal,normal,True,0.9999999598952087,4.0104791265704876e-08
1701589200.0,normal,normal,True,0.9999667907960822,3.3209203917805574e-05
1701589260.0,normal,normal,True,0.9999584218100117,4.157818998828944e-05
1701589320.0,normal,normal,True,0.9999788284420936,2.117155790637426e-05
1701589380.0,normal,normal,True,0.9999658038165442,3.419618345579245e-05
1701589440.0,normal,normal,True,0.9999994478781256,5.521218744419798e-07
1701589500.0,normal,normal,True,0.9999974530931254,2.5469068746231116e-06
1701589560.0,normal,normal,True,0.9999969075851609,3.092414839089841e-06
1701589620.0,normal,normal,True,0.9997725205407553,0.00022747945924472823
1701589680.0,normal,normal,True,0.9997366711833217,0.0002633288166783432
1701589740.0,normal,normal,True,0.9993501697686024,0.0006498302313976412
1701589800.0,normal,normal,True,0.9992750028993961,0.0007249971006039191
1701589860.0,normal,normal,True,0.9999362546024116,6.374539758835507e-05
1701589920.0,normal,normal,True,0.9999702595502669,2.974044973313994e-05
1701589980.0,normal,normal,True,0.9998201664296285,0.0001798335703715459
1701590040.0,normal,normal,True,0.9970078919350019,0.002992108064998056
1701590100.0,normal,normal,True,0.9999959691913918,4.0308086082241346e-06
1701590160.0,normal,normal,True,0.9981086484990872,0.0018913515009127968
1701590220.0,normal,normal,True,0.9994729439196766,0.0005270560803234403
1701590280.0,normal,normal,True,0.99994241533449,5.758466550997987e-05
1701590340.0,normal,normal,True,0.9376496022994958,0.06235039770050421
1701590400.0,normal,normal,True,0.6819748793113679,0.3180251206886321
1701590460.0,normal,normal,True,0.9999677468212144,3.225317878563505e-05
1701590520.0,normal,normal,True,0.9999206862407424,7.931375925762651e-05
1701590580.0,normal,normal,True,0.9998514654563125,0.00014853454368746188
1701590640.0,normal,normal,True,0.9999580545792759,4.1945420724109894e-05
1701590700.0,normal,normal,True,0.9999990152540205,9.847459795375713e-07
1701590760.0,normal,normal,True,0.998589690810192,0.0014103091898080011
1701590820.0,normal,normal,True,0.9999999363070619,6.369293814589838e-08
1701590880.0,normal,normal,True,0.9999960762833012,3.923716698772672e-06
1701590940.0,normal,normal,True,0.999998387067958,1.6129320420388282e-06
1701591000.0,normal,normal,True,0.9999983551501473,1.644849852655561e-06
1701591060.0,normal,normal,True,0.9999886795892298,1.1320410770232492e-05
1701591120.0,normal,normal,True,0.9999996188789391,3.8112106093279863e-07
1701591180.0,normal,normal,True,0.9999950540834532,4.945916546761353e-06
1701591240.0,normal,normal,True,0.999999801754708,1.9824529196021956e-07
1701591300.0,normal,normal,True,0.9998802027432859,0.00011979725671407149
1701591360.0,normal,normal,True,0.9999820943835056,1.7905616494395815e-05
1701591420.0,normal,normal,True,0.9999962826363537,3.7173636463494475e-06
1701591480.0,persistence,normal,False,0.5501050915120193,0.44989490848798075
1701591540.0,persistence,normal,False,0.9964196457382106,0.0035803542617893758
1701591600.0,normal,normal,True,0.9998815024468405,0.00011849755315951338
1701591660.0,normal,normal,True,0.999998444949819,1.5550501809569184e-06
1701591720.0,normal,normal,True,0.999998415514232,1.584485768035826e-06
1701591780.0,normal,normal,True,0.9999879341020322,1.2065897967761252e-05
1701591840.0,normal,normal,True,0.9988105102414155,0.001189489758584461
1701591900.0,normal,normal,True,0.9955971699723154,0.004402830027684601
1701591960.0,normal,normal,True,0.9999733958866909,2.6604113309125488e-05
1701592020.0,normal,normal,True,0.9999967495678106,3.250432189405572e-06
1701592080.0,normal,normal,True,0.9999985428544546,1.4571455454470694e-06
1701592140.0,normal,normal,True,0.99999985250025,1.474997499695263e-07
1701592200.0,normal,normal,True,0.9997612455594771,0.00023875444052290362
1701592260.0,normal,normal,True,0.9999893329764583,1.0667023541688359e-05
1701592320.0,normal,normal,True,0.9999994646339492,5.353660508244928e-07
1701592380.0,normal,normal,True,0.8416996411263347,0.15830035887366534
1701592440.0,normal,normal,True,0.8147708265786888,0.18522917342131118
1701592500.0,normal,normal,True,0.9999953585851412,4.641414858785886e-06
1701592560.0,normal,normal,True,0.999903428810572,9.657118942796306e-05
1701592620.0,normal,normal,True,0.9999990539163359,9.460836640773351e-07
1701592680.0,normal,normal,True,0.9996928306735507,0.00030716932644925254
1701592740.0,normal,normal,True,0.977963871821296,0.02203612817870404
1701592800.0,normal,normal,True,0.9947652398736915,0.005234760126308524
1701592860.0,normal,normal,True,0.999954470519054,4.552948094604936e-05
1701592920.0,normal,normal,True,0.9698904536868409,0.030109546313159097
1701592980.0,normal,normal,True,0.9999985710193816,1.428980618389808e-06
1701593040.0,normal,collection,False,0.5114806089503809,0.48851939104961906
1701593100.0,normal,normal,True,0.9990252024332735,0.0009747975667264708
1701593160.0,normal,normal,True,0.9999842344740183,1.5765525981703554e-05
1701593220.0,normal,normal,True,0.9686314057224581,0.031368594277541906
1701593280.0,normal,normal,True,0.9959349402649879,0.004065059735012144
1701593340.0,normal,normal,True,0.9852205492114212,0.014779450788578785
1701593400.0,normal,normal,True,0.6801747749453709,0.31982522505462907
1701593460.0,normal,normal,True,0.9999968614838157,3.1385161842756304e-06
1701593520.0,normal,normal,True,0.9999858062098129,1.4193790187078115e-05
1701593580.0,normal,normal,True,0.9999999410915733,5.890842669220575e-08
1701593640.0,normal,normal,True,0.999999616406584,3.835934160312249e-07
1701593700.0,normal,normal,True,0.9999932049845822,6.7950154177820465e-06
1701593760.0,normal,normal,True,0.9991910669154295,0.0008089330845705289
1701593820.0,normal,normal,True,0.9999990206558756,9.793441243521883e-07
1701593880.0,normal,normal,True,0.9995911882249284,0.0004088117750715714
1701593940.0,normal,normal,True,0.999934105006358,6.589499364195728e-05
1701594000.0,normal,normal,True,0.9999516797263209,4.832027367906999e-05
1701594060.0,normal,normal,True,0.9999969217212396,3.0782787604488604e-06
1701594120.0,normal,normal,True,0.9995694807307467,0.0004305192692533044
1701594180.0,normal,normal,True,0.9999989468317529,1.0531682470560355e-06
1701594240.0,normal,normal,True,0.9999999166320176,8.336798240637933e-08
1701594300.0,normal,normal,True,0.9999958249946432,4.1750053567657375e-06
1701594360.0,normal,normal,True,0.9989050278080626,0.0010949721919374378
1701594420.0,normal,normal,True,0.9999669186791124,3.308132088764015e-05
1701594480.0,normal,normal,True,0.9999978430720528,2.156927947249976e-06
1701594540.0,normal,normal,True,0.9999828757353275,1.7124264672485623e-05
1701594600.0,normal,normal,True,0.9947195932251758,0.00528040677482422
1701594660.0,normal,normal,True,0.9999990273410192,9.726589808023434e-07
1701594720.0,normal,normal,True,0.9999988623933133,1.1376066867407886e-06
1701594780.0,normal,normal,True,0.9998960821793037,0.00010391782069629762
1701594840.0,normal,normal,True,0.9999597608542791,4.023914572093279e-05
1701594900.0,persistence,normal,False,0.9999996040064327,3.959935672703807e-07
1701594960.0,credential_access,normal,False,0.9999427751161442,5.722488385584423e-05
1701595020.0,credential_access,normal,False,0.9761246134499589,0.023875386550041067
1701595080.0,normal,normal,True,0.9919492861956698,0.0080507138043302
1701595140.0,normal,normal,True,0.9999997126819591,2.873180409146414e-07
1701595200.0,normal,normal,True,0.9999617991651701,3.820083482986014e-05
1701595260.0,normal,normal,True,0.9999953457386497,4.654261350323097e-06
1701595320.0,normal,normal,True,0.9997503880827193,0.0002496119172806788
1701595380.0,normal,normal,True,0.9986762486191314,0.0013237513808685986
1701595440.0,normal,normal,True,0.9999902507234679,9.749276532078355e-06
1701595500.0,normal,normal,True,0.9999650900656577,3.490993434229761e-05
1701595560.0,normal,normal,True,0.9998702369034572,0.00012976309654277873
1701595620.0,normal,normal,True,0.9998497410168087,0.00015025898319132036
1701595680.0,normal,normal,True,0.9999628108021386,3.718919786144248e-05
1701595740.0,normal,normal,True,0.9999989202790095,1.0797209905044625e-06
1701595800.0,normal,normal,True,0.9999660395981484,3.396040185155158e-05
1701595860.0,normal,normal,True,0.9972570614885767,0.002742938511423265
1701595920.0,normal,normal,True,0.9458227292227521,0.05417727077724788
1701595980.0,normal,normal,True,0.9999679761228418,3.2023877158171565e-05
1701596040.0,normal,normal,True,0.9999998253894099,1.7461059009793445e-07
1701596100.0,normal,normal,True,0.9998745533438574,0.00012544665614255823
1701596160.0,normal,normal,True,0.9996856684528934,0.0003143315471065833
1701596220.0,normal,normal,True,0.9999998832629046,1.1673709543469357e-07
1701596280.0,normal,normal,True,0.9999906464399518,9.353560048164233e-06
1701596340.0,normal,normal,True,0.9999796839212356,2.031607876440411e-05
1701596400.0,normal,normal,True,0.9944573894240819,0.005542610575918094
1701596460.0,normal,normal,True,0.9998767546842761,0.00012324531572394104
1701596520.0,normal,normal,True,0.999436993930942,0.0005630060690580141
1701596580.0,normal,normal,True,0.999999266801433,7.331985669711827e-07
1701596640.0,normal,normal,True,0.9999396750083611,6.032499163888261e-05
1701596700.0,normal,normal,True,0.9999977294182502,2.270581749841405e-06
1701596760.0,normal,normal,True,0.999998046802757,1.9531972430542055e-06
1701596820.0,normal,normal,True,0.9999984615077135,1.5384922864569717e-06
1701596880.0,normal,normal,True,0.9999986826561659,1.3173438341285149e-06
1701596940.0,normal,normal,True,0.9999990576916977,9.423083022763734e-07
1701597000.0,normal,normal,True,0.9998949639912958,0.00010503600870415131
1701597060.0,normal,normal,True,0.9999826617956847,1.7338204315264782e-05
1701597120.0,normal,normal,True,0.9999454023442633,5.459765573667674e-05
1701597180.0,normal,normal,True,0.999998106099822,1.8939001780182707e-06
1701597240.0,normal,normal,True,0.9999980704696224,1.9295303775868078e-06
1701597300.0,normal,normal,True,0.9999683452567765,3.1654743223530346e-05
1701597360.0,normal,normal,True,0.9999718427257165,2.8157274283513445e-05
1701597420.0,normal,normal,True,0.9999966607916101,3.339208389907533e-06
1701597480.0,normal,normal,True,0.9999938836089279,6.116391072064076e-06
1701597540.0,normal,normal,True,0.9999963525190309,3.6474809691489085e-06
1701597600.0,normal,normal,True,0.9999209086938501,7.909130614991433e-05
1701597660.0,normal,normal,True,0.9992344981135938,0.000765501886406228
1701597720.0,normal,normal,True,0.9999964817387413,3.5182612586615036e-06
1701597780.0,normal,normal,True,0.9999991039267535,8.960732464924348e-07
1701597840.0,normal,normal,True,0.9999994916634274,5.083365726132882e-07
1701597900.0,normal,normal,True,0.9999938087788905,6.191221109452805e-06
1701597960.0,normal,normal,True,0.9999992503301112,7.496698888331821e-07
1701598020.0,normal,normal,True,0.9999963619997357,3.6380002642610876e-06
1701598080.0,normal,normal,True,0.9999507646673661,4.923533263390123e-05
1701598140.0,normal,normal,True,0.9981090973824801,0.0018909026175198962
1701598200.0,normal,normal,True,0.9998604224937703,0.00013957750622972664
1701598260.0,normal,normal,True,0.9995265126003712,0.0004734873996288247
1701598320.0,normal,normal,True,0.9999471776056134,5.282239438664238e-05
1701598380.0,normal,normal,True,0.9999877891293352,1.2210870664830509e-05
1701598440.0,normal,normal,True,0.8349734532975771,0.1650265467024229
1701598500.0,normal,normal,True,0.9992385939226106,0.0007614060773893927
1701598560.0,normal,normal,True,0.9810293912123764,0.018970608787623577
1701598620.0,normal,normal,True,0.9999890751015721,1.092489842791089e-05
1701598680.0,normal,normal,True,0.9996194931856989,0.0003805068143011292
1701598740.0,normal,normal,True,0.9999911973260585,8.80267394154366e-06
1701598800.0,normal,normal,True,0.9999836236430477,1.6376356952285676e-05
1701598860.0,normal,normal,True,0.9998215130197932,0.00017848698020683784
1701598920.0,normal,collection,False,0.6122577835586503,0.38774221644134965
1701598980.0,normal,normal,True,0.9962752450467205,0.0037247549532795077
1701599040.0,normal,collection,False,0.591387424813796,0.408612575186204
1701599100.0,normal,normal,True,0.9999992479082044,7.52091795619414e-07
1701599160.0,normal,normal,True,0.8948721589579067,0.10512784104209327
1701599220.0,normal,normal,True,0.9999962304848109,3.769515189100403e-06
1701599280.0,normal,normal,True,0.9996273004867419,0.00037269951325813455
1701599340.0,credential_access,normal,False,0.9999996666100376,3.3338996241472074e-07
1701599400.0,command_and_control,normal,False,0.9028353755962367,0.09716462440376328
1701599460.0,command_and_control,normal,False,0.9988456547405498,0.0011543452594502401
1701599520.0,normal,normal,True,0.9987903305432891,0.0012096694567108601
1701599580.0,normal,normal,True,0.9999934964788563,6.5035211437303175e-06
1701599640.0,normal,normal,True,0.9944224830179406,0.005577516982059438
1701599700.0,normal,normal,True,0.9997855489687771,0.00021445103122286202
1701599760.0,normal,normal,True,0.9999994842621269,5.157378730746842e-07
1701599820.0,normal,normal,True,0.9999986079038222,1.3920961777769136e-06
1701599880.0,normal,normal,True,0.9999955136671743,4.4863328256816715e-06
1701599940.0,normal,normal,True,0.9999998062609055,1.9373909454500904e-07
1701600000.0,normal,normal,True,0.9999885770613869,1.142293861311483e-05
1701600060.0,normal,normal,True,0.9999966799453527,3.3200546473155512e-06
1701600120.0,normal,normal,True,0.9995437809724659,0.0004562190275341216
1701600180.0,normal,normal,True,0.9999973213047691,2.678695230851069e-06
1701600240.0,normal,normal,True,0.9999854600810932,1.4539918906764093e-05
1701600300.0,normal,normal,True,0.9999984956673645,1.504332635460237e-06
1701600360.0,normal,normal,True,0.9999905587069898,9.441293010170604e-06
1701600420.0,normal,normal,True,0.9999993139089274,6.860910726214087e-07
1701600480.0,normal,normal,True,0.9999945816938113,5.418306188720301e-06
1701600540.0,normal,normal,True,0.9999965059876709,3.4940123291304914e-06
1701600600.0,normal,normal,True,0.9814195165327922,0.018580483467207753
1701600660.0,normal,normal,True,0.9999979299380463,2.0700619537405984e-06
1701600720.0,normal,normal,True,0.9994490898007241,0.0005509101992758891
1701600780.0,normal,normal,True,0.9999789458658455,2.105413415454116e-05
1701600840.0,normal,normal,True,0.9999937491668798,6.250833120224897e-06
1701600900.0,normal,normal,True,0.9992568742494471,0.0007431257505529087
1701600960.0,normal,normal,True,0.9999304204334408,6.957956655917474e-05
1701601020.0,normal,normal,True,0.9876489936831173,0.012351006316882684
1701601080.0,normal,normal,True,0.8312841500195282,0.16871584998047184
1701601140.0,normal,normal,True,0.9999998888866063,1.1111339370817319e-07
1701601200.0,normal,normal,True,0.999999535962937,4.6403706299713576e-07
1701601260.0,normal,normal,True,0.9999694127341862,3.0587265813841746e-05
1701601320.0,normal,normal,True,0.8726525229770892,0.12734747702291083
1701601380.0,normal,collection,False,0.4431312872790028,0.5568687127209972
1701601440.0,normal,normal,True,0.9973202829898042,0.002679717010195759
1701601500.0,normal,normal,True,0.9999616522814063,3.834771859367869e-05
1701601560.0,normal,normal,True,0.9999328866562811,6.711334371889421e-05
1701601620.0,normal,normal,True,0.999972459890793,2.7540109207024877e-05
1701601680.0,normal,normal,True,0.9999845319535647,1.5468046435263005e-05
1701601740.0,normal,normal,True,0.9989553028303152,0.001044697169684805
1701601800.0,normal,normal,True,0.9999343274123695,6.567258763046091e-05
1701601860.0,normal,normal,True,0.9866849834816539,0.013315016518346101
1701601920.0,normal,normal,True,0.9986227448592945,0.0013772551407055245
1701601980.0,normal,normal,True,0.9997700985938154,0.0002299014061846183
1701602040.0,normal,normal,True,0.9999913211910583,8.67880894173112e-06
1701602100.0,normal,normal,True,0.9999981113000276,1.8886999724188058e-06
1701602160.0,normal,normal,True,0.9998752953808709,0.00012470461912905684
1701602220.0,normal,normal,True,0.9999986403020062,1.3596979937524623e-06
1701602280.0,normal,normal,True,0.9995062331204889,0.0004937668795110817
1701602340.0,normal,normal,True,0.9999981509801329,1.849019867106172e-06
1701602400.0,normal,normal,True,0.9992858407153503,0.0007141592846496847
1701602460.0,normal,normal,True,0.9998196709638737,0.00018032903612630324
1701602520.0,normal,normal,True,0.9992779494655671,0.0007220505344328609
1701602580.0,normal,normal,True,0.9999896611612575,1.0338838742462997e-05
1701602640.0,normal,normal,True,0.9991747112337003,0.0008252887662997255
1701602700.0,normal,normal,True,0.9999846805171543,1.5319482845721488e-05
1701602760.0,normal,normal,True,0.99999884765166,1.1523483399722423e-06
1701602820.0,normal,normal,True,0.9999993284840103,6.715159897030532e-07
1701602880.0,normal,normal,True,0.9999999400855426,5.991445739539358e-08
1701602940.0,normal,normal,True,0.9999960888489127,3.911151087332421e-06
1701603000.0,normal,normal,True,0.99996783060397,3.21693960300129e-05
1701603060.0,normal,normal,True,0.999993031462009,6.968537990981183e-06
1701603120.0,normal,normal,True,0.9999996214654584,3.785345416007502e-07
1701603180.0,normal,normal,True,0.9999986782495143,1.3217504857276907e-06
1701603240.0,normal,normal,True,0.9999105998435623,8.940015643765786e-05
1701603300.0,normal,normal,True,0.9999940910317839,5.908968216061794e-06
1701603360.0,normal,normal,True,0.9999383528836042,6.164711639577991e-05
1701603420.0,command_and_control,normal,False,0.9878544221194475,0.012145577880552483
1701603480.0,credential_access,normal,False,0.8110597637238808,0.18894023627611922
1701603540.0,normal,normal,True,0.9982404318547393,0.0017595681452606815
1701603600.0,normal,normal,True,0.9999397077772565,6.029222274350765e-05
1701603660.0,normal,normal,True,0.9841651610816192,0.015834838918380778
1701603720.0,normal,normal,True,0.993007441657432,0.006992558342567956
1701603780.0,normal,normal,True,0.9998393577643778,0.00016064223562217705
1701603840.0,normal,normal,True,0.9999856837563993,1.4316243600709377e-05
1701603900.0,normal,normal,True,0.9999986790479524,1.3209520476342718e-06
1701603960.0,normal,normal,True,0.9999848036649446,1.519633505542295e-05
1701604020.0,normal,normal,True,0.997056883535667,0.0029431164643329843
1701604080.0,normal,normal,True,0.9997578600496868,0.00024213995031319158
1701604140.0,normal,normal,True,0.9998845391279673,0.00011546087203273547
1701604200.0,normal,normal,True,0.9903198117154413,0.009680188284558744
1701604260.0,normal,normal,True,0.9823871898106408,0.01761281018935923
1701604320.0,normal,normal,True,0.9918522587700185,0.00814774122998152
1701604380.0,normal,normal,True,0.985684502628635,0.01431549737136495
1701604440.0,normal,normal,True,0.9993515775032805,0.0006484224967194807
1701604500.0,normal,normal,True,0.9994902382075321,0.0005097617924678666
1701604560.0,normal,normal,True,0.9999994327187315,5.672812685153517e-07
1701604620.0,normal,normal,True,0.9999745118442561,2.5488155743880192e-05
1701604680.0,normal,normal,True,0.9997828982850118,0.0002171017149882326
1701604740.0,normal,normal,True,0.9999300784550044,6.992154499563252e-05
1701604800.0,normal,normal,True,0.9999993506603679,6.493396320639278e-07
1701604860.0,normal,normal,True,0.9998521540446095,0.00014784595539052425
1701604920.0,normal,collection,False,0.4633460363814087,0.5366539636185913
1701604980.0,normal,normal,True,0.9999950578001172,4.94219988278477e-06
1701605040.0,normal,normal,True,0.9999883005967731,1.1699403226872462e-05
1701605100.0,normal,normal,True,0.9999962734801936,3.726519806401818e-06
1701605160.0,normal,normal,True,0.9999817138872842,1.828611271581515e-05
1701605220.0,normal,normal,True,0.9999931707379477,6.82926205231027e-06
1701605280.0,normal,normal,True,0.9999979654091871,2.0345908129382195e-06
1701605340.0,normal,normal,True,0.9997763866404177,0.00022361335958231976
1701605400.0,normal,normal,True,0.999991277001826,8.72299817400446e-06
1701605460.0,normal,normal,True,0.999991963155555,8.036844444947455e-06
1701605520.0,normal,normal,True,0.9999970151001717,2.984899828306631e-06
1701605580.0,normal,normal,True,0.9996779735514487,0.0003220264485512825
1701605640.0,normal,normal,True,0.9994132105565801,0.0005867894434199439
1701605700.0,normal,normal,True,0.9999816823347426,1.8317665257394644e-05
1701605760.0,normal,normal,True,0.9999596197553194,4.038024468056012e-05
1701605820.0,normal,normal,True,0.9999890725737998,1.092742620023568e-05
1701605880.0,normal,normal,True,0.9826052619915387,0.017394738008461252
1701605940.0,normal,normal,True,0.9999661047625052,3.3895237494752095e-05
1701606000.0,normal,normal,True,0.9999996992203696,3.0077963042440814e-07
1701606060.0,normal,normal,True,0.9869739543302296,0.013026045669770392
1701606120.0,normal,normal,True,0.9999984793829458,1.5206170541626207e-06
1701606180.0,normal,normal,True,0.9978993334069638,0.0021006665930362045
1701606240.0,normal,normal,True,0.9999585127302482,4.1487269751838696e-05
1701606300.0,normal,normal,True,0.9999992275873109,7.72412689142854e-07
1701606360.0,normal,normal,True,0.9999671166055684,3.288339443163757e-05
1701606420.0,normal,normal,True,0.9999953166105888,4.683389411175298e-06
1701606480.0,normal,normal,True,0.9998677438430441,0.00013225615695589
1701606540.0,normal,normal,True,0.999995299442178,4.700557821979423e-06
1701606600.0,normal,normal,True,0.9999935642899818,6.435710018237728e-06
1701606660.0,normal,normal,True,0.9999858676886287,1.413231137126214e-05
1701606720.0,normal,normal,True,0.9999986842648477,1.3157351522741223e-06
1701606780.0,normal,normal,True,0.9999935574784256,6.442521574445692e-06
1701606840.0,normal,normal,True,0.9999973576405404,2.6423594595703648e-06
1701606900.0,normal,normal,True,0.9999590426837525,4.095731624753629e-05
1701606960.0,normal,normal,True,0.969826897875866,0.030173102124134044
1701607020.0,normal,normal,True,0.9999749924885457,2.5007511454289144e-05
1701607080.0,normal,normal,True,0.6693635349379083,0.33063646506209166
1701607140.0,normal,normal,True,0.9997502794569357,0.00024972054306426905
1701607200.0,credential_access,normal,False,0.9967746694033894,0.003225330596610565
1701607260.0,credential_access,normal,False,0.9976924545622657,0.0023075454377342597
1701607320.0,credential_access,collection,False,0.7022469099885893,0.2977530900114107
1701607380.0,normal,collection,False,0.7433364748188216,0.2566635251811784
1701607440.0,normal,normal,True,0.9457649139477058,0.05423508605229421
1701607500.0,normal,normal,True,0.9999985035241187,1.4964758813240664e-06
1701607560.0,normal,normal,True,0.9999760984276345,2.3901572365536694e-05
1701607620.0,normal,normal,True,0.999895882406966,0.00010411759303396995
1701607680.0,normal,normal,True,0.9999977565423375,2.243457662531867e-06
1701607740.0,normal,normal,True,0.9999846374090756,1.5362590924383746e-05
1701607800.0,normal,normal,True,0.9998349656986729,0.00016503430132708274
1701607860.0,normal,normal,True,0.9999968933785388,3.106621461190784e-06
1701607920.0,normal,normal,True,0.9999988304641223,1.1695358776986353e-06
1701607980.0,normal,normal,True,0.9999985422403047,1.4577596952891625e-06
1701608040.0,normal,normal,True,0.9999966160411183,3.3839588816642063e-06
1701608100.0,normal,normal,True,0.9999971159046392,2.884095360755623e-06
1701608160.0,normal,normal,True,0.9999366359610817,6.33640389182677e-05
1701608220.0,normal,normal,True,0.9999198295274644,8.017047253561227e-05
1701608280.0,normal,normal,True,0.9999987179576152,1.2820423848092233e-06
1701608340.0,normal,normal,True,0.9998766273943899,0.00012337260561012808
1701608400.0,normal,normal,True,0.9999593703594778,4.062964052220508e-05
1701608460.0,normal,normal,True,0.9999987965399572,1.2034600428423303e-06
1701608520.0,normal,normal,True,0.999997855582758,2.1444172420004293e-06
1701608580.0,normal,normal,True,0.9985631017415273,0.0014368982584727075
1701608640.0,normal,normal,True,0.9999983399949457,1.6600050543047473e-06
1701608700.0,normal,normal,True,0.999855588970196,0.00014441102980400355
1701608760.0,normal,normal,True,0.999995862744288,4.137255712022281e-06
1701608820.0,normal,normal,True,0.9999764370039952,2.3562996004811154e-05
1701608880.0,normal,normal,True,0.9999570162836442,4.2983716355804447e-05
1701608940.0,normal,normal,True,0.9999925661972058,7.433802794221123e-06
1701609000.0,normal,normal,True,0.9999098424943127,9.015750568730496e-05
1701609060.0,normal,normal,True,0.999999529178926,4.7082107401674733e-07
1701609120.0,normal,normal,True,0.9999030466583416,9.695334165837899e-05
1701609180.0,normal,normal,True,0.9999998282801488,1.717198512274365e-07
1701609240.0,normal,normal,True,0.9999999232576807,7.674231927712327e-08
1701609300.0,normal,normal,True,0.9998284329973338,0.0001715670026661842
1701609360.0,normal,normal,True,0.9999978080161078,2.191983892174676e-06
1701609420.0,normal,normal,True,0.9999992824624085,7.175375914547644e-07
1701609480.0,normal,normal,True,0.9999812633198361,1.8736680163944364e-05
1701609540.0,normal,normal,True,0.9988216614956452,0.0011783385043547812
1701609600.0,normal,normal,True,0.9999947173340952,5.282665904826622e-06
1701609660.0,normal,normal,True,0.9999258120954779,7.418790452207169e-05
1701609720.0,normal,normal,True,0.9994509344451764,0.0005490655548235912
1701609780.0,normal,normal,True,0.9999986548457447,1.3451542553166718e-06
1701609840.0,normal,normal,True,0.9999943413869424,5.658613057568651e-06
1701609900.0,normal,normal,True,0.9999565382304664,4.3461769533625905e-05
1701609960.0,normal,normal,True,0.9999922359528819,7.764047118108408e-06
1701610020.0,normal,normal,True,0.9999953159918238,4.684008176214505e-06
1701610080.0,normal,normal,True,0.9999574996216146,4.2500378385379456e-05
1701610140.0,normal,normal,True,0.9999632088453959,3.679115460408777e-05
1701610200.0,normal,normal,True,0.9993797792005323,0.0006202207994676634
1701610260.0,normal,normal,True,0.9908006939462585,0.00919930605374153
1701610320.0,normal,normal,True,0.9963147388640019,0.003685261135998097
1701610380.0,collection,collection,True,0.6719616303758216,0.3280383696241784
1701610440.0,collection,collection,True,0.9156917728630076,0.08430822713699238
1701610500.0,normal,normal,True,0.9990047464292476,0.0009952535707523635
1701610560.0,normal,collection,False,0.5458679048755988,0.4541320951244012
1701610620.0,normal,normal,True,0.9919368032344024,0.008063196765597636
1701610680.0,normal,normal,True,0.9991754424030485,0.0008245575969515473
1701610740.0,normal,normal,True,0.9999642802520714,3.5719747928597556e-05
1701610800.0,normal,normal,True,0.9999410193357766,5.898066422338477e-05
1701610860.0,normal,normal,True,0.9999996360259865,3.639740134842029e-07
1701610920.0,normal,normal,True,0.9999982180950817,1.7819049182854485e-06
1701610980.0,normal,normal,True,0.9999514817668553,4.851823314466763e-05
1701611040.0,normal,normal,True,0.9353748099502768,0.06462519004972322
1701611100.0,normal,normal,True,0.9999998352758381,1.6472416186630312e-07
1701611160.0,normal,normal,True,0.9978996157020452,0.0021003842979547827
1701611220.0,normal,normal,True,0.9999459649610904,5.403503890955008e-05
1701611280.0,normal,normal,True,0.9999988843524045,1.1156475955287348e-06
1701611340.0,normal,normal,True,0.9999996866699887,3.133300112700965e-07
1701611400.0,normal,normal,True,0.9999999702539686,2.9746031415811558e-08
1701611460.0,normal,normal,True,0.9999680131119666,3.1986888033408434e-05
1701611520.0,normal,normal,True,0.999998966934519,1.033065481048645e-06
1701611580.0,normal,normal,True,0.9999938642012475,6.135798752526789e-06
1701611640.0,normal,normal,True,0.9999846821760457,1.531782395425285e-05
1701611700.0,normal,normal,True,0.9999993536982328,6.463017672153626e-07
1701611760.0,normal,normal,True,0.9999989989936385,1.0010063614673825e-06
1701611820.0,normal,normal,True,0.9999995194766054,4.805233946303389e-07
1701611880.0,normal,normal,True,0.9999962351695746,3.7648304254123133e-06
1701611940.0,normal,normal,True,0.9999997316748283,2.6832517174835147e-07
1701612000.0,normal,normal,True,0.9999934442438753,6.555756124737577e-06
1701612060.0,normal,normal,True,0.9990383187255493,0.0009616812744507319
1701612120.0,normal,normal,True,0.9999973899421747,2.610057825314094e-06
1701612180.0,normal,normal,True,0.9999997445298712,2.5547012882931597e-07
1701612240.0,normal,normal,True,0.9987502221624104,0.0012497778375896162
1701612300.0,normal,normal,True,0.9598868142580566,0.04011318574194345
1701612360.0,normal,normal,True,0.9999089017537248,9.10982462751786e-05
1701612420.0,normal,normal,True,0.9999965569354397,3.4430645603489296e-06
1701612480.0,normal,normal,True,0.9997005741832901,0.00029942581670994173
1701612540.0,normal,normal,True,0.9991548030977784,0.0008451969022216232
1701612600.0,normal,normal,True,0.9999969158612185,3.084138781472845e-06
1701612660.0,normal,normal,True,0.9999994284618996,5.715381004023357e-07
1701612720.0,normal,normal,True,0.999436330484338,0.000563669515662002
1701612780.0,normal,normal,True,0.9996691046655969,0.00033089533440311403
1701612840.0,normal,normal,True,0.9999202970484055,7.970295159454022e-05
1701612900.0,normal,normal,True,0.9864065210458268,0.013593478954173177
1701612960.0,normal,normal,True,0.99884985630552,0.001150143694479966
1701613020.0,normal,normal,True,0.9996163353909018,0.0003836646090982221
1701613080.0,normal,collection,False,0.7429938752067097,0.2570061247932903
1701613140.0,normal,normal,True,0.9999971938602737,2.8061397262524324e-06
1701613200.0,normal,normal,True,0.9999833946570272,1.660534297276417e-05
1701613260.0,normal,normal,True,0.9245987464078619,0.07540125359213812
1701613320.0,normal,normal,True,0.999977194403278,2.280559672196425e-05
1701613380.0,normal,normal,True,0.9999932306249272,6.7693750728237134e-06
1701613440.0,normal,normal,True,0.9995044563583734,0.0004955436416266279
1701613500.0,normal,normal,True,0.9999660833640011,3.39166359989429e-05
1701613560.0,normal,normal,True,0.999993731340433,6.268659566988077e-06
1701613620.0,normal,normal,True,0.9999977084789502,2.2915210498020144e-06
1701613680.0,normal,normal,True,0.9999392302698896,6.076973011037712e-05
1701613740.0,normal,normal,True,0.9999997629713528,2.370286471542471e-07
1701613800.0,normal,normal,True,0.9999992663777431,7.336222569431783e-07
1701613860.0,normal,normal,True,0.9999994432419157,5.567580843024444e-07
1701613920.0,normal,normal,True,0.9998848461832852,0.00011515381671478586
1701613980.0,normal,normal,True,0.9997548709364696,0.00024512906353035824
1701614040.0,normal,normal,True,0.9999916884765735,8.311523426507428e-06
1701614100.0,normal,normal,True,0.9999511245813533,4.887541864673217e-05
1701614160.0,normal,normal,True,0.999994000196843,5.999803156964134e-06
1701614220.0,normal,normal,True,0.9989482814226662,0.0010517185773337712
1701614280.0,normal,normal,True,0.9994980284307586,0.0005019715692413662
1701614340.0,normal,normal,True,0.9978908647408999,0.002109135259100059
1701614400.0,normal,normal,True,0.9987303749010339,0.0012696250989661095
1701614460.0,normal,normal,True,0.9999994221221629,5.77877837137919e-07
1701614520.0,collection,normal,False,0.9999997685640478,2.3143595218044766e-07
1701614580.0,collection,collection,True,0.6230478149316848,0.3769521850683152
1701614640.0,normal,normal,True,0.9994859548730254,0.000514045126974616
1701614700.0,normal,normal,True,0.9999213753188955,7.862468110453324e-05
1701614760.0,normal,normal,True,0.999998382952606,1.6170473939869368e-06
1701614820.0,normal,normal,True,0.9999992542293883,7.457706117097729e-07
1701614880.0,normal,normal,True,0.99996306498305,3.693501695001267e-05
1701614940.0,normal,normal,True,0.9999302215820363,6.977841796373951e-05
1701615000.0,normal,normal,True,0.9999987085291268,1.2914708732436608e-06
1701615060.0,normal,normal,True,0.9999982259005646,1.774099435358778e-06
1701615120.0,normal,normal,True,0.9998885158048186,0.0001114841951813661
1701615180.0,normal,normal,True,0.9999990579127245,9.420872755239174e-07
1701615240.0,normal,normal,True,0.9999993960899497,6.039100503008044e-07
1701615300.0,normal,normal,True,0.9999516470487674,4.8352951232621955e-05
1701615360.0,normal,normal,True,0.9999984151726556,1.584827344358608e-06
1701615420.0,normal,normal,True,0.9993851695812952,0.0006148304187048037
1701615480.0,normal,normal,True,0.9999678091453253,3.219085467465188e-05
1701615540.0,normal,normal,True,0.9742404314140105,0.02575956858598949
1701615600.0,normal,normal,True,0.9906122580078977,0.00938774199210235
1701615660.0,normal,normal,True,0.999993830097638,6.169902362018753e-06
1701615720.0,normal,normal,True,0.9803399363865936,0.019660063613406442
1701615780.0,normal,normal,True,0.9999970721980964,2.9278019035849923e-06
1701615840.0,normal,normal,True,0.9999764896210186,2.3510378981406177e-05
1701615900.0,normal,normal,True,0.9999554553647532,4.454463524683483e-05
1701615960.0,normal,normal,True,0.9998217844645967,0.00017821553540331436
1701616020.0,normal,normal,True,0.9919445477191524,0.008055452280847586
1701616080.0,normal,normal,True,0.9971948396509013,0.002805160349098723
1701616140.0,normal,normal,True,0.9913306621647215,0.008669337835278457
1701616200.0,normal,normal,True,0.9986448765191216,0.0013551234808784063
1701616260.0,normal,normal,True,0.9999795416330856,2.0458366914444248e-05
1701616320.0,normal,normal,True,0.9998817489994903,0.00011825100050966153
1701616380.0,normal,normal,True,0.9999981736882307,1.8263117692596254e-06
1701616440.0,normal,normal,True,0.9999700191264048,2.99808735951812e-05
1701616500.0,normal,normal,True,0.9999356075769367,6.439242306333082e-05
1701616560.0,normal,normal,True,0.9999787819722292,2.1218027770775194e-05
1701616620.0,normal,normal,True,0.9999941795647883,5.820435211689734e-06
1701616680.0,normal,normal,True,0.9999742905108748,2.5709489125169682e-05
1701616740.0,normal,normal,True,0.9999857870040237,1.4212995976259357e-05
1701616800.0,normal,normal,True,0.9999220670903186,7.793290968138855e-05
1701616860.0,normal,normal,True,0.9999990745664964,9.254335036068539e-07
1701616920.0,normal,normal,True,0.9999985957659351,1.4042340649167429e-06
1701616980.0,normal,normal,True,0.9963648015095311,0.003635198490468894
1701617040.0,normal,normal,True,0.9999992972967084,7.027032915551956e-07
1701617100.0,normal,normal,True,0.9999786441701992,2.135582980078432e-05
1701617160.0,normal,normal,True,0.9999997342080784,2.6579192158315834e-07
1701617220.0,normal,normal,True,0.9999991577761461,8.422238538807747e-07
1701617280.0,normal,normal,True,0.9998912696730334,0.00010873032696656626
1701617340.0,normal,normal,True,0.999997553748727,2.446251272991695e-06
1701617400.0,collection,normal,False,0.9999331771669755,6.682283302450465e-05
1701617460.0,normal,normal,True,0.9999755218028422,2.4478197157784543e-05
1701617520.0,credential_access,normal,False,0.9455408452160127,0.05445915478398733
1701617580.0,normal,normal,True,0.9999973968258731,2.603174126925012e-06
1701617640.0,normal,normal,True,0.999994550769838,5.449230161991281e-06
1701617700.0,normal,normal,True,0.9999989239849697,1.0760150302990823e-06
1701617760.0,normal,normal,True,0.9999967231936685,3.276806331498072e-06
1701617820.0,normal,normal,True,0.9999999848151488,1.5184851154259604e-08
1701617880.0,normal,normal,True,0.9999886560453198,1.1343954680165247e-05
1701617940.0,normal,normal,True,0.9999259183698199,7.40816301800784e-05
1701618000.0,normal,normal,True,0.9959359391047947,0.004064060895205279
1701618060.0,normal,normal,True,0.999998313759353,1.6862406470030677e-06
1701618120.0,normal,normal,True,0.999991594989698,8.405010301970606e-06
1701618180.0,normal,normal,True,0.9999692433292164,3.075667078356048e-05
1701618240.0,normal,normal,True,0.9999975291530978,2.4708469021916812e-06
1701618300.0,normal,normal,True,0.9999981189615568,1.8810384432299543e-06
1701618360.0,normal,normal,True,0.9999992712511356,7.287488643648032e-07
1701618420.0,normal,normal,True,0.9999911495545362,8.850445463837175e-06
1701618480.0,normal,normal,True,0.9998423509576784,0.00015764904232162813
1701618540.0,normal,normal,True,0.9999892780771488,1.0721922851231191e-05
1701618600.0,normal,normal,True,0.9991450504042825,0.0008549495957175246
1701618660.0,normal,normal,True,0.9999984032416595,1.59675834054962e-06
1701618720.0,normal,normal,True,0.999997768890084,2.2311099160399195e-06
1701618780.0,normal,normal,True,0.999915707100948,8.429289905198534e-05
1701618840.0,normal,normal,True,0.9773012646802646,0.02269873531973543
1701618900.0,normal,normal,True,0.99962836764021,0.0003716323597899862
1701618960.0,normal,normal,True,0.9999940115884018,5.988411598156773e-06
1701619020.0,normal,normal,True,0.9999983186949338,1.6813050661701467e-06
1701619080.0,normal,normal,True,0.8498945769116003,0.1501054230883997
1701619140.0,normal,normal,True,0.9999993140745194,6.859254806368398e-07
1701619200.0,normal,normal,True,0.9999905030699718,9.49693002816332e-06
1701619260.0,normal,normal,True,0.9993027009551378,0.0006972990448621541
1701619320.0,normal,normal,True,0.5226410438678358,0.47735895613216417
1701619380.0,normal,normal,True,0.9996069166961358,0.00039308330386422785
1701619440.0,normal,normal,True,0.9816319650006813,0.018368034999318716
1701619500.0,normal,normal,True,0.9999999570173866,4.298261335744513e-08
1701619560.0,normal,normal,True,0.999780156348999,0.0002198436510010282
1701619620.0,normal,normal,True,0.9999028145144099,9.71854855901233e-05
1701619680.0,normal,normal,True,0.999944088066454,5.591193354603785e-05
1701619740.0,normal,normal,True,0.9999976495182662,2.350481733803811e-06
1701619800.0,normal,normal,True,0.9997898100679531,0.0002101899320469114
1701619860.0,normal,normal,True,0.9999993032994627,6.967005372615631e-07
1701619920.0,normal,normal,True,0.9996828727495127,0.0003171272504872702
1701619980.0,normal,normal,True,0.9999997943543487,2.0564565128555756e-07
1701620040.0,normal,normal,True,0.9999997085883571,2.914116429275637e-07
1701620100.0,normal,normal,True,0.9999853362431432,1.4663756856769794e-05
1701620160.0,normal,normal,True,0.9999761718233282,2.3828176671791823e-05
1701620220.0,normal,normal,True,0.9999969173464022,3.0826535978301095e-06
1701620280.0,normal,normal,True,0.9999935664154881,6.433584511911228e-06
1701620340.0,normal,normal,True,0.9999472042601754,5.2795739824640364e-05
1701620400.0,normal,normal,True,0.999970998648145,2.9001351855018065e-05
1701620460.0,normal,normal,True,0.9999578883915847,4.211160841527395e-05
1701620520.0,normal,normal,True,0.9999996975011984,3.024988015631891e-07
1701620580.0,normal,normal,True,0.9999970902053897,2.909794610261862e-06
1701620640.0,normal,normal,True,0.999333315591889,0.0006666844081110179
1701620700.0,discovery,normal,False,0.999995234158056,4.7658419439766675e-06
1701620760.0,discovery,normal,False,0.986880739579911,0.01311926042008904
1701620820.0,normal,normal,True,0.9999976543838464,2.3456161536428155e-06
1701620880.0,normal,normal,True,0.9996750073842323,0.000324992615767683
1701620940.0,normal,normal,True,0.9999999663743335,3.3625666473469096e-08
1701621000.0,normal,normal,True,0.9999682958928552,3.170410714481431e-05
1701621060.0,normal,normal,True,0.9999980906084331,1.9093915668566552e-06
1701621120.0,normal,normal,True,0.9999903031540333,9.696845966744583e-06
1701621180.0,normal,normal,True,0.9999945970371176,5.402962882428142e-06
1701621240.0,normal,normal,True,0.999769223926229,0.00023077607377097742
1701621300.0,normal,normal,True,0.9999964741586433,3.525841356655235e-06
1701621360.0,normal,normal,True,0.9999249635365396,7.503646346040949e-05
1701621420.0,normal,normal,True,0.9980701725903959,0.0019298274096041235
1701621480.0,normal,normal,True,0.9992186684390748,0.0007813315609251914
1701621540.0,normal,normal,True,0.9999970830090738,2.9169909262494187e-06
1701621600.0,normal,normal,True,0.9998422327140915,0.00015776728590854994
1701621660.0,normal,normal,True,0.9999894326568212,1.0567343178835564e-05
1701621720.0,normal,normal,True,0.9999943505641656,5.6494358343650575e-06
1701621780.0,normal,normal,True,0.9548721621990983,0.04512783780090168
1701621840.0,normal,normal,True,0.999659915016133,0.00034008498386695063
1701621900.0,normal,normal,True,0.9999886660625233,1.1333937476654121e-05
1701621960.0,normal,normal,True,0.9992058198343774,0.0007941801656226044
1701622020.0,normal,normal,True,0.9999993054017773,6.945982227168912e-07
1701622080.0,normal,normal,True,0.9999996850372987,3.149627012533074e-07
1701622140.0,normal,normal,True,0.9967198320462861,0.003280167953713886
1701622200.0,normal,normal,True,0.9997218996791346,0.00027810032086539316
1701622260.0,normal,normal,True,0.9960401008396987,0.003959899160301261
1701622320.0,normal,normal,True,0.9999998807618138,1.192381862136216e-07
1701622380.0,normal,normal,True,0.9841116962602869,0.01588830373971306
1701622440.0,normal,normal,True,0.9999959876656028,4.0123343971743e-06
1701622500.0,normal,normal,True,0.9999786672930148,2.1332706985233152e-05
1701622560.0,normal,normal,True,0.9837817551248376,0.016218244875162435
1701622620.0,normal,normal,True,0.9999969971236403,3.002876359681217e-06
1701622680.0,normal,normal,True,0.9999270408732899,7.295912671012594e-05
1701622740.0,normal,normal,True,0.9999954022087103,4.5977912896955075e-06
1701622800.0,normal,normal,True,0.9999912808791961,8.719120803912794e-06
1701622860.0,normal,normal,True,0.9998881146591648,0.00011188534083517165
1701622920.0,normal,normal,True,0.9999739250513507,2.60749486492573e-05
1701622980.0,normal,normal,True,0.9999993079798116,6.920201883753307e-07
1701623040.0,normal,normal,True,0.9970477063969859,0.002952293603014078
1701623100.0,normal,normal,True,0.9999946584386507,5.341561349347934e-06
1701623160.0,normal,normal,True,0.9999968728837783,3.127116221746107e-06
1701623220.0,normal,normal,True,0.9999626571743641,3.7342825635944266e-05
1701623280.0,normal,normal,True,0.9999977334076513,2.2665923486986372e-06
1701623340.0,normal,normal,True,0.9999551249364569,4.487506354311499e-05
1701623400.0,normal,normal,True,0.9999633824615921,3.661753840789039e-05
1701623460.0,normal,normal,True,0.9995791572729856,0.00042084272701437
1701623520.0,normal,normal,True,0.999959662135628,4.0337864371964294e-05
1701623580.0,lateral_movement,normal,False,0.9997317936614287,0.0002682063385712752
1701623640.0,lateral_movement,normal,False,0.996177662029089,0.0038223379709110272
1701623700.0,normal,normal,True,0.9999988538218411,1.1461781589394704e-06
1701623760.0,normal,normal,True,0.9999879028542338,1.2097145766221118e-05
1701623820.0,normal,normal,True,0.9999981242021331,1.8757978669237119e-06
1701623880.0,normal,normal,True,0.9996677331094297,0.00033226689057030967
1701623940.0,normal,normal,True,0.9999329082177062,6.709178229380441e-05
1701624000.0,normal,normal,True,0.9999992219449271,7.780550729252766e-07
1701624060.0,normal,normal,True,0.9999730180785998,2.698192140015987e-05
1701624120.0,normal,normal,True,0.9866696434853146,0.013330356514685393
1701624180.0,normal,normal,True,0.9999809181751573,1.9081824842670514e-05
1701624240.0,normal,normal,True,0.9998417406849416,0.00015825931505841773
1701624300.0,normal,normal,True,0.9999902740035009,9.725996499065914e-06
1701624360.0,normal,normal,True,0.9995313529286173,0.00046864707138272177
1701624420.0,normal,normal,True,0.999998465095314,1.5349046860180238e-06
1701624480.0,normal,normal,True,0.9999567821926214,4.321780737859271e-05
1701624540.0,normal,normal,True,0.9965857935762892,0.0034142064237108194
1701624600.0,normal,normal,True,0.9998512029745635,0.00014879702543646456
1701624660.0,normal,normal,True,0.9991247136059862,0.0008752863940137967
1701624720.0,normal,normal,True,0.9934770002315976,0.006522999768402427
1701624780.0,normal,normal,True,0.9741791377048796,0.025820862295120373
1701624840.0,normal,normal,True,0.9999946461697696,5.353830230370171e-06
1701624900.0,normal,normal,True,0.9996937410377519,0.0003062589622481182
1701624960.0,normal,normal,True,0.9983930116417483,0.001606988358251682
1701625020.0,normal,normal,True,0.9999983021997665,1.6978002335132913e-06
1701625080.0,normal,normal,True,0.9999742746494548,2.5725350545235948e-05
1701625140.0,normal,normal,True,0.9999945558383637,5.444161636281031e-06
1701625200.0,normal,normal,True,0.9999490727722324,5.092722776756098e-05
1701625260.0,normal,normal,True,0.9999847650008131,1.5234999186874987e-05
1701625320.0,normal,normal,True,0.9993443382500075,0.0006556617499925421
1701625380.0,normal,normal,True,0.6502957288035864,0.34970427119641356
1701625440.0,normal,normal,True,0.9999946454929219,5.354507078059179e-06
1701625500.0,normal,normal,True,0.9999751300889237,2.4869911076308426e-05
1701625560.0,normal,normal,True,0.9999622379057956,3.776209420436327e-05
1701625620.0,normal,normal,True,0.9998452306024462,0.00015476939755376673
1701625680.0,normal,normal,True,0.9924705809467061,0.007529419053293851
1701625740.0,normal,normal,True,0.9994917307745503,0.0005082692254496646
1701625800.0,normal,normal,True,0.9999990782547957,9.21745204274238e-07
1701625860.0,normal,normal,True,0.9997566629571017,0.00024333704289825064
1701625920.0,normal,normal,True,0.9999359942116828,6.400578831722292e-05
1701625980.0,normal,normal,True,0.9999519142121137,4.808578788628726e-05
1701626040.0,normal,normal,True,0.9999385173834269,6.148261657312748e-05
1701626100.0,normal,normal,True,0.9999764064974652,2.3593502534779986e-05
1701626160.0,normal,normal,True,0.9999984188601561,1.5811398439424806e-06
1701626220.0,normal,normal,True,0.9992811645162533,0.0007188354837467381
1701626280.0,normal,normal,True,0.998348752885418,0.0016512471145819774
1701626340.0,normal,normal,True,0.9947934053939009,0.005206594606099069
1701626400.0,normal,normal,True,0.9992944278552145,0.0007055721447855046
1701626460.0,lateral_movement,normal,False,0.999995689537628,4.310462372036916e-06
1701626520.0,lateral_movement,normal,False,0.9998235477268717,0.00017645227312834688
1701626580.0,normal,normal,True,0.9459391903117261,0.05406080968827387
1701626640.0,normal,collection,False,0.7245829693306858,0.2754170306693142
1701626700.0,normal,normal,True,0.999999175756724,8.242432759653084e-07
1701626760.0,normal,normal,True,0.9985074089790754,0.001492591020924583
1701626820.0,normal,normal,True,0.9998044435548753,0.0001955564451247005
1701626880.0,normal,normal,True,0.9932194643863611,0.006780535613638894
1701626940.0,normal,normal,True,0.9999873717411764,1.2628258823643712e-05
1701627000.0,normal,normal,True,0.9999922890205576,7.71097944241017e-06
1701627060.0,normal,normal,True,0.9998656225201314,0.00013437747986855264
1701627120.0,normal,normal,True,0.9999913359951488,8.664004851222096e-06
1701627180.0,normal,normal,True,0.9999966279463787,3.3720536213310837e-06
1701627240.0,normal,normal,True,0.9926843829587764,0.007315617041223632
1701627300.0,normal,normal,True,0.9998166284049123,0.0001833715950877446
1701627360.0,normal,normal,True,0.9999485554921455,5.1444507854547794e-05
1701627420.0,normal,normal,True,0.9999477799283436,5.222007165639475e-05
1701627480.0,normal,normal,True,0.9999855667537589,1.4433246241063458e-05
1701627540.0,normal,normal,True,0.9998784991227724,0.00012150087722762049
1701627600.0,normal,normal,True,0.9999993646629626,6.35337037424577e-07
1701627660.0,normal,normal,True,0.9787545011472695,0.021245498852730527
1701627720.0,normal,normal,True,0.9686912261527413,0.03130877384725872
1701627780.0,normal,normal,True,0.9959208204553379,0.0040791795446620815
1701627840.0,normal,normal,True,0.9992858470881104,0.0007141529118895873
1701627900.0,normal,normal,True,0.9999984579809693,1.5420190306869586e-06
1701627960.0,normal,normal,True,0.99985509806373,0.00014490193627003656
1701628020.0,normal,normal,True,0.9999474424498344,5.2557550165643896e-05
1701628080.0,normal,normal,True,0.9975496072222412,0.0024503927777588252
1701628140.0,normal,normal,True,0.9999969920766123,3.007923387698952e-06
1701628200.0,normal,normal,True,0.9991219783737854,0.0008780216262146423
1701628260.0,normal,normal,True,0.9999715428951984,2.845710480159358e-05
1701628320.0,normal,normal,True,0.9999991364699251,8.635300748904839e-07
1701628380.0,normal,normal,True,0.9949400053335266,0.005059994666473444
1701628440.0,normal,normal,True,0.9999429779536161,5.702204638391439e-05
1701628500.0,normal,normal,True,0.9697611301524564,0.030238869847543648
1701628560.0,normal,normal,True,0.9990909518795197,0.0009090481204803158
1701628620.0,normal,normal,True,0.9999989324901715,1.0675098285339857e-06
1701628680.0,normal,normal,True,0.9994670546381569,0.0005329453618431179
1701628740.0,normal,collection,False,0.5384446602765245,0.4615553397234755
1701628800.0,normal,normal,True,0.9999991624067849,8.375932151194476e-07
1701628860.0,normal,normal,True,0.9845662430292629,0.015433756970737122
1701628920.0,normal,normal,True,0.7948742241027974,0.2051257758972026
1701628980.0,normal,collection,False,0.6324888641040359,0.36751113589596407
1701629040.0,normal,normal,True,0.9408955140995803,0.05910448590041972
1701629100.0,normal,normal,True,0.999941907201375,5.8092798625009046e-05
1701629160.0,normal,normal,True,0.9999994828165851,5.171834148720578e-07
1701629220.0,normal,collection,False,0.502034595578928,0.49796540442107196
1701629280.0,normal,normal,True,0.9999947676155002,5.232384499787024e-06
1701629340.0,normal,normal,True,0.9999954803705792,4.519629420829396e-06
1701629400.0,normal,normal,True,0.9927716696578468,0.0072283303421532
1701629460.0,normal,normal,True,0.9989360759145052,0.0010639240854948273
1701629520.0,normal,normal,True,0.9999998133309043,1.8666909573639145e-07
1701629580.0,normal,normal,True,0.999981472434483,1.8527565517012512e-05
1701629640.0,normal,normal,True,0.9990510775038185,0.0009489224961815035
1701629700.0,normal,normal,True,0.999969551369441,3.0448630559010148e-05
1701629760.0,normal,normal,True,0.9997598057525775,0.00024019424742249829
1701629820.0,normal,normal,True,0.9999989656622967,1.034337703265109e-06
1701629880.0,normal,normal,True,0.9999947765410309,5.2234589691391164e-06
1701629940.0,normal,normal,True,0.9983401546371443,0.001659845362855683
1701630000.0,normal,normal,True,0.9999383527374007,6.164726259927367e-05
1701630060.0,normal,normal,True,0.9999694655905842,3.053440941580554e-05
1701630120.0,normal,normal,True,0.9704438855053678,0.029556114494632246
1701630180.0,normal,normal,True,0.9999904571839008,9.542816099217255e-06
1701630240.0,normal,normal,True,0.9999695002853903,3.0499714609666384e-05
1701630300.0,normal,normal,True,0.9999988412427983,1.1587572017468517e-06
1701630360.0,normal,normal,True,0.9999996513723636,3.486276364261798e-07
1701630420.0,normal,normal,True,0.9998887506565799,0.00011124934342010562
1701630480.0,normal,normal,True,0.9999904786201814,9.521379818577813e-06
1701630540.0,normal,normal,True,0.9999994056767709,5.943232290750444e-07
1701630600.0,normal,normal,True,0.9929996071117686,0.007000392888231399
1701630660.0,normal,normal,True,0.996101897034427,0.003898102965573025
1701630720.0,normal,normal,True,0.9999453583446046,5.4641655395371025e-05
1701630780.0,normal,normal,True,0.9998453582695773,0.0001546417304226777
1701630840.0,normal,normal,True,0.9992501594593443,0.000749840540655744
1701630900.0,normal,normal,True,0.9998681597789579,0.00013184022104206772
1701630960.0,normal,normal,True,0.9999904992284299,9.500771570136735e-06
1701631020.0,normal,normal,True,0.9183129623731894,0.08168703762681062
1701631080.0,normal,normal,True,0.9993260964973101,0.0006739035026899209
1701631140.0,normal,normal,True,0.9999893605574467,1.0639442553306289e-05
1701631200.0,normal,normal,True,0.999992772021406,7.227978593982165e-06
1701631260.0,normal,normal,True,0.9998763963031407,0.00012360369685926464
1701631320.0,normal,normal,True,0.9954292824981856,0.00457071750181437
1701631380.0,normal,normal,True,0.9588047460332952,0.04119525396670476
1701631440.0,normal,collection,False,0.7238193851753916,0.27618061482460843
1701631500.0,normal,normal,True,0.9994673605320072,0.0005326394679927571
1701631560.0,normal,normal,True,0.9920809294352347,0.007919070564765263
1701631620.0,normal,normal,True,0.9821003759983904,0.017899624001609604
1701631680.0,normal,normal,True,0.9999860740406914,1.3925959308602742e-05
1701631740.0,normal,normal,True,0.9928932814684195,0.007106718531580514
1701631800.0,normal,normal,True,0.9967953233493884,0.0032046766506116375
1701631860.0,normal,normal,True,0.8250477760029545,0.17495222399704546
1701631920.0,normal,normal,True,0.98499884198878,0.01500115801122004
1701631980.0,normal,normal,True,0.9999765681254918,2.3431874508150763e-05
1701632040.0,normal,normal,True,0.9999943538402153,5.64615978471128e-06
1701632100.0,normal,normal,True,0.9999976032831248,2.3967168751859447e-06
1701632160.0,normal,normal,True,0.9999255813518111,7.441864818891197e-05
1701632220.0,normal,normal,True,0.9996461269060999,0.00035387309390011445
1701632280.0,normal,normal,True,0.9999919458907445,8.05410925552863e-06
1701632340.0,normal,normal,True,0.9999601912772477,3.980872275233249e-05
1701632400.0,normal,normal,True,0.9999869594655495,1.3040534450503571e-05
1701632460.0,normal,normal,True,0.9998504484903263,0.00014955150967366215
1701632520.0,normal,normal,True,0.9999943654665455,5.634533454479396e-06
1701632580.0,normal,normal,True,0.9999986787637138,1.3212362861558802e-06
1701632640.0,normal,normal,True,0.9999986429330106,1.3570669894491516e-06
1701632700.0,normal,normal,True,0.9999162741740742,8.372582592575117e-05
1701632760.0,normal,normal,True,0.999481735260343,0.0005182647396569928
1701632820.0,normal,normal,True,0.9999956034253631,4.396574636911232e-06
1701632880.0,normal,normal,True,0.9999984067574252,1.593242574760012e-06
1701632940.0,normal,normal,True,0.9999926661815887,7.3338184113369564e-06
1701633000.0,normal,normal,True,0.9999946093285158,5.390671484195586e-06
1701633060.0,normal,normal,True,0.9999996354955804,3.645044196476377e-07
1701633120.0,normal,normal,True,0.9999999554341956,4.456580438016999e-08
1701633180.0,normal,normal,True,0.9999916870076203,8.312992379688744e-06
1701633240.0,normal,normal,True,0.9995274691647519,0.00047253083524811945
1701633300.0,normal,normal,True,0.9999983313493273,1.6686506727481287e-06
1701633360.0,normal,normal,True,0.997013229097345,0.0029867709026549782
1701633420.0,normal,normal,True,0.9801816327312215,0.019818367268778503
1701633480.0,normal,normal,True,0.9989728283933575,0.0010271716066424519
1701633540.0,normal,normal,True,0.9999698935978178,3.010640218215066e-05
1701633600.0,normal,normal,True,0.9972260771290862,0.0027739228709138253
1701633660.0,normal,normal,True,0.9999960062323595,3.993767640486645e-06
1701633720.0,normal,normal,True,0.9991881774966621,0.000811822503337889
1701633780.0,normal,normal,True,0.9999524573745144,4.754262548556376e-05
1701633840.0,normal,normal,True,0.9999993350650835,6.649349164611351e-07
1701633900.0,normal,normal,True,0.9993982397872773,0.0006017602127227351
1701633960.0,normal,normal,True,0.9766929433344584,0.02330705666554156
1701634020.0,normal,normal,True,0.9999255931864113,7.440681358872325e-05
1701634080.0,normal,normal,True,0.9999096018474666,9.039815253342187e-05
1701634140.0,normal,normal,True,0.9995161172597731,0.00048388274022692634
1701634200.0,normal,normal,True,0.9993957508794795,0.0006042491205204836
1701634260.0,normal,normal,True,0.9998274909893888,0.00017250901061116597
1701634320.0,normal,normal,True,0.9954353573114462,0.004564642688553833
1701634380.0,normal,normal,True,0.9999142838588494,8.571614115060466e-05
1701634440.0,normal,normal,True,0.9990673023257874,0.000932697674212557
1701634500.0,normal,normal,True,0.9999990853301426,9.146698574102885e-07
1701634560.0,normal,normal,True,0.45186959951607736,0.5481304004839227
1701634620.0,normal,normal,True,0.99999630044555,3.699554450009579e-06
1701634680.0,normal,normal,True,0.9999980030340827,1.996965917294702e-06
1701634740.0,normal,normal,True,0.9999712519772076,2.874802279240196e-05
1701634800.0,normal,normal,True,0.9930314123939695,0.006968587606030474
1701634860.0,normal,normal,True,0.9997175319402801,0.0002824680597198759
1701634920.0,normal,normal,True,0.9999282409201746,7.17590798253731e-05
1701634980.0,normal,normal,True,0.9998183666891914,0.00018163331080855993
1701635040.0,normal,normal,True,0.9999858312122858,1.4168787714208264e-05
1701635100.0,normal,normal,True,0.9992204977801386,0.0007795022198614499
1701635160.0,normal,normal,True,0.9999518913728528,4.81086271472142e-05
1701635220.0,normal,normal,True,0.9949568621188789,0.005043137881121096
1701635280.0,normal,normal,True,0.9999841528349445,1.584716505553807e-05
1701635340.0,normal,normal,True,0.9999999234591511,7.654084888120138e-08
1701635400.0,normal,normal,True,0.9999993542084753,6.457915247004564e-07
1701635460.0,normal,normal,True,0.9999972106071656,2.7893928343791785e-06
1701635520.0,normal,normal,True,0.9971218284426966,0.0028781715573034106
1701635580.0,normal,normal,True,0.9999234809128158,7.651908718420142e-05
1701635640.0,normal,normal,True,0.9999995943594091,4.0564059089476245e-07
1701635700.0,normal,normal,True,0.99999942644071,5.735592899513975e-07
1701635760.0,normal,normal,True,0.9999747505792556,2.524942074444425e-05
1701635820.0,normal,normal,True,0.9989151677668908,0.0010848322331091786
1701635880.0,normal,normal,True,0.9985201298342355,0.001479870165764452
1701635940.0,normal,normal,True,0.9999721088147122,2.7891185287787224e-05
1701636000.0,normal,normal,True,0.9999997261752801,2.738247198985633e-07
1701636060.0,normal,normal,True,0.9999946468247682,5.353175231759266e-06
1701636120.0,normal,normal,True,0.9999301175932794,6.988240672056723e-05
1701636180.0,normal,normal,True,0.7096197659266493,0.2903802340733507
1701636240.0,normal,normal,True,0.9878548425058161,0.012145157494183878
1701636300.0,normal,normal,True,0.9992857706015351,0.0007142293984648829
1701636360.0,normal,normal,True,0.9696151087932215,0.030384891206778453
1701636420.0,normal,normal,True,0.9993312035375935,0.0006687964624064735
1701636480.0,normal,normal,True,0.9887007250162737,0.011299274983726293
1701636540.0,normal,normal,True,0.999994546156126,5.453843873959308e-06
1701636600.0,normal,normal,True,0.8790520084976338,0.12094799150236624
1701636660.0,normal,normal,True,0.999867955364744,0.00013204463525595678
1701636720.0,normal,normal,True,0.9938462493785237,0.006153750621476273
1701636780.0,normal,normal,True,0.9993938567897707,0.0006061432102293374
1701636840.0,normal,normal,True,0.9991093711069916,0.0008906288930083939
1701636900.0,normal,normal,True,0.9999990143084246,9.85691575361436e-07
1701636960.0,normal,normal,True,0.9999742423715926,2.5757628407396815e-05
1701637020.0,normal,normal,True,0.9805574905415961,0.019442509458403867
1701637080.0,normal,normal,True,0.9996144507711707,0.0003855492288292739
1701637140.0,normal,normal,True,0.9983248766793663,0.0016751233206336869
1701637200.0,normal,normal,True,0.9997083390919241,0.00029166090807586365
1701637260.0,normal,normal,True,0.9999485038001213,5.149619987865339e-05
1701637320.0,normal,normal,True,0.9999951149413185,4.8850586814586094e-06
1701637380.0,normal,normal,True,0.9817386514311212,0.018261348568878844
1701637440.0,normal,normal,True,0.9999966356413588,3.3643586412335225e-06
1701637500.0,normal,normal,True,0.9996044654337886,0.0003955345662114418
1701637560.0,normal,normal,True,0.9999992722934135,7.277065865451959e-07
1701637620.0,normal,normal,True,0.9999987009925425,1.2990074574892319e-06
1701637680.0,normal,normal,True,0.999958816198849,4.1183801151034594e-05
1701637740.0,normal,normal,True,0.9974904544493811,0.0025095455506188857
1701637800.0,normal,normal,True,0.999971690888106,2.8309111893998207e-05
1701637860.0,normal,normal,True,0.9999984194702322,1.5805297678417318e-06
1701637920.0,normal,normal,True,0.9998880265923629,0.0001119734076371337
1701637980.0,normal,normal,True,0.9829524597389667,0.017047540261033278
1701638040.0,normal,normal,True,0.998010784731774,0.001989215268226041
1701638100.0,normal,normal,True,0.9999995419958497,4.5800415027219543e-07
1701638160.0,normal,normal,True,0.9999996609123989,3.3908760110890057e-07
1701638220.0,normal,normal,True,0.9999938211603461,6.178839653925294e-06
1701638280.0,normal,normal,True,0.9999763915842396,2.3608415760434376e-05
1701638340.0,normal,normal,True,0.9999649312156643,3.506878433567895e-05
1701638400.0,normal,normal,True,0.9998216997119401,0.00017830028805987386
1701638460.0,normal,normal,True,0.9998471927406934,0.00015280725930655326
1701638520.0,normal,normal,True,0.999999337544201,6.624557989942659e-07
1701638580.0,normal,normal,True,0.9999940869850655,5.913014934466609e-06
1701638640.0,normal,normal,True,0.9999808738045445,1.9126195455521078e-05
1701638700.0,normal,normal,True,0.8495226777497167,0.15047732225028332
1701638760.0,normal,normal,True,0.9999870488079292,1.2951192070786988e-05
1701638820.0,normal,normal,True,0.9999992375255791,7.624744209344669e-07
1701638880.0,normal,normal,True,0.9992032516386502,0.0007967483613497972
1701638940.0,normal,normal,True,0.9734800895838674,0.026519910416132553
1701639000.0,normal,normal,True,0.5893248959249486,0.41067510407505137
1701639060.0,normal,normal,True,0.9999927558364472,7.244163552799776e-06
1701639120.0,normal,normal,True,0.999715179700688,0.00028482029931198305
1701639180.0,normal,normal,True,0.9652020495913799,0.034797950408620104
1701639240.0,normal,normal,True,0.9810885878522353,0.018911412147764706
1701639300.0,normal,normal,True,0.8850934215228169,0.11490657847718311
1701639360.0,normal,normal,True,0.9999157271827702,8.42728172297802e-05
1701639420.0,normal,normal,True,0.9906768033372223,0.0093231966627777
1701639480.0,normal,normal,True,0.9989760305328537,0.001023969467146335
1701639540.0,normal,normal,True,0.9999355552258627,6.444477413725114e-05
1701639600.0,normal,normal,True,0.9998229190937258,0.00017708090627421846
1701639660.0,normal,normal,True,0.9998434771577926,0.0001565228422073517
1701639720.0,normal,normal,True,0.9932207485900368,0.006779251409963161
1701639780.0,normal,normal,True,0.9999415647755439,5.8435224456143686e-05
1701639840.0,normal,normal,True,0.9931798847792591,0.0068201152207408855
1701639900.0,normal,normal,True,0.9994063648565784,0.0005936351434215892
1701639960.0,normal,normal,True,0.999832307174144,0.00016769282585604728
1701640020.0,normal,normal,True,0.9920232573605385,0.007976742639461465
1701640080.0,normal,normal,True,0.9999984669881463,1.5330118536827086e-06
1701640140.0,normal,normal,True,0.999936086682864,6.391331713595516e-05
1701640200.0,normal,normal,True,0.9998214395042887,0.00017856049571129962
1701640260.0,normal,normal,True,0.9788758059168996,0.0211241940831004
1701640320.0,normal,normal,True,0.9991374917392528,0.0008625082607471857
1701640380.0,normal,normal,True,0.9999491678007397,5.08321992602756e-05
1701640440.0,normal,normal,True,0.9999976321400882,2.367859911811543e-06
1701640500.0,normal,normal,True,0.9999985095954209,1.490404579085336e-06
1701640560.0,normal,normal,True,0.999996744170456,3.255829543968858e-06
1701640620.0,normal,normal,True,0.9950360899747531,0.004963910025246876
1701640680.0,normal,normal,True,0.9699866478034889,0.030013352196511134
1701640740.0,normal,normal,True,0.9999897205250882,1.0279474911834008e-05
1701640800.0,normal,normal,True,0.9999996110064663,3.889935337175743e-07
1701640860.0,normal,normal,True,0.9999942295954889,5.77040451110733e-06
1701640920.0,normal,normal,True,0.9999748169795053,2.5183020494701225e-05
1701640980.0,normal,normal,True,0.9994366787218493,0.0005633212781507302
1701641040.0,normal,normal,True,0.9999703214307094,2.9678569290592094e-05
1701641100.0,normal,normal,True,0.9999159598601476,8.404013985241487e-05
1701641160.0,normal,normal,True,0.9999969540407856,3.0459592144094216e-06
1701641220.0,normal,normal,True,0.9996572011353814,0.00034279886461863196
1701641280.0,normal,normal,True,0.9997744810349247,0.00022551896507527758
1701641340.0,normal,normal,True,0.9999741953720722,2.5804627927783486e-05
1701641400.0,normal,normal,True,0.9999549305952954,4.506940470461185e-05
1701641460.0,normal,normal,True,0.9981604119438388,0.0018395880561612454
1701641520.0,normal,normal,True,0.9999946479308338,5.352069166186801e-06
1701641580.0,normal,normal,True,0.9999613736483495,3.862635165052808e-05
1701641640.0,normal,normal,True,0.9999448646320404,5.5135367959646686e-05
1701641700.0,normal,normal,True,0.9938199357983197,0.006180064201680269
1701641760.0,normal,normal,True,0.9992735338823717,0.0007264661176282772
1701641820.0,normal,collection,False,0.6347453676772203,0.36525463232277966
1701641880.0,normal,normal,True,0.9998223561997377,0.00017764380026230597
1701641940.0,normal,normal,True,0.9999956556069527,4.344393047306383e-06
1701642000.0,normal,normal,True,0.9998903383594344,0.0001096616405655837
1701642060.0,normal,normal,True,0.9575282017712441,0.04247179822875591
1701642120.0,normal,normal,True,0.9860631016172577,0.013936898382742258
1701642180.0,normal,normal,True,0.9999431612481953,5.683875180473308e-05
1701642240.0,normal,normal,True,0.8392601418976634,0.1607398581023366
1701642300.0,normal,normal,True,0.9984730358783338,0.0015269641216661967
1701642360.0,normal,normal,True,0.9866554917973567,0.013344508202643324
1701642420.0,normal,normal,True,0.999970118660315,2.988133968495621e-05
1701642480.0,normal,normal,True,0.9996270627567342,0.000372937243265814
1701642540.0,normal,normal,True,0.997596436029868,0.002403563970131972
1701642600.0,normal,normal,True,0.996810781326906,0.003189218673093963
1701642660.0,normal,normal,True,0.99998900681125,1.0993188749974792e-05
1701642720.0,normal,normal,True,0.9994894873173343,0.0005105126826656647
1701642780.0,normal,normal,True,0.9976028078312061,0.00239719216879386
1701642840.0,normal,normal,True,0.9999760496203192,2.395037968083713e-05
1701642900.0,normal,normal,True,0.9999939188562085,6.081143791525356e-06
1701642960.0,normal,normal,True,0.9997748039842114,0.00022519601578863124
1701643020.0,normal,normal,True,0.9999990328999762,9.671000238409277e-07
1701643080.0,normal,normal,True,0.9998867015149985,0.00011329848500152284
1701643140.0,normal,normal,True,0.9999995560750162,4.439249837728809e-07
1701643200.0,normal,normal,True,0.9999624529682578,3.7547031742191095e-05
1701643260.0,normal,normal,True,0.9999781195947597,2.1880405240315426e-05
1701643320.0,normal,normal,True,0.9999969616423457,3.038357654250312e-06
1701643380.0,normal,normal,True,0.999305925515953,0.0006940744840470137
1701643440.0,normal,normal,True,0.9998341053409574,0.00016589465904259804
1701643500.0,normal,normal,True,0.9998599864302223,0.00014001356977766388
1701643560.0,normal,normal,True,0.9999782818797379,2.1718120262081975e-05
1701643620.0,normal,normal,True,0.9996785758565487,0.00032142414345126546
1701643680.0,normal,normal,True,0.999968585744779,3.141425522101837e-05
1701643740.0,normal,normal,True,0.9999880071920759,1.1992807924077198e-05
1701643800.0,normal,normal,True,0.999997919336294,2.0806637059944677e-06
1701643860.0,normal,normal,True,0.8405631524788473,0.15943684752115272
1701643920.0,normal,normal,True,0.9999031752127582,9.682478724182264e-05
1701643980.0,normal,normal,True,0.9987234198622974,0.0012765801377025987
1701644040.0,normal,normal,True,0.9999991621200451,8.378799548625082e-07
1701644100.0,normal,normal,True,0.958696945422549,0.04130305457745098
1701644160.0,normal,normal,True,0.9999991278426689,8.721573311332165e-07
1701644220.0,normal,normal,True,0.9980223521933296,0.001977647806670424
1701644280.0,normal,normal,True,0.9240716206955524,0.07592837930444762
1701644340.0,normal,normal,True,0.967649840144014,0.032350159855985994
1701644400.0,normal,normal,True,0.9999753047195894,2.469528041060265e-05
1701644460.0,normal,normal,True,0.900055799798397,0.099944200201603
1701644520.0,normal,normal,True,0.5489392378836141,0.4510607621163859
1701644580.0,normal,normal,True,0.9999931517636518,6.848236348222514e-06
1701644640.0,normal,normal,True,0.9833350057399589,0.01666499426004109
1701644700.0,normal,normal,True,0.9999952316908827,4.768309117331171e-06
1701644760.0,normal,normal,True,0.9999090913580797,9.090864192029535e-05
1701644820.0,normal,normal,True,0.9945234259957335,0.005476574004266488
1701644880.0,normal,normal,True,0.9988222083851795,0.001177791614820456
1701644940.0,normal,normal,True,0.9194098130076851,0.0805901869923149
1701645000.0,normal,normal,True,0.7920648367386909,0.20793516326130912
1701645060.0,normal,normal,True,0.9931099546441049,0.0068900453558951025
1701645120.0,normal,normal,True,0.9853830622296957,0.014616937770304261
1701645180.0,normal,normal,True,0.9998820641929634,0.00011793580703656215
1701645240.0,normal,normal,True,0.9999383773260183,6.162267398168719e-05
1701645300.0,normal,normal,True,0.9991827238971829,0.0008172761028171216
1701645360.0,normal,normal,True,0.9961115875087386,0.0038884124912613727
1701645420.0,normal,normal,True,0.9999757805927287,2.421940727126426e-05
1701645480.0,normal,normal,True,0.9969673104774126,0.003032689522587395
1701645540.0,normal,normal,True,0.9999986126086247,1.3873913753403855e-06
1701645600.0,normal,normal,True,0.9999817374124632,1.826258753678811e-05
1701645660.0,normal,normal,True,0.999990526162206,9.473837794038431e-06
1701645720.0,normal,normal,True,0.9992468194983485,0.0007531805016515181
1701645780.0,normal,normal,True,0.9988012088321768,0.0011987911678231766
1701645840.0,normal,normal,True,0.9999986193642824,1.380635717640466e-06
1701645900.0,normal,normal,True,0.9999994406635386,5.593364613698526e-07
1701645960.0,normal,normal,True,0.9999042654867999,9.573451320010751e-05
1701646020.0,normal,normal,True,0.9945440721293032,0.0054559278706968195
1701646080.0,normal,normal,True,0.999651648786478,0.00034835121352194687
1701646140.0,normal,normal,True,0.9999995592812757,4.407187242927435e-07
1701646200.0,normal,normal,True,0.9999677195695474,3.228043045255813e-05
1701646260.0,normal,normal,True,0.9999994502229714,5.49777028568954e-07
1701646320.0,normal,normal,True,0.9999963701002831,3.6298997169170732e-06
1701646380.0,normal,normal,True,0.9999821284319131,1.787156808685797e-05
1701646440.0,normal,normal,True,0.9999025849755786,9.741502442139893e-05
1701646500.0,normal,normal,True,0.9999910779864554,8.922013544632179e-06
1701646560.0,normal,normal,True,0.9999040114907028,9.59885092971513e-05
1701646620.0,normal,normal,True,0.9999071977842212,9.280221577878667e-05
1701646680.0,normal,normal,True,0.9999971494788085,2.850521191533062e-06
1701646740.0,normal,normal,True,0.9065719335437141,0.09342806645628587
1701646800.0,normal,normal,True,0.9998513609735326,0.0001486390264674453
1701646860.0,normal,normal,True,0.9999726475409128,2.7352459087248704e-05
1701646920.0,normal,normal,True,0.9999564975854448,4.3502414555196545e-05
1701646980.0,normal,normal,True,0.9999942510577814,5.748942218608555e-06
1701647040.0,normal,normal,True,0.9999947849690094,5.215030990601832e-06
1701647100.0,normal,normal,True,0.9999099155162253,9.008448377467726e-05
1701647160.0,normal,normal,True,0.6199633568916729,0.3800366431083271
1701647220.0,normal,normal,True,0.9999141041555673,8.589584443274845e-05
1701647280.0,normal,normal,True,0.9999997688109395,2.311890604511646e-07
1701647340.0,normal,normal,True,0.999983019557121,1.6980442879011015e-05
1701647400.0,normal,normal,True,0.9993558588795612,0.000644141120438757
1701647460.0,normal,normal,True,0.9998287436750956,0.0001712563249044452
1701647520.0,normal,normal,True,0.9992470039618193,0.0007529960381806866
1701647580.0,normal,normal,True,0.988447565669919,0.011552434330081018
1701647640.0,normal,collection,False,0.5868948609749789,0.4131051390250211
1701647700.0,normal,normal,True,0.9994829888180707,0.0005170111819292611
1701647760.0,normal,normal,True,0.9999876685447319,1.2331455268133062e-05
1701647820.0,normal,normal,True,0.9988987686189598,0.0011012313810402352
1701647880.0,normal,normal,True,0.9990882028536604,0.0009117971463395991
1701647940.0,normal,normal,True,0.9997576076924009,0.00024239230759914854
