timestamp,split_role,attack_present,attack_tactic,net_sampled_flow_rows,prov_rows,campaign_steps
1701468780.0,train,False,normal,0.0,1967,0
1701468840.0,train,False,normal,0.0,4272,0
1701468900.0,train,False,normal,0.0,417,0
1701468960.0,train,False,normal,6.0,266,0
1701469020.0,train,False,normal,13.0,60,0
1701469080.0,train,False,normal,16.0,91,0
1701469140.0,train,False,normal,18.0,50,0
1701469200.0,train,True,initial_access,24.0,31,0
1701469260.0,train,False,normal,28.0,22,0
1701469320.0,train,False,normal,22.0,36,0
1701469380.0,train,False,normal,24.0,22,0
1701469440.0,train,False,normal,22.0,22,0
1701469500.0,train,True,collection,47.0,39,2
1701469560.0,train,True,collection,37.0,22,0
1701469620.0,train,False,normal,19.0,33,0
1701469680.0,train,False,normal,21.0,28,0
1701469740.0,train,False,normal,20.0,23,0
1701469800.0,train,False,normal,16.0,32,0
1701469860.0,train,False,normal,26.0,22,0
1701469920.0,train,False,normal,13.0,37,0
1701469980.0,train,False,normal,26.0,33,0
1701470040.0,train,False,normal,16.0,23,0
1701470100.0,train,False,normal,15.0,22,0
1701470160.0,train,False,normal,20.0,22,0
1701470220.0,train,False,normal,22.0,33,0
1701470280.0,train,False,normal,17.0,23,0
1701470340.0,train,False,normal,19.0,23,0
1701470400.0,train,False,normal,22.0,22,0
1701470460.0,train,False,normal,16.0,22,0
1701470520.0,train,False,normal,27.0,33,0
1701470580.0,train,False,normal,20.0,23,0
1701470640.0,train,False,normal,18.0,23,0
1701470700.0,train,False,normal,20.0,22,0
1701470760.0,train,False,normal,20.0,22,0
1701470820.0,train,False,normal,16.0,33,0
1701470880.0,train,False,normal,15.0,33,0
1701470940.0,train,False,normal,21.0,23,0
1701471000.0,train,False,normal,17.0,22,0
1701471060.0,train,False,normal,20.0,22,0
1701471120.0,train,False,normal,20.0,33,0
1701471180.0,train,False,normal,29.0,23,0
1701471240.0,train,False,normal,25.0,23,0
1701471300.0,train,False,normal,26.0,22,0
1701471360.0,train,False,normal,16.0,22,0
1701471420.0,train,False,normal,21.0,33,0
1701471480.0,train,False,normal,18.0,23,0
1701471540.0,train,False,normal,18.0,32,0
1701471600.0,train,False,normal,23.0,22,0
1701471660.0,train,False,normal,22.0,22,0
1701471720.0,train,False,normal,23.0,33,0
1701471780.0,train,False,normal,16.0,33,0
1701471840.0,train,False,normal,22.0,23,0
1701471900.0,train,False,normal,16.0,22,0
1701471960.0,train,False,normal,27.0,22,0
1701472020.0,train,False,normal,13.0,33,0
1701472080.0,train,False,normal,30.0,23,0
1701472140.0,train,False,normal,16.0,23,0
1701472200.0,train,False,normal,21.0,22,0
1701472260.0,train,False,normal,22.0,22,0
1701472320.0,train,False,normal,27.0,33,0
1701472380.0,train,False,normal,18.0,23,0
1701472440.0,train,False,normal,24.0,23,0
1701472500.0,train,False,normal,16.0,22,0
1701472560.0,train,False,normal,20.0,23,0
1701472620.0,train,False,normal,14.0,42,0
1701472680.0,train,False,normal,17.0,33,0
1701472740.0,train,False,normal,25.0,23,0
1701472800.0,train,False,normal,28.0,22,0
1701472860.0,train,False,normal,14.0,22,0
1701472920.0,train,False,normal,29.0,33,0
1701472980.0,train,False,normal,19.0,21,0
1701473040.0,train,True,collection,26.0,30,0
1701473100.0,train,True,collection,26.0,15,1
1701473160.0,train,True,collection,32.0,21,0
1701473220.0,train,False,normal,22.0,32,0
1701473280.0,train,False,normal,19.0,22,0
1701473340.0,train,False,normal,17.0,23,0
1701473400.0,train,False,normal,25.0,31,0
1701473460.0,train,False,normal,24.0,21,0
1701473520.0,train,False,normal,19.0,33,0
1701473580.0,train,False,normal,34.0,37,0
1701473640.0,train,False,normal,18.0,22,0
1701473700.0,train,False,normal,17.0,22,0
1701473760.0,train,False,normal,19.0,22,0
1701473820.0,train,False,normal,22.0,33,0
1701473880.0,train,False,normal,21.0,21,0
1701473940.0,train,False,normal,15.0,23,0
1701474000.0,train,False,normal,25.0,22,0
1701474060.0,train,False,normal,33.0,21,0
1701474120.0,train,False,normal,22.0,275,0
1701474180.0,train,False,normal,24.0,23,0
1701474240.0,train,False,normal,21.0,22,0
1701474300.0,train,False,normal,19.0,22,0
1701474360.0,train,False,normal,17.0,21,0
1701474420.0,train,False,normal,28.0,32,0
1701474480.0,train,False,normal,26.0,33,0
1701474540.0,train,False,normal,17.0,22,0
1701474600.0,train,False,normal,15.0,21,0
1701474660.0,train,False,normal,24.0,22,0
1701474720.0,train,False,normal,24.0,31,0
1701474780.0,train,False,normal,22.0,22,0
1701474840.0,train,False,normal,21.0,22,0
1701474900.0,train,False,normal,27.0,22,0
1701474960.0,train,False,normal,23.0,22,0
1701475020.0,train,False,normal,21.0,33,0
1701475080.0,train,False,normal,16.0,22,0
1701475140.0,train,False,normal,23.0,22,0
1701475200.0,validation,False,normal,14.0,22,0
1701475260.0,validation,False,normal,23.0,14,0
1701475320.0,validation,False,normal,30.0,33,0
1701475380.0,validation,False,normal,18.0,32,0
1701475440.0,validation,False,normal,19.0,22,0
1701475500.0,validation,False,normal,14.0,22,0
1701475560.0,validation,False,normal,17.0,21,0
1701475620.0,validation,False,normal,21.0,32,0
1701475680.0,validation,False,normal,19.0,23,0
1701475740.0,validation,False,normal,19.0,23,0
1701475800.0,validation,False,normal,25.0,22,0
1701475860.0,validation,False,normal,19.0,22,0
1701475920.0,validation,False,normal,21.0,31,0
1701475980.0,validation,False,normal,23.0,22,0
1701476040.0,validation,False,normal,22.0,22,0
1701476100.0,validation,False,normal,24.0,21,0
1701476160.0,validation,False,normal,14.0,21,0
1701476220.0,validation,False,normal,18.0,42,0
1701476280.0,validation,False,normal,21.0,32,0
1701476340.0,validation,False,normal,19.0,21,0
1701476400.0,validation,False,normal,23.0,21,0
1701476460.0,validation,False,normal,25.0,15,0
1701476520.0,validation,False,normal,17.0,33,0
1701476580.0,validation,False,normal,26.0,22,0
1701476640.0,validation,False,normal,14.0,23,0
1701476700.0,validation,False,normal,23.0,22,0
1701476760.0,validation,False,normal,21.0,22,0
1701476820.0,validation,False,normal,20.0,32,0
1701476880.0,validation,False,normal,19.0,22,0
1701476940.0,validation,False,normal,23.0,21,0
1701477000.0,validation,True,collection,20.0,44,0
1701477060.0,validation,True,collection,44.0,20,1
1701477120.0,validation,True,collection,27.0,32,0
1701477180.0,validation,False,normal,24.0,32,0
1701477240.0,validation,False,normal,23.0,22,0
1701477300.0,validation,False,normal,11.0,22,0
1701477360.0,validation,False,normal,17.0,27,0
1701477420.0,validation,False,normal,26.0,26,0
1701477480.0,validation,False,normal,22.0,22,0
1701477540.0,validation,False,normal,13.0,22,0
1701477600.0,validation,False,normal,24.0,22,0
1701477660.0,validation,False,normal,21.0,22,0
1701477720.0,validation,False,normal,33.0,33,0
1701477780.0,validation,False,normal,14.0,22,0
1701477840.0,validation,False,normal,26.0,22,0
1701477900.0,validation,False,normal,19.0,21,0
1701477960.0,validation,False,normal,20.0,28,0
1701478020.0,validation,False,normal,19.0,32,0
1701478080.0,validation,False,normal,23.0,32,0
1701478140.0,validation,False,normal,29.0,22,0
1701478200.0,validation,False,normal,32.0,21,0
1701478260.0,validation,False,normal,28.0,22,0
1701478320.0,validation,False,normal,22.0,33,0
1701478380.0,validation,False,normal,16.0,33,0
1701478440.0,validation,False,normal,22.0,23,0
1701478500.0,validation,False,normal,26.0,22,0
1701478560.0,validation,False,normal,28.0,21,0
1701478620.0,validation,False,normal,19.0,25,0
1701478680.0,validation,False,normal,28.0,23,0
1701478740.0,validation,False,normal,17.0,22,0
1701478800.0,validation,False,normal,19.0,22,0
1701478860.0,validation,False,normal,24.0,21,0
1701478920.0,validation,False,normal,15.0,32,0
1701478980.0,validation,False,normal,32.0,21,0
1701479040.0,validation,False,normal,19.0,21,0
1701479100.0,validation,False,normal,18.0,22,0
1701479160.0,validation,False,normal,31.0,20,0
1701479220.0,validation,False,normal,13.0,33,0
1701479280.0,validation,False,normal,18.0,32,0
1701479340.0,validation,False,normal,15.0,22,0
1701479400.0,validation,False,normal,25.0,21,0
1701479460.0,validation,False,normal,21.0,25,0
1701479520.0,validation,False,normal,27.0,32,0
1701479580.0,validation,False,normal,17.0,21,0
1701479640.0,validation,False,normal,20.0,22,0
1701479700.0,validation,False,normal,15.0,22,0
1701479760.0,validation,False,normal,26.0,14,0
1701479820.0,validation,False,normal,28.0,41,0
1701479880.0,validation,False,normal,16.0,21,0
1701479940.0,validation,False,normal,15.0,22,0
1701480000.0,validation,False,normal,25.0,22,0
1701480060.0,validation,False,normal,24.0,21,0
1701480120.0,validation,False,normal,22.0,31,0
1701480180.0,validation,False,normal,23.0,34,0
1701480240.0,validation,False,normal,18.0,22,0
1701480300.0,validation,False,normal,22.0,21,0
1701480360.0,validation,False,normal,12.0,21,0
1701480420.0,validation,False,normal,16.0,32,0
1701480480.0,validation,False,normal,21.0,21,0
1701480540.0,validation,False,normal,16.0,20,0
1701480600.0,validation,False,normal,26.0,32,0
1701480660.0,validation,False,normal,19.0,21,0
1701480720.0,validation,False,normal,16.0,32,0
1701480780.0,validation,True,collection,32.0,27,1
1701480840.0,validation,True,collection,34.0,27,0
1701480900.0,validation,False,normal,7.0,21,0
1701480960.0,validation,False,normal,22.0,22,0
1701481020.0,validation,False,normal,26.0,32,0
1701481080.0,validation,False,normal,24.0,32,0
1701481140.0,validation,False,normal,16.0,22,0
1701481200.0,validation,False,normal,29.0,23,0
1701481260.0,validation,False,normal,15.0,21,0
1701481320.0,validation,False,normal,32.0,31,0
1701481380.0,validation,False,normal,14.0,22,0
1701481440.0,validation,False,normal,24.0,21,0
1701481500.0,validation,False,normal,22.0,22,0
1701481560.0,validation,False,normal,20.0,21,0
1701481620.0,validation,False,normal,24.0,35,0
1701481680.0,validation,False,normal,18.0,21,0
1701481740.0,validation,False,normal,16.0,22,0
1701481800.0,validation,False,normal,19.0,22,0
1701481860.0,validation,False,normal,13.0,22,0
1701481920.0,validation,False,normal,26.0,32,0
1701481980.0,validation,False,normal,23.0,26,0
1701482040.0,validation,False,normal,18.0,21,0
1701482100.0,validation,False,normal,22.0,22,0
1701482160.0,validation,False,normal,19.0,21,0
1701482220.0,validation,False,normal,21.0,31,0
1701482280.0,validation,False,normal,15.0,22,0
1701482340.0,validation,False,normal,23.0,22,0
1701482400.0,validation,False,normal,30.0,21,0
1701482460.0,validation,False,normal,22.0,22,0
1701482520.0,validation,False,normal,24.0,32,0
1701482580.0,validation,False,normal,22.0,23,0
1701482640.0,validation,False,normal,15.0,22,0
1701482700.0,validation,False,normal,18.0,21,0
1701482760.0,validation,False,normal,22.0,22,0
1701482820.0,validation,False,normal,21.0,33,0
1701482880.0,validation,False,normal,23.0,33,0
1701482940.0,validation,False,normal,19.0,23,0
1701483000.0,validation,False,normal,17.0,21,0
1701483060.0,validation,False,normal,25.0,22,0
1701483120.0,validation,False,normal,23.0,31,0
1701483180.0,validation,False,normal,25.0,22,0
1701483240.0,validation,False,normal,18.0,21,0
1701483300.0,validation,False,normal,24.0,16,0
1701483360.0,validation,False,normal,22.0,20,0
1701483420.0,validation,False,normal,20.0,42,0
1701483480.0,validation,False,normal,19.0,21,0
1701483540.0,validation,False,normal,26.0,22,0
1701483600.0,validation,False,normal,15.0,22,0
1701483660.0,validation,False,normal,13.0,22,0
1701483720.0,validation,False,normal,14.0,32,0
1701483780.0,validation,False,normal,18.0,33,0
1701483840.0,validation,False,normal,22.0,22,0
1701483900.0,validation,False,normal,21.0,22,0
1701483960.0,validation,False,normal,12.0,21,0
1701484020.0,validation,False,normal,32.0,37,0
1701484080.0,validation,False,normal,22.0,21,0
1701484140.0,validation,False,normal,19.0,22,0
1701484200.0,validation,False,normal,31.0,31,0
1701484260.0,validation,False,normal,24.0,27,0
1701484320.0,validation,False,normal,22.0,32,0
1701484380.0,validation,False,normal,22.0,22,0
1701484440.0,validation,False,normal,27.0,22,0
1701484500.0,validation,False,normal,17.0,21,0
1701484560.0,validation,False,normal,25.0,21,0
1701484620.0,validation,False,normal,22.0,34,0
1701484680.0,validation,False,normal,22.0,32,0
1701484740.0,validation,False,normal,16.0,14,0
1701484800.0,validation,False,normal,23.0,22,0
1701484860.0,validation,False,normal,21.0,21,0
1701484920.0,validation,False,normal,23.0,33,0
1701484980.0,validation,False,normal,18.0,23,0
1701485040.0,validation,False,normal,15.0,22,0
1701485100.0,validation,True,collection,17.0,34,1
1701485160.0,validation,True,collection,30.0,21,0
1701485220.0,validation,False,normal,22.0,33,0
1701485280.0,validation,False,normal,23.0,21,0
1701485340.0,validation,False,normal,23.0,21,0
1701485400.0,validation,False,normal,21.0,21,0
1701485460.0,validation,False,normal,28.0,38,0
1701485520.0,validation,False,normal,22.0,32,0
1701485580.0,validation,False,normal,16.0,33,0
1701485640.0,validation,False,normal,32.0,21,0
1701485700.0,validation,False,normal,21.0,21,0
1701485760.0,validation,False,normal,23.0,21,0
1701485820.0,validation,False,normal,21.0,33,0
1701485880.0,validation,False,normal,19.0,22,0
1701485940.0,validation,False,normal,14.0,22,0
1701486000.0,validation,False,normal,18.0,14,0
1701486060.0,validation,False,normal,18.0,20,0
1701486120.0,validation,False,normal,18.0,33,0
1701486180.0,validation,False,normal,23.0,21,0
1701486240.0,validation,False,normal,21.0,21,0
1701486300.0,validation,False,normal,21.0,22,0
1701486360.0,validation,False,normal,14.0,21,0
1701486420.0,validation,False,normal,23.0,30,0
1701486480.0,validation,False,normal,19.0,33,0
1701486540.0,validation,False,normal,27.0,21,0
1701486600.0,validation,False,normal,13.0,21,0
1701486660.0,validation,False,normal,23.0,22,0
1701486720.0,validation,False,normal,26.0,32,0
1701486780.0,validation,False,normal,27.0,21,0
1701486840.0,validation,False,normal,20.0,22,0
1701486900.0,validation,False,normal,20.0,22,0
1701486960.0,validation,False,normal,22.0,21,0
1701487020.0,validation,False,normal,17.0,39,0
1701487080.0,validation,False,normal,25.0,22,0
1701487140.0,validation,False,normal,16.0,15,0
1701487200.0,validation,False,normal,27.0,21,0
1701487260.0,validation,False,normal,27.0,22,0
1701487320.0,validation,False,normal,17.0,32,0
1701487380.0,validation,False,normal,20.0,32,0
1701487440.0,validation,False,normal,16.0,21,0
1701487500.0,validation,False,normal,21.0,21,0
1701487560.0,validation,False,normal,17.0,22,0
1701487620.0,validation,False,normal,18.0,33,0
1701487680.0,validation,False,normal,30.0,21,0
1701487740.0,validation,False,normal,17.0,21,0
1701487800.0,validation,False,normal,20.0,32,0
1701487860.0,validation,False,normal,30.0,21,0
1701487920.0,validation,False,normal,30.0,32,0
1701487980.0,validation,False,normal,22.0,23,0
1701488040.0,validation,False,normal,27.0,26,0
1701488100.0,validation,False,normal,23.0,22,0
1701488160.0,validation,False,normal,25.0,22,0
1701488220.0,validation,False,normal,26.0,31,0
1701488280.0,validation,False,normal,19.0,26,0
1701488340.0,validation,False,normal,20.0,22,0
1701488400.0,validation,False,normal,26.0,22,0
1701488460.0,validation,False,normal,19.0,23,0
1701488520.0,validation,False,normal,20.0,32,0
1701488580.0,validation,False,normal,19.0,22,0
1701488640.0,validation,False,normal,15.0,21,0
1701488700.0,validation,False,normal,20.0,21,0
1701488760.0,validation,False,normal,17.0,22,0
1701488820.0,validation,False,normal,16.0,32,0
1701488880.0,validation,False,normal,20.0,21,0
1701488940.0,validation,False,normal,16.0,22,0
1701489000.0,validation,False,normal,21.0,22,0
1701489060.0,validation,True,collection,22.0,35,1
1701489120.0,validation,True,collection,32.0,33,0
1701489180.0,validation,False,normal,20.0,31,0
1701489240.0,validation,False,normal,20.0,22,0
1701489300.0,validation,False,normal,14.0,21,0
1701489360.0,validation,False,normal,17.0,21,0
1701489420.0,validation,False,normal,17.0,33,0
1701489480.0,validation,False,normal,23.0,14,0
1701489540.0,validation,False,normal,22.0,21,0
1701489600.0,validation,False,normal,23.0,192,0
1701489660.0,validation,False,normal,22.0,22,0
1701489720.0,validation,False,normal,23.0,32,0
1701489780.0,validation,False,normal,21.0,21,0
1701489840.0,validation,False,normal,22.0,22,0
1701489900.0,validation,False,normal,20.0,20,0
1701489960.0,validation,False,normal,21.0,22,0
1701490020.0,validation,False,normal,28.0,33,0
1701490080.0,validation,False,normal,19.0,32,0
1701490140.0,validation,False,normal,23.0,21,0
1701490200.0,validation,False,normal,26.0,21,0
1701490260.0,validation,False,normal,16.0,21,0
1701490320.0,validation,False,normal,23.0,32,0
1701490380.0,validation,False,normal,19.0,20,0
1701490440.0,validation,False,normal,18.0,22,0
1701490500.0,validation,False,normal,14.0,21,0
1701490560.0,validation,False,normal,24.0,21,0
1701490620.0,validation,False,normal,24.0,41,0
1701490680.0,validation,False,normal,31.0,21,0
1701490740.0,validation,False,normal,20.0,14,0
1701490800.0,validation,False,normal,25.0,22,0
1701490860.0,validation,False,normal,17.0,21,0
1701490920.0,validation,False,normal,8.0,31,0
1701490980.0,validation,False,normal,21.0,33,0
1701491040.0,validation,False,normal,16.0,21,0
1701491100.0,validation,False,normal,17.0,21,0
1701491160.0,validation,False,normal,29.0,21,0
1701491220.0,validation,False,normal,21.0,32,0
1701491280.0,validation,False,normal,25.0,21,0
1701491340.0,validation,False,normal,21.0,22,0
1701491400.0,validation,False,normal,15.0,21,0
1701491460.0,validation,False,normal,10.0,22,0
1701491520.0,validation,False,normal,27.0,31,0
1701491580.0,validation,False,normal,17.0,21,0
1701491640.0,validation,False,normal,34.0,21,0
1701491700.0,validation,False,normal,13.0,22,0
1701491760.0,validation,False,normal,28.0,14,0
1701491820.0,validation,False,normal,30.0,32,0
1701491880.0,validation,False,normal,23.0,31,0
1701491940.0,validation,False,normal,22.0,22,0
1701492000.0,validation,False,normal,17.0,21,0
1701492060.0,validation,False,normal,19.0,21,0
1701492120.0,validation,False,normal,17.0,33,0
1701492180.0,validation,False,normal,31.0,20,0
1701492240.0,validation,False,normal,19.0,39,0
1701492300.0,validation,False,normal,24.0,19,0
1701492360.0,validation,False,normal,28.0,22,0
1701492420.0,validation,False,normal,23.0,33,0
1701492480.0,validation,False,normal,16.0,21,0
1701492540.0,validation,False,normal,21.0,20,0
1701492600.0,validation,False,normal,22.0,22,0
1701492660.0,validation,False,normal,21.0,21,0
1701492720.0,validation,False,normal,25.0,31,0
1701492780.0,validation,False,normal,14.0,31,0
1701492840.0,validation,False,normal,20.0,21,0
1701492900.0,validation,False,normal,19.0,23,0
1701492960.0,validation,False,normal,25.0,15,0
1701493020.0,validation,False,normal,15.0,31,0
1701493080.0,validation,False,normal,16.0,21,0
1701493140.0,validation,False,normal,24.0,22,0
1701493200.0,validation,False,normal,20.0,21,0
1701493260.0,validation,True,collection,19.0,34,1
1701493320.0,validation,True,collection,30.0,32,0
1701493380.0,validation,False,normal,21.0,21,0
1701493440.0,validation,False,normal,29.0,21,0
1701493500.0,validation,False,normal,22.0,21,0
1701493560.0,validation,False,normal,25.0,21,0
1701493620.0,validation,False,normal,27.0,31,0
1701493680.0,validation,False,normal,20.0,32,0
1701493740.0,validation,False,normal,25.0,20,0
1701493800.0,validation,False,normal,22.0,21,0
1701493860.0,validation,False,normal,13.0,15,0
1701493920.0,validation,False,normal,34.0,32,0
1701493980.0,validation,False,normal,26.0,21,0
1701494040.0,validation,False,normal,19.0,21,0
1701494100.0,validation,False,normal,24.0,21,0
1701494160.0,validation,False,normal,23.0,22,0
1701494220.0,validation,False,normal,19.0,41,0
1701494280.0,validation,False,normal,20.0,21,0
1701494340.0,validation,False,normal,16.0,21,0
1701494400.0,validation,False,normal,21.0,21,0
1701494460.0,validation,False,normal,22.0,21,0
1701494520.0,validation,False,normal,16.0,32,0
1701494580.0,validation,False,normal,19.0,31,0
1701494640.0,validation,False,normal,21.0,22,0
1701494700.0,validation,False,normal,24.0,21,0
1701494760.0,validation,False,normal,16.0,21,0
1701494820.0,validation,False,normal,18.0,32,0
1701494880.0,validation,False,normal,18.0,20,0
1701494940.0,validation,False,normal,17.0,21,0
1701495000.0,validation,False,normal,12.0,14,0
1701495060.0,validation,False,normal,23.0,25,0
1701495120.0,validation,False,normal,24.0,37,0
1701495180.0,validation,False,normal,16.0,21,0
1701495240.0,validation,False,normal,25.0,23,0
1701495300.0,validation,False,normal,21.0,21,0
1701495360.0,validation,False,normal,20.0,21,0
1701495420.0,validation,False,normal,23.0,31,0
1701495480.0,validation,False,normal,22.0,32,0
1701495540.0,validation,False,normal,29.0,31,0
1701495600.0,validation,False,normal,23.0,21,0
1701495660.0,validation,False,normal,31.0,20,0
1701495720.0,validation,False,normal,23.0,36,0
1701495780.0,validation,False,normal,24.0,22,0
1701495840.0,validation,False,normal,22.0,14,0
1701495900.0,validation,False,normal,27.0,21,0
1701495960.0,validation,False,normal,24.0,20,0
1701496020.0,validation,False,normal,20.0,31,0
1701496080.0,validation,False,normal,20.0,21,0
1701496140.0,validation,False,normal,26.0,21,0
1701496200.0,validation,False,normal,26.0,21,0
1701496260.0,validation,False,normal,27.0,21,0
1701496320.0,validation,False,normal,15.0,32,0
1701496380.0,validation,False,normal,14.0,32,0
1701496440.0,validation,False,normal,16.0,21,0
1701496500.0,validation,False,normal,21.0,21,0
1701496560.0,validation,False,normal,23.0,20,0
1701496620.0,validation,False,normal,19.0,31,0
1701496680.0,validation,False,normal,20.0,21,0
1701496740.0,validation,False,normal,15.0,21,0
1701496800.0,validation,False,normal,24.0,22,0
1701496860.0,validation,False,normal,18.0,14,0
1701496920.0,validation,False,normal,25.0,36,0
1701496980.0,validation,True,collection,38.0,31,1
1701497040.0,validation,True,collection,30.0,22,0
1701497100.0,validation,True,collection,23.0,21,0
1701497160.0,validation,False,normal,22.0,20,0
1701497220.0,validation,False,normal,17.0,32,0
1701497280.0,validation,False,normal,17.0,31,0
1701497340.0,validation,False,normal,34.0,21,0
1701497400.0,validation,False,normal,20.0,20,0
1701497460.0,validation,False,normal,19.0,21,0
1701497520.0,validation,False,normal,22.0,36,0
1701497580.0,validation,False,normal,15.0,24,0
1701497640.0,validation,False,normal,24.0,20,0
1701497700.0,validation,False,normal,27.0,14,0
1701497760.0,validation,False,normal,19.0,23,0
1701497820.0,validation,False,normal,19.0,40,0
1701497880.0,validation,False,normal,28.0,21,0
1701497940.0,validation,False,normal,22.0,21,0
1701498000.0,validation,False,normal,15.0,20,0
1701498060.0,validation,False,normal,29.0,21,0
1701498120.0,validation,False,normal,23.0,32,0
1701498180.0,validation,False,normal,19.0,31,0
1701498240.0,validation,False,normal,22.0,21,0
1701498300.0,validation,False,normal,12.0,20,0
1701498360.0,validation,False,normal,32.0,21,0
1701498420.0,validation,False,normal,24.0,31,0
1701498480.0,validation,False,normal,27.0,21,0
1701498540.0,validation,False,normal,27.0,21,0
1701498600.0,validation,False,normal,18.0,20,0
1701498660.0,validation,False,normal,31.0,14,0
1701498720.0,validation,False,normal,25.0,30,0
1701498780.0,validation,False,normal,19.0,27,0
1701498840.0,validation,False,normal,19.0,21,0
1701498900.0,validation,False,normal,25.0,21,0
1701498960.0,validation,False,normal,21.0,21,0
1701499020.0,validation,False,normal,12.0,31,0
1701499080.0,validation,False,normal,25.0,30,0
1701499140.0,validation,False,normal,19.0,21,0
1701499200.0,validation,False,normal,22.0,21,0
1701499260.0,validation,False,normal,20.0,21,0
1701499320.0,validation,False,normal,22.0,32,0
1701499380.0,validation,False,normal,15.0,21,0
1701499440.0,validation,False,normal,20.0,20,0
1701499500.0,validation,False,normal,21.0,21,0
1701499560.0,validation,False,normal,14.0,21,0
1701499620.0,validation,False,normal,25.0,32,0
1701499680.0,validation,False,normal,25.0,21,0
1701499740.0,validation,False,normal,23.0,20,0
1701499800.0,validation,False,normal,19.0,13,0
1701499860.0,validation,False,normal,28.0,22,0
1701499920.0,validation,False,normal,27.0,30,0
1701499980.0,validation,False,normal,19.0,32,0
1701500040.0,validation,False,normal,26.0,21,0
1701500100.0,validation,False,normal,13.0,20,0
1701500160.0,validation,False,normal,24.0,21,0
1701500220.0,validation,False,normal,26.0,31,0
1701500280.0,validation,False,normal,15.0,22,0
1701500340.0,validation,False,normal,30.0,21,0
1701500400.0,validation,False,normal,26.0,21,0
1701500460.0,validation,False,normal,22.0,21,0
1701500520.0,validation,False,normal,27.0,31,0
1701500580.0,validation,True,collection,27.0,30,1
1701500640.0,validation,True,collection,33.0,21,0
1701500700.0,validation,False,normal,22.0,22,0
1701500760.0,validation,False,normal,31.0,21,0
1701500820.0,validation,False,normal,19.0,33,0
1701500880.0,validation,False,normal,22.0,34,0
1701500940.0,validation,False,normal,21.0,21,0
1701501000.0,validation,False,normal,21.0,24,0
1701501060.0,validation,False,normal,17.0,20,0
1701501120.0,validation,False,normal,25.0,32,0
1701501180.0,validation,False,normal,18.0,21,0
1701501240.0,validation,False,normal,22.0,21,0
1701501300.0,validation,False,normal,25.0,22,0
1701501360.0,validation,False,normal,33.0,21,0
1701501420.0,validation,False,normal,22.0,41,0
1701501480.0,validation,False,normal,24.0,21,0
1701501540.0,validation,False,normal,24.0,21,0
1701501600.0,validation,False,normal,27.0,22,0
1701501660.0,validation,False,normal,24.0,21,0
1701501720.0,validation,False,normal,25.0,31,0
1701501780.0,validation,False,normal,18.0,31,0
1701501840.0,validation,False,normal,18.0,22,0
1701501900.0,validation,False,normal,17.0,20,0
1701501960.0,validation,False,normal,26.0,22,0
1701502020.0,validation,False,normal,19.0,31,0
1701502080.0,validation,False,normal,23.0,21,0
1701502140.0,validation,False,normal,17.0,20,0
1701502200.0,validation,False,normal,25.0,13,0
1701502260.0,validation,False,normal,27.0,20,0
1701502320.0,validation,False,normal,19.0,31,0
1701502380.0,validation,False,normal,20.0,205,0
1701502440.0,validation,False,normal,16.0,30,0
1701502500.0,validation,False,normal,17.0,21,0
1701502560.0,validation,False,normal,28.0,22,0
1701502620.0,validation,False,normal,20.0,31,0
1701502680.0,validation,False,normal,20.0,22,0
1701502740.0,validation,False,normal,16.0,20,0
1701502800.0,validation,False,normal,15.0,21,0
1701502860.0,validation,False,normal,25.0,21,0
1701502920.0,validation,False,normal,16.0,36,0
1701502980.0,validation,False,normal,17.0,21,0
1701503040.0,validation,False,normal,14.0,21,0
1701503100.0,validation,False,normal,15.0,22,0
1701503160.0,validation,False,normal,23.0,13,0
1701503220.0,validation,False,normal,24.0,32,0
1701503280.0,validation,False,normal,22.0,31,0
1701503340.0,validation,False,normal,17.0,21,0
1701503400.0,validation,False,normal,18.0,20,0
1701503460.0,validation,False,normal,30.0,25,0
1701503520.0,validation,False,normal,17.0,32,0
1701503580.0,validation,False,normal,14.0,21,0
1701503640.0,validation,False,normal,24.0,20,0
1701503700.0,validation,False,normal,17.0,21,0
1701503760.0,validation,False,normal,17.0,20,0
1701503820.0,validation,False,normal,22.0,31,0
1701503880.0,validation,False,normal,18.0,21,0
1701503940.0,validation,False,normal,24.0,22,0
1701504000.0,validation,False,normal,19.0,20,0
1701504060.0,validation,False,normal,27.0,22,0
1701504120.0,validation,False,normal,27.0,34,0
1701504180.0,validation,False,normal,14.0,32,0
1701504240.0,validation,False,normal,18.0,21,0
1701504300.0,validation,False,normal,23.0,21,0
1701504360.0,validation,False,normal,19.0,15,0
1701504420.0,validation,False,normal,23.0,30,0
1701504480.0,validation,False,normal,19.0,20,0
1701504540.0,validation,False,normal,17.0,21,0
1701504600.0,validation,False,normal,17.0,20,0
1701504660.0,validation,False,normal,13.0,23,0
1701504720.0,validation,False,normal,19.0,31,0
1701504780.0,validation,True,collection,16.0,30,1
1701504840.0,validation,True,collection,26.0,22,0
1701504900.0,validation,True,collection,29.0,23,0
1701504960.0,validation,False,normal,24.0,23,0
1701505020.0,validation,False,normal,8.0,40,0
1701505080.0,validation,False,normal,23.0,33,0
1701505140.0,validation,False,normal,16.0,21,0
1701505200.0,validation,False,normal,22.0,22,0
1701505260.0,validation,False,normal,18.0,22,0
1701505320.0,validation,False,normal,16.0,32,0
1701505380.0,validation,False,normal,21.0,23,0
1701505440.0,validation,False,normal,29.0,15,0
1701505500.0,validation,False,normal,19.0,22,0
1701505560.0,validation,False,normal,13.0,23,0
1701505620.0,validation,False,normal,22.0,32,0
1701505680.0,validation,False,normal,17.0,23,0
1701505740.0,validation,False,normal,31.0,22,0
1701505800.0,validation,False,normal,33.0,19,0
1701505860.0,validation,False,normal,17.0,20,0
1701505920.0,validation,False,normal,23.0,32,0
1701505980.0,validation,False,normal,17.0,33,0
1701506040.0,validation,False,normal,19.0,22,0
1701506100.0,validation,False,normal,15.0,21,0
1701506160.0,validation,False,normal,22.0,21,0
1701506220.0,validation,False,normal,22.0,31,0
1701506280.0,validation,False,normal,29.0,21,0
1701506340.0,validation,False,normal,18.0,33,0
1701506400.0,validation,False,normal,26.0,21,0
1701506460.0,validation,False,normal,17.0,22,0
1701506520.0,validation,False,normal,29.0,30,0
1701506580.0,validation,False,normal,14.0,22,0
1701506640.0,validation,False,normal,23.0,21,0
1701506700.0,validation,False,normal,25.0,21,0
1701506760.0,validation,False,normal,20.0,22,0
1701506820.0,validation,False,normal,12.0,31,0
1701506880.0,validation,False,normal,18.0,15,0
1701506940.0,validation,False,normal,18.0,21,0
1701507000.0,validation,False,normal,14.0,22,0
1701507060.0,validation,False,normal,22.0,21,0
1701507120.0,validation,False,normal,19.0,35,0
1701507180.0,validation,False,normal,15.0,21,0
1701507240.0,validation,False,normal,22.0,32,0
1701507300.0,validation,False,normal,13.0,20,0
1701507360.0,validation,False,normal,20.0,20,0
1701507420.0,validation,False,normal,17.0,31,0
1701507480.0,validation,False,normal,28.0,20,0
1701507540.0,validation,False,normal,14.0,21,0
1701507600.0,validation,False,normal,22.0,21,0
1701507660.0,validation,False,normal,21.0,21,0
1701507720.0,validation,False,normal,24.0,31,0
1701507780.0,validation,False,normal,24.0,22,0
1701507840.0,validation,False,normal,25.0,22,0
1701507900.0,validation,False,normal,24.0,13,0
1701507960.0,validation,False,normal,20.0,22,0
1701508020.0,validation,False,normal,18.0,30,0
1701508080.0,validation,False,normal,28.0,21,0
1701508140.0,validation,False,normal,21.0,31,0
1701508200.0,validation,False,normal,12.0,21,0
1701508260.0,validation,False,normal,15.0,21,0
1701508320.0,validation,False,normal,26.0,32,0
1701508380.0,validation,False,normal,16.0,22,0
1701508440.0,validation,True,collection,23.0,33,1
1701508500.0,validation,True,collection,24.0,22,0
1701508560.0,validation,False,normal,17.0,21,0
1701508620.0,validation,False,normal,23.0,40,0
1701508680.0,validation,False,normal,17.0,20,0
1701508740.0,validation,False,normal,17.0,21,0
1701508800.0,validation,False,normal,24.0,21,0
1701508860.0,validation,False,normal,20.0,21,0
1701508920.0,validation,False,normal,22.0,31,0
1701508980.0,validation,False,normal,19.0,21,0
1701509040.0,validation,False,normal,21.0,33,0
1701509100.0,validation,False,normal,23.0,21,0
1701509160.0,validation,False,normal,21.0,21,0
1701509220.0,validation,False,normal,32.0,30,0
1701509280.0,validation,False,normal,21.0,15,0
1701509340.0,validation,False,normal,17.0,21,0
1701509400.0,validation,False,normal,24.0,20,0
1701509460.0,validation,False,normal,20.0,21,0
1701509520.0,validation,False,normal,18.0,31,0
1701509580.0,validation,False,normal,18.0,22,0
1701509640.0,validation,False,normal,21.0,20,0
1701509700.0,validation,False,normal,15.0,22,0
1701509760.0,validation,False,normal,24.0,20,0
1701509820.0,validation,False,normal,19.0,31,0
1701509880.0,validation,False,normal,20.0,22,0
1701509940.0,validation,False,normal,14.0,31,0
1701510000.0,validation,False,normal,27.0,22,0
1701510060.0,validation,False,normal,15.0,21,0
1701510120.0,validation,False,normal,19.0,32,0
1701510180.0,validation,False,normal,25.0,23,0
1701510240.0,validation,False,normal,22.0,27,0
1701510300.0,validation,False,normal,17.0,21,0
1701510360.0,validation,False,normal,31.0,21,0
1701510420.0,validation,False,normal,26.0,31,0
1701510480.0,validation,False,normal,25.0,23,0
1701510540.0,validation,False,normal,21.0,23,0
1701510600.0,validation,False,normal,17.0,20,0
1701510660.0,validation,False,normal,19.0,22,0
1701510720.0,validation,False,normal,11.0,30,0
1701510780.0,validation,False,normal,25.0,22,0
1701510840.0,validation,False,normal,15.0,30,0
1701510900.0,validation,False,normal,18.0,21,0
1701510960.0,validation,False,normal,29.0,21,0
1701511020.0,validation,False,normal,15.0,30,0
1701511080.0,validation,False,normal,20.0,22,0
1701511140.0,validation,False,normal,12.0,21,0
1701511200.0,validation,False,normal,26.0,21,0
1701511260.0,validation,False,normal,13.0,14,0
1701511320.0,validation,False,normal,31.0,35,0
1701511380.0,validation,False,normal,20.0,21,0
1701511440.0,validation,False,normal,23.0,20,0
1701511500.0,validation,False,normal,16.0,21,0
1701511560.0,validation,False,normal,18.0,21,0
1701511620.0,validation,False,normal,15.0,31,0
1701511680.0,validation,False,normal,15.0,21,0
1701511740.0,validation,False,normal,24.0,32,0
1701511800.0,validation,True,collection,36.0,34,1
1701511860.0,validation,True,collection,37.0,27,0
1701511920.0,validation,False,normal,18.0,34,0
1701511980.0,validation,False,normal,17.0,17,0
1701512040.0,validation,False,normal,18.0,16,0
1701512100.0,validation,False,normal,16.0,2408,0
1701512160.0,validation,False,normal,20.0,20,0
1701512220.0,validation,False,normal,21.0,39,0
1701512280.0,validation,False,normal,25.0,364,0
1701512340.0,validation,False,normal,22.0,21,0
1701512400.0,validation,False,normal,22.0,20,0
1701512460.0,validation,False,normal,29.0,22,0
1701512520.0,validation,False,normal,31.0,31,0
1701512580.0,validation,False,normal,18.0,20,0
1701512640.0,validation,False,normal,20.0,15,0
1701512700.0,validation,False,normal,24.0,31,0
1701512760.0,validation,False,normal,13.0,22,0
1701512820.0,validation,False,normal,27.0,33,0
1701512880.0,validation,False,normal,20.0,22,0
1701512940.0,validation,False,normal,14.0,23,0
1701513000.0,validation,False,normal,17.0,23,0
1701513060.0,validation,False,normal,19.0,22,0
1701513120.0,validation,False,normal,16.0,32,0
1701513180.0,validation,False,normal,15.0,32,0
1701513240.0,validation,False,normal,21.0,23,0
1701513300.0,validation,False,normal,22.0,23,0
1701513360.0,validation,False,normal,14.0,21,0
1701513420.0,validation,False,normal,35.0,32,0
1701513480.0,validation,False,normal,18.0,20,0
1701513540.0,validation,False,normal,20.0,22,0
1701513600.0,validation,False,normal,21.0,20,0
1701513660.0,validation,False,normal,10.0,21,0
1701513720.0,validation,False,normal,25.0,30,0
1701513780.0,validation,False,normal,21.0,22,0
1701513840.0,validation,False,normal,17.0,20,0
1701513900.0,validation,False,normal,24.0,21,0
1701513960.0,validation,False,normal,25.0,20,0
1701514020.0,validation,False,normal,23.0,31,0
1701514080.0,validation,False,normal,22.0,32,0
1701514140.0,validation,False,normal,16.0,15,0
1701514200.0,validation,False,normal,31.0,20,0
1701514260.0,validation,False,normal,26.0,829,0
1701514320.0,validation,False,normal,32.0,1330,0
1701514380.0,validation,False,normal,17.0,21,0
1701514440.0,validation,False,normal,25.0,135,0
1701514500.0,validation,False,normal,21.0,20,0
1701514560.0,validation,False,normal,24.0,20,0
1701514620.0,validation,False,normal,18.0,31,0
1701514680.0,validation,False,normal,22.0,22,0
1701514740.0,validation,False,normal,25.0,20,0
1701514800.0,validation,False,normal,18.0,22,0
1701514860.0,validation,False,normal,16.0,20,0
1701514920.0,validation,False,normal,20.0,24,0
1701514980.0,validation,True,collection,17.0,40,1
1701515040.0,validation,True,collection,36.0,22,0
1701515100.0,validation,False,normal,20.0,20,0
1701515160.0,validation,False,normal,28.0,22,0
1701515220.0,validation,False,normal,20.0,30,0
1701515280.0,validation,False,normal,31.0,21,0
1701515340.0,validation,False,normal,24.0,21,0
1701515400.0,validation,False,normal,20.0,21,0
1701515460.0,validation,False,normal,19.0,20,0
1701515520.0,validation,False,normal,18.0,32,0
1701515580.0,validation,False,normal,18.0,21,0
1701515640.0,validation,False,normal,24.0,21,0
1701515700.0,validation,False,normal,32.0,20,0
1701515760.0,validation,False,normal,21.0,21,0
1701515820.0,validation,False,normal,17.0,39,0
1701515880.0,validation,False,normal,20.0,34,0
1701515940.0,validation,False,normal,22.0,12,0
1701516000.0,validation,False,normal,23.0,21,0
1701516060.0,validation,False,normal,28.0,20,0
1701516120.0,validation,False,normal,18.0,32,0
1701516180.0,validation,False,normal,20.0,19,0
1701516240.0,validation,False,normal,30.0,22,0
1701516300.0,validation,False,normal,24.0,20,0
1701516360.0,validation,False,normal,30.0,22,0
1701516420.0,validation,False,normal,23.0,30,0
1701516480.0,validation,False,normal,22.0,22,0
1701516540.0,validation,False,normal,29.0,21,0
1701516600.0,validation,False,normal,12.0,29,0
1701516660.0,validation,False,normal,15.0,21,0
1701516720.0,validation,False,normal,19.0,36,0
1701516780.0,validation,False,normal,23.0,35,0
1701516840.0,validation,False,normal,16.0,20,0
1701516900.0,validation,False,normal,15.0,22,0
1701516960.0,validation,False,normal,13.0,13,0
1701517020.0,validation,False,normal,15.0,30,0
1701517080.0,validation,False,normal,17.0,559,0
1701517140.0,validation,False,normal,22.0,21,0
1701517200.0,validation,False,normal,16.0,25,0
1701517260.0,validation,False,normal,17.0,21,0
1701517320.0,validation,False,normal,26.0,36,0
1701517380.0,validation,False,normal,16.0,20,0
1701517440.0,validation,False,normal,22.0,20,0
1701517500.0,validation,False,normal,28.0,21,0
1701517560.0,validation,False,normal,21.0,20,0
1701517620.0,validation,False,normal,26.0,32,0
1701517680.0,validation,False,normal,22.0,31,0
1701517740.0,validation,False,normal,18.0,21,0
1701517800.0,validation,False,normal,19.0,21,0
1701517860.0,validation,False,normal,27.0,21,0
1701517920.0,validation,False,normal,20.0,24,0
1701517980.0,validation,False,normal,22.0,22,0
1701518040.0,validation,True,collection,24.0,29,1
1701518100.0,validation,True,collection,25.0,22,0
1701518160.0,validation,True,collection,22.0,21,0
1701518220.0,validation,False,normal,24.0,36,0
1701518280.0,validation,False,normal,16.0,19,0
1701518340.0,validation,False,normal,11.0,22,0
1701518400.0,validation,False,normal,14.0,20,0
1701518460.0,validation,False,normal,27.0,21,0
1701518520.0,validation,False,normal,31.0,30,0
1701518580.0,validation,False,normal,21.0,32,0
1701518640.0,validation,False,normal,17.0,21,0
1701518700.0,validation,False,normal,21.0,22,0
1701518760.0,validation,False,normal,15.0,20,0
1701518820.0,validation,False,normal,17.0,25,0
1701518880.0,validation,False,normal,16.0,21,0
1701518940.0,validation,False,normal,18.0,20,0
1701519000.0,validation,False,normal,26.0,20,0
1701519060.0,validation,False,normal,23.0,20,0
1701519120.0,validation,False,normal,24.0,32,0
1701519180.0,validation,False,normal,20.0,20,0
1701519240.0,validation,False,normal,19.0,21,0
1701519300.0,validation,False,normal,22.0,20,0
1701519360.0,validation,False,normal,23.0,21,0
1701519420.0,validation,False,normal,18.0,40,0
1701519480.0,validation,False,normal,29.0,31,0
1701519540.0,validation,False,normal,24.0,21,0
1701519600.0,validation,False,normal,21.0,21,0
1701519660.0,validation,False,normal,25.0,30,0
1701519720.0,validation,False,normal,17.0,30,0
1701519780.0,validation,False,normal,18.0,28,0
1701519840.0,validation,False,normal,26.0,25,0
1701519900.0,validation,False,normal,18.0,22,0
1701519960.0,validation,False,normal,23.0,22,0
1701520020.0,validation,False,normal,20.0,34,0
1701520080.0,validation,False,normal,16.0,21,0
1701520140.0,validation,False,normal,26.0,19,0
1701520200.0,validation,False,normal,25.0,24,0
1701520260.0,validation,False,normal,27.0,20,0
1701520320.0,validation,False,normal,25.0,37,0
1701520380.0,validation,False,normal,20.0,30,0
1701520440.0,validation,False,normal,22.0,215,0
1701520500.0,validation,False,normal,26.0,26,0
1701520560.0,validation,False,normal,25.0,20,0
1701520620.0,validation,False,normal,27.0,31,0
1701520680.0,validation,False,normal,30.0,32,0
1701520740.0,validation,False,normal,23.0,25,0
1701520800.0,validation,False,normal,63.0,21,0
1701520860.0,validation,False,normal,23.0,20,0
1701520920.0,validation,False,normal,23.0,37,0
1701520980.0,validation,False,normal,18.0,20,0
1701521040.0,validation,False,normal,13.0,21,0
1701521100.0,validation,False,normal,25.0,22,0
1701521160.0,validation,False,normal,20.0,21,0
1701521220.0,validation,False,normal,23.0,30,0
1701521280.0,validation,False,normal,13.0,21,0
1701521340.0,validation,False,normal,15.0,37,0
1701521400.0,validation,False,normal,26.0,14,0
1701521460.0,validation,True,collection,27.0,35,1
1701521520.0,validation,True,collection,39.0,31,0
1701521580.0,validation,False,normal,17.0,21,0
1701521640.0,validation,False,normal,23.0,21,0
1701521700.0,validation,False,normal,22.0,21,0
1701521760.0,validation,False,normal,32.0,22,0
1701521820.0,validation,False,normal,22.0,31,0
1701521880.0,validation,False,normal,23.0,21,0
1701521940.0,validation,False,normal,25.0,21,0
1701522000.0,validation,False,normal,20.0,21,0
1701522060.0,validation,False,normal,23.0,21,0
1701522120.0,validation,False,normal,16.0,32,0
1701522180.0,validation,False,normal,25.0,21,0
1701522240.0,validation,False,normal,15.0,31,0
1701522300.0,validation,False,normal,20.0,21,0
1701522360.0,validation,False,normal,13.0,20,0
1701522420.0,validation,False,normal,14.0,30,0
1701522480.0,validation,False,normal,22.0,22,0
1701522540.0,validation,False,normal,18.0,206,0
1701522600.0,validation,False,normal,13.0,30,0
1701522660.0,validation,False,normal,20.0,20,0
1701522720.0,validation,False,normal,22.0,37,0
1701522780.0,validation,False,normal,15.0,20,0
1701522840.0,validation,False,normal,19.0,21,0
1701522900.0,validation,False,normal,21.0,23,0
1701522960.0,validation,False,normal,29.0,21,0
1701523020.0,validation,False,normal,29.0,39,0
1701523080.0,validation,False,normal,18.0,21,0
1701523140.0,validation,False,normal,17.0,30,0
1701523200.0,validation,False,normal,20.0,21,0
1701523260.0,validation,False,normal,25.0,20,0
1701523320.0,validation,False,normal,16.0,32,0
1701523380.0,validation,False,normal,21.0,13,0
1701523440.0,validation,False,normal,33.0,32,0
1701523500.0,validation,False,normal,22.0,20,0
1701523560.0,validation,False,normal,14.0,22,0
1701523620.0,validation,False,normal,25.0,32,0
1701523680.0,validation,False,normal,18.0,21,0
1701523740.0,validation,False,normal,22.0,20,0
1701523800.0,validation,False,normal,21.0,30,0
1701523860.0,validation,False,normal,16.0,20,0
1701523920.0,validation,False,normal,18.0,37,0
1701523980.0,validation,False,normal,29.0,21,0
1701524040.0,validation,False,normal,20.0,20,0
1701524100.0,validation,False,normal,26.0,19,0
1701524160.0,validation,False,normal,17.0,20,0
1701524220.0,validation,False,normal,16.0,31,0
1701524280.0,validation,False,normal,20.0,20,0
1701524340.0,validation,False,normal,21.0,25,0
1701524400.0,validation,False,normal,15.0,21,0
1701524460.0,validation,False,normal,21.0,20,0
1701524520.0,validation,False,normal,16.0,31,0
1701524580.0,validation,True,collection,46.0,35,1
1701524640.0,validation,True,collection,27.0,20,0
1701524700.0,validation,False,normal,31.0,21,0
1701524760.0,validation,False,normal,15.0,21,0
1701524820.0,validation,False,normal,17.0,31,0
1701524880.0,validation,False,normal,19.0,20,0
1701524940.0,validation,False,normal,14.0,22,0
1701525000.0,validation,False,normal,25.0,21,0
1701525060.0,validation,False,normal,25.0,21,0
1701525120.0,validation,False,normal,21.0,31,0
1701525180.0,validation,False,normal,14.0,20,0
1701525240.0,validation,False,normal,29.0,32,0
1701525300.0,validation,False,normal,18.0,21,0
1701525360.0,validation,False,normal,18.0,15,0
1701525420.0,validation,False,normal,23.0,32,0
1701525480.0,validation,False,normal,19.0,20,0
1701525540.0,validation,False,normal,15.0,21,0
1701525600.0,validation,False,normal,24.0,20,0
1701525660.0,validation,False,normal,19.0,21,0
1701525720.0,validation,False,normal,28.0,31,0
1701525780.0,validation,False,normal,25.0,25,0
1701525840.0,validation,False,normal,13.0,21,0
1701525900.0,validation,False,normal,19.0,21,0
1701525960.0,validation,False,normal,19.0,22,0
1701526020.0,validation,False,normal,21.0,36,0
1701526080.0,validation,False,normal,18.0,21,0
1701526140.0,validation,False,normal,13.0,34,0
1701526200.0,validation,False,normal,27.0,20,0
1701526260.0,validation,False,normal,24.0,22,0
1701526320.0,validation,False,normal,27.0,31,0
1701526380.0,validation,False,normal,23.0,21,0
1701526440.0,validation,False,normal,20.0,20,0
1701526500.0,validation,False,normal,20.0,24,0
1701526560.0,validation,False,normal,12.0,21,0
1701526620.0,validation,False,normal,21.0,40,0
1701526680.0,validation,False,normal,19.0,13,0
1701526740.0,validation,False,normal,14.0,21,0
1701526800.0,validation,False,normal,18.0,21,0
1701526860.0,validation,False,normal,20.0,21,0
1701526920.0,validation,False,normal,24.0,31,0
1701526980.0,validation,False,normal,23.0,21,0
1701527040.0,validation,False,normal,16.0,32,0
1701527100.0,validation,False,normal,20.0,21,0
1701527160.0,validation,False,normal,26.0,21,0
1701527220.0,validation,False,normal,20.0,35,0
1701527280.0,validation,False,normal,19.0,21,0
1701527340.0,validation,False,normal,19.0,20,0
1701527400.0,validation,False,normal,34.0,28,0
1701527460.0,validation,False,normal,20.0,21,0
1701527520.0,validation,False,normal,32.0,32,0
1701527580.0,validation,False,normal,26.0,27,0
1701527640.0,validation,False,normal,25.0,21,0
1701527700.0,validation,False,normal,19.0,21,0
1701527760.0,validation,False,normal,27.0,14,0
1701527820.0,validation,False,normal,22.0,32,0
1701527880.0,validation,False,normal,29.0,20,0
1701527940.0,validation,False,normal,11.0,33,0
1701528000.0,validation,False,normal,15.0,20,0
1701528060.0,validation,False,normal,29.0,22,0
1701528120.0,validation,False,normal,22.0,30,0
1701528180.0,validation,True,collection,47.0,37,1
1701528240.0,validation,True,collection,40.0,21,0
1701528300.0,validation,False,normal,24.0,21,0
1701528360.0,validation,False,normal,26.0,20,0
1701528420.0,validation,False,normal,25.0,31,0
1701528480.0,validation,False,normal,29.0,20,0
1701528540.0,validation,False,normal,33.0,21,0
1701528600.0,validation,False,normal,21.0,21,0
1701528660.0,validation,False,normal,23.0,21,0
1701528720.0,validation,False,normal,27.0,32,0
1701528780.0,validation,False,normal,25.0,20,0
1701528840.0,validation,False,normal,17.0,25,0
1701528900.0,validation,False,normal,29.0,21,0
1701528960.0,validation,False,normal,19.0,21,0
1701529020.0,validation,False,normal,26.0,31,0
1701529080.0,validation,False,normal,19.0,21,0
1701529140.0,validation,False,normal,28.0,20,0
1701529200.0,validation,False,normal,30.0,21,0
1701529260.0,validation,False,normal,18.0,20,0
1701529320.0,validation,False,normal,24.0,32,0
1701529380.0,validation,False,normal,21.0,19,0
1701529440.0,validation,False,normal,16.0,20,0
1701529500.0,validation,False,normal,25.0,20,0
1701529560.0,validation,False,normal,31.0,21,0
1701529620.0,validation,False,normal,17.0,32,0
1701529680.0,validation,False,normal,22.0,22,0
1701529740.0,validation,False,normal,24.0,24,0
1701529800.0,validation,False,normal,22.0,21,0
1701529860.0,validation,False,normal,26.0,20,0
1701529920.0,validation,False,normal,25.0,32,0
1701529980.0,validation,False,normal,27.0,20,0
1701530040.0,validation,False,normal,24.0,21,0
1701530100.0,validation,False,normal,27.0,20,0
1701530160.0,validation,False,normal,16.0,21,0
1701530220.0,validation,False,normal,21.0,40,0
1701530280.0,validation,False,normal,19.0,22,0
1701530340.0,validation,False,normal,18.0,20,0
1701530400.0,validation,False,normal,29.0,21,0
1701530460.0,validation,False,normal,26.0,21,0
1701530520.0,validation,False,normal,26.0,31,0
1701530580.0,validation,False,normal,18.0,21,0
1701530640.0,validation,False,normal,28.0,31,0
1701530700.0,validation,False,normal,23.0,21,0
1701530760.0,validation,False,normal,22.0,21,0
1701530820.0,validation,False,normal,10.0,24,0
1701530880.0,validation,False,normal,26.0,21,0
1701530940.0,validation,False,normal,16.0,22,0
1701531000.0,validation,False,normal,23.0,30,0
1701531060.0,validation,False,normal,25.0,25,0
1701531120.0,validation,False,normal,27.0,32,0
1701531180.0,validation,False,normal,21.0,21,0
1701531240.0,validation,False,normal,25.0,21,0
1701531300.0,validation,False,normal,13.0,21,0
1701531360.0,validation,False,normal,20.0,21,0
1701531420.0,validation,False,normal,23.0,32,0
1701531480.0,validation,False,normal,29.0,21,0
1701531540.0,validation,False,normal,20.0,32,0
1701531600.0,validation,False,normal,30.0,20,0
1701531660.0,validation,False,normal,15.0,21,0
1701531720.0,validation,False,normal,23.0,31,0
1701531780.0,validation,False,normal,20.0,21,0
1701531840.0,validation,False,normal,22.0,21,0
1701531900.0,validation,False,normal,24.0,19,0
1701531960.0,validation,False,normal,21.0,15,0
1701532020.0,validation,False,normal,20.0,32,0
1701532080.0,validation,False,normal,24.0,21,0
1701532140.0,validation,True,collection,28.0,68,0
1701532200.0,validation,False,normal,13.0,22,0
1701532260.0,validation,False,normal,19.0,23,0
1701532320.0,validation,False,normal,19.0,1112,0
1701532380.0,validation,False,normal,19.0,31,0
1701532440.0,validation,False,normal,13.0,91,1
1701532500.0,validation,True,collection,27.0,1914,0
1701532560.0,validation,True,collection,22.0,7054,0
1701532620.0,validation,False,normal,18.0,2736,0
1701532680.0,validation,False,normal,12.0,22,0
1701532740.0,validation,False,normal,19.0,21,0
1701532800.0,validation,False,normal,19.0,21,0
1701532860.0,validation,False,normal,19.0,22,0
1701532920.0,validation,False,normal,15.0,33,0
1701532980.0,validation,False,normal,17.0,22,0
1701533040.0,validation,False,normal,28.0,16,0
1701533100.0,validation,False,normal,17.0,22,0
1701533160.0,validation,False,normal,21.0,23,0
1701533220.0,validation,False,normal,21.0,33,0
1701533280.0,validation,False,normal,19.0,22,0
1701533340.0,validation,False,normal,24.0,33,0
1701533400.0,validation,False,normal,22.0,22,0
1701533460.0,validation,False,normal,12.0,23,0
1701533520.0,validation,False,normal,13.0,33,0
1701533580.0,validation,False,normal,21.0,22,0
1701533640.0,validation,False,normal,17.0,23,0
1701533700.0,validation,False,normal,20.0,22,0
1701533760.0,validation,False,normal,22.0,23,0
1701533820.0,validation,False,normal,23.0,42,0
1701533880.0,validation,False,normal,22.0,22,0
1701533940.0,validation,False,normal,18.0,22,0
1701534000.0,validation,False,normal,18.0,23,0
1701534060.0,validation,False,normal,20.0,22,0
1701534120.0,validation,False,normal,16.0,26,0
1701534180.0,validation,False,normal,25.0,22,0
1701534240.0,validation,False,normal,25.0,32,0
1701534300.0,validation,False,normal,16.0,22,0
1701534360.0,validation,False,normal,21.0,22,0
1701534420.0,validation,False,normal,19.0,33,0
1701534480.0,validation,False,normal,24.0,22,0
1701534540.0,validation,False,normal,23.0,23,0
1701534600.0,validation,False,normal,30.0,31,0
1701534660.0,validation,False,normal,13.0,23,0
1701534720.0,validation,False,normal,32.0,33,0
1701534780.0,validation,False,normal,22.0,22,0
1701534840.0,validation,False,normal,25.0,23,0
1701534900.0,validation,False,normal,29.0,39,0
1701534960.0,validation,True,collection,20.0,8112,0
1701535020.0,validation,True,collection,29.0,14238,1
1701535080.0,validation,True,collection,35.0,21,0
1701535140.0,validation,False,normal,15.0,22,0
1701535200.0,validation,False,normal,19.0,23,0
1701535260.0,validation,False,normal,21.0,22,0
1701535320.0,validation,False,normal,25.0,26,0
1701535380.0,validation,False,normal,21.0,21,0
1701535440.0,validation,False,normal,16.0,22,0
1701535500.0,validation,False,normal,15.0,22,0
1701535560.0,validation,False,normal,28.0,22,0
1701535620.0,validation,False,normal,22.0,33,0
1701535680.0,validation,False,normal,22.0,23,0
1701535740.0,validation,False,normal,19.0,22,0
1701535800.0,validation,False,normal,18.0,33,0
1701535860.0,validation,False,normal,15.0,22,0
1701535920.0,validation,False,normal,20.0,33,0
1701535980.0,validation,False,normal,16.0,22,0
1701536040.0,validation,False,normal,27.0,23,0
1701536100.0,validation,False,normal,22.0,23,0
1701536160.0,validation,False,normal,21.0,22,0
1701536220.0,validation,False,normal,21.0,32,0
1701536280.0,validation,False,normal,20.0,21,0
1701536340.0,validation,False,normal,22.0,22,0
1701536400.0,validation,False,normal,24.0,22,0
1701536460.0,validation,False,normal,24.0,23,0
1701536520.0,validation,False,normal,18.0,33,0
1701536580.0,validation,False,normal,18.0,15,0
1701536640.0,validation,False,normal,19.0,23,0
1701536700.0,validation,False,normal,15.0,33,0
1701536760.0,validation,False,normal,22.0,23,0
1701536820.0,validation,False,normal,16.0,33,0
1701536880.0,validation,False,normal,28.0,22,0
1701536940.0,validation,False,normal,23.0,22,0
1701537000.0,validation,False,normal,17.0,27,0
1701537060.0,validation,False,normal,13.0,23,0
1701537120.0,validation,False,normal,20.0,33,0
1701537180.0,validation,False,normal,20.0,22,0
1701537240.0,validation,False,normal,22.0,23,0
1701537300.0,validation,False,normal,20.0,23,0
1701537360.0,validation,False,normal,33.0,22,0
1701537420.0,validation,False,normal,11.0,42,0
1701537480.0,validation,False,normal,19.0,22,0
1701537540.0,validation,False,normal,22.0,21,0
1701537600.0,validation,False,normal,24.0,33,0
1701537660.0,validation,False,normal,17.0,23,0
1701537720.0,validation,False,normal,22.0,33,0
1701537780.0,validation,False,normal,17.0,22,0
1701537840.0,validation,False,normal,17.0,23,0
1701537900.0,validation,False,normal,16.0,23,0
1701537960.0,validation,False,normal,16.0,22,0
1701538020.0,validation,True,collection,23.0,48,1
1701538080.0,validation,True,collection,27.0,22,0
1701538140.0,validation,False,normal,19.0,23,0
1701538200.0,validation,False,normal,23.0,32,0
1701538260.0,validation,False,normal,26.0,23,0
1701538320.0,validation,False,normal,24.0,37,0
1701538380.0,validation,False,normal,20.0,22,0
1701538440.0,validation,False,normal,21.0,23,0
1701538500.0,validation,False,normal,15.0,34,0
1701538560.0,validation,False,normal,16.0,23,0
1701538620.0,validation,False,normal,20.0,33,0
1701538680.0,validation,False,normal,19.0,22,0
1701538740.0,validation,False,normal,16.0,23,0
1701538800.0,validation,False,normal,23.0,23,0
1701538860.0,validation,False,normal,23.0,23,0
1701538920.0,validation,False,normal,19.0,33,0
1701538980.0,validation,False,normal,28.0,32,0
1701539040.0,validation,False,normal,27.0,23,0
1701539100.0,validation,False,normal,25.0,23,0
1701539160.0,validation,False,normal,19.0,23,0
1701539220.0,validation,False,normal,17.0,33,0
1701539280.0,validation,False,normal,28.0,22,0
1701539340.0,validation,False,normal,22.0,23,0
1701539400.0,validation,False,normal,28.0,34,0
1701539460.0,validation,False,normal,30.0,23,0
1701539520.0,validation,False,normal,17.0,33,0
1701539580.0,validation,False,normal,23.0,22,0
1701539640.0,validation,False,normal,22.0,23,0
1701539700.0,validation,False,normal,15.0,23,0
1701539760.0,validation,False,normal,17.0,23,0
1701539820.0,validation,False,normal,20.0,33,0
1701539880.0,validation,False,normal,14.0,349,0
1701539940.0,validation,False,normal,15.0,22,0
1701540000.0,validation,False,normal,15.0,15,0
1701540060.0,validation,False,normal,25.0,22,0
1701540120.0,validation,False,normal,24.0,33,0
1701540180.0,validation,False,normal,24.0,22,0
1701540240.0,validation,False,normal,22.0,22,0
1701540300.0,validation,False,normal,20.0,33,0
1701540360.0,validation,False,normal,23.0,22,0
1701540420.0,validation,False,normal,23.0,33,0
1701540480.0,validation,False,normal,20.0,22,0
1701540540.0,validation,False,normal,10.0,23,0
1701540600.0,validation,False,normal,21.0,23,0
1701540660.0,validation,False,normal,15.0,23,0
1701540720.0,validation,False,normal,22.0,33,0
1701540780.0,validation,False,normal,17.0,22,0
1701540840.0,validation,False,normal,19.0,23,0
1701540900.0,validation,False,normal,16.0,23,0
1701540960.0,validation,False,normal,22.0,23,0
1701541020.0,validation,False,normal,22.0,64,0
1701541080.0,validation,False,normal,25.0,22,0
1701541140.0,validation,False,normal,15.0,21,0
1701541200.0,validation,False,normal,21.0,33,0
1701541260.0,validation,False,normal,22.0,23,0
1701541320.0,validation,False,normal,25.0,33,0
1701541380.0,validation,False,normal,16.0,21,0
1701541440.0,validation,False,normal,24.0,16,0
1701541500.0,validation,False,normal,25.0,23,0
1701541560.0,validation,False,normal,18.0,23,0
1701541620.0,validation,False,normal,17.0,33,0
1701541680.0,validation,False,normal,23.0,22,0
1701541740.0,validation,False,normal,23.0,23,0
1701541800.0,validation,False,normal,16.0,32,0
1701541860.0,validation,False,normal,19.0,23,0
1701541920.0,validation,False,normal,25.0,33,0
1701541980.0,validation,False,normal,23.0,26,0
1701542040.0,validation,False,normal,20.0,23,0
1701542100.0,validation,False,normal,16.0,33,0
1701542160.0,validation,True,collection,28.0,37,1
1701542220.0,validation,True,collection,26.0,33,0
1701542280.0,validation,True,collection,26.0,22,0
1701542340.0,validation,False,normal,25.0,22,0
1701542400.0,validation,False,normal,24.0,22,0
1701542460.0,validation,False,normal,14.0,22,0
1701542520.0,validation,False,normal,17.0,32,0
1701542580.0,validation,False,normal,21.0,21,0
1701542640.0,validation,False,normal,20.0,22,0
1701542700.0,validation,False,normal,17.0,23,0
1701542760.0,validation,False,normal,24.0,23,0
1701542820.0,validation,False,normal,16.0,33,0
1701542880.0,validation,False,normal,23.0,22,0
1701542940.0,validation,False,normal,22.0,15,0
1701543000.0,validation,False,normal,16.0,33,0
1701543060.0,validation,False,normal,14.0,22,0
1701543120.0,validation,False,normal,25.0,33,0
1701543180.0,validation,False,normal,14.0,22,0
1701543240.0,validation,False,normal,22.0,23,0
1701543300.0,validation,False,normal,30.0,23,0
1701543360.0,validation,False,normal,15.0,23,0
1701543420.0,validation,False,normal,29.0,33,0
1701543480.0,validation,False,normal,18.0,22,0
1701543540.0,validation,False,normal,21.0,22,0
1701543600.0,validation,False,normal,18.0,22,0
1701543660.0,validation,False,normal,24.0,22,0
1701543720.0,validation,False,normal,25.0,32,0
1701543780.0,validation,False,normal,22.0,21,0
1701543840.0,validation,False,normal,17.0,22,0
1701543900.0,validation,False,normal,17.0,44,0
1701543960.0,validation,False,normal,17.0,23,0
1701544020.0,validation,False,normal,20.0,42,0
1701544080.0,validation,False,normal,14.0,15,0
1701544140.0,validation,False,normal,24.0,22,0
1701544200.0,validation,False,normal,23.0,22,0
1701544260.0,validation,False,normal,15.0,22,0
1701544320.0,validation,False,normal,21.0,33,0
1701544380.0,validation,False,normal,18.0,22,0
1701544440.0,validation,False,normal,20.0,22,0
1701544500.0,validation,False,normal,18.0,22,0
1701544560.0,validation,False,normal,12.0,22,0
1701544620.0,validation,False,normal,15.0,41,0
1701544680.0,validation,False,normal,17.0,21,0
1701544740.0,validation,False,normal,18.0,22,0
1701544800.0,validation,False,normal,23.0,45,0
1701544860.0,validation,False,normal,13.0,23,0
1701544920.0,validation,False,normal,17.0,33,0
1701544980.0,validation,False,normal,21.0,22,0
1701545040.0,validation,False,normal,19.0,16,0
1701545100.0,validation,True,collection,22.0,37,1
1701545160.0,validation,True,exfiltration,34.0,23,0
1701545220.0,validation,False,normal,14.0,33,0
1701545280.0,validation,False,normal,16.0,22,0
1701545340.0,validation,False,normal,23.0,23,0
1701545400.0,validation,False,normal,11.0,31,0
1701545460.0,validation,False,normal,15.0,22,0
1701545520.0,validation,False,normal,17.0,32,0
1701545580.0,validation,False,normal,28.0,21,0
1701545640.0,validation,False,normal,14.0,22,0
1701545700.0,validation,False,normal,21.0,37,0
1701545760.0,validation,False,normal,27.0,22,0
1701545820.0,validation,False,normal,16.0,32,0
1701545880.0,validation,False,normal,19.0,21,0
1701545940.0,validation,False,normal,16.0,23,0
1701546000.0,validation,False,normal,23.0,16,0
1701546060.0,validation,False,normal,24.0,23,0
1701546120.0,validation,False,normal,20.0,33,0
1701546180.0,validation,False,normal,22.0,22,0
1701546240.0,validation,False,normal,22.0,22,0
1701546300.0,validation,False,normal,13.0,22,0
1701546360.0,validation,False,normal,16.0,22,0
1701546420.0,validation,False,normal,25.0,33,0
1701546480.0,validation,False,normal,13.0,31,0
1701546540.0,validation,False,normal,13.0,27,0
1701546600.0,validation,False,normal,24.0,33,0
1701546660.0,validation,False,normal,21.0,22,0
1701546720.0,validation,False,normal,19.0,32,0
1701546780.0,validation,False,normal,15.0,21,0
1701546840.0,validation,False,normal,24.0,22,0
1701546900.0,validation,False,normal,20.0,22,0
1701546960.0,validation,False,normal,14.0,22,0
1701547020.0,validation,False,normal,18.0,32,0
1701547080.0,validation,False,normal,22.0,22,0
1701547140.0,validation,False,normal,17.0,16,0
1701547200.0,validation,False,normal,17.0,23,0
1701547260.0,validation,False,normal,23.0,23,0
1701547320.0,validation,False,normal,16.0,33,0
1701547380.0,validation,False,normal,23.0,22,0
1701547440.0,validation,False,normal,22.0,23,0
1701547500.0,validation,False,normal,27.0,34,0
1701547560.0,validation,False,normal,28.0,23,0
1701547620.0,validation,False,normal,26.0,33,0
1701547680.0,validation,False,normal,13.0,22,0
1701547740.0,validation,False,normal,18.0,23,0
1701547800.0,validation,False,normal,20.0,23,0
1701547860.0,validation,False,normal,21.0,23,0
1701547920.0,validation,False,normal,24.0,33,0
1701547980.0,validation,False,normal,20.0,22,0
1701548040.0,validation,False,normal,21.0,23,0
1701548100.0,validation,False,normal,15.0,23,0
1701548160.0,validation,False,normal,30.0,23,0
1701548220.0,validation,False,normal,20.0,42,0
1701548280.0,validation,False,normal,25.0,22,0
1701548340.0,validation,False,normal,16.0,23,0
1701548400.0,validation,False,normal,18.0,33,0
1701548460.0,validation,False,normal,28.0,22,0
1701548520.0,validation,False,normal,11.0,33,0
1701548580.0,validation,False,normal,20.0,22,0
1701548640.0,validation,False,normal,32.0,23,0
1701548700.0,validation,False,normal,17.0,23,0
1701548760.0,validation,False,normal,15.0,23,0
1701548820.0,validation,False,normal,24.0,33,0
1701548880.0,validation,False,normal,19.0,22,0
1701548940.0,validation,False,normal,18.0,23,0
1701549000.0,validation,False,normal,20.0,36,0
1701549060.0,validation,False,normal,27.0,22,0
1701549120.0,validation,False,normal,21.0,32,0
1701549180.0,validation,False,normal,22.0,21,0
1701549240.0,validation,False,normal,19.0,22,0
1701549300.0,validation,True,exfiltration,24.0,58,0
1701549360.0,validation,True,exfiltration,20.0,23,1
1701549420.0,validation,True,exfiltration,35.0,33,0
1701549480.0,validation,False,normal,23.0,15,0
1701549540.0,validation,False,normal,25.0,22,0
1701549600.0,validation,False,normal,14.0,22,0
1701549660.0,validation,False,normal,22.0,22,0
1701549720.0,validation,False,normal,19.0,33,0
1701549780.0,validation,False,normal,20.0,22,0
1701549840.0,validation,False,normal,29.0,23,0
1701549900.0,validation,False,normal,25.0,23,0
1701549960.0,validation,False,normal,28.0,23,0
1701550020.0,validation,False,normal,17.0,33,0
1701550080.0,validation,False,normal,25.0,22,0
1701550140.0,validation,False,normal,26.0,23,0
1701550200.0,validation,False,normal,21.0,33,0
1701550260.0,validation,False,normal,27.0,22,0
1701550320.0,validation,False,normal,20.0,32,0
1701550380.0,validation,False,normal,18.0,21,0
1701550440.0,validation,False,normal,24.0,22,0
1701550500.0,validation,False,normal,15.0,22,0
1701550560.0,validation,False,normal,24.0,23,0
1701550620.0,validation,False,normal,20.0,33,0
1701550680.0,validation,False,normal,22.0,15,0
1701550740.0,validation,False,normal,12.0,22,0
1701550800.0,validation,False,normal,19.0,27,0
1701550860.0,validation,False,normal,15.0,22,0
1701550920.0,validation,False,normal,23.0,32,0
1701550980.0,validation,False,normal,13.0,22,0
1701551040.0,validation,False,normal,15.0,22,0
1701551100.0,validation,False,normal,18.0,33,0
1701551160.0,validation,False,normal,29.0,23,0
1701551220.0,validation,False,normal,20.0,32,0
1701551280.0,validation,False,normal,16.0,21,0
1701551340.0,validation,False,normal,20.0,22,0
1701551400.0,validation,False,normal,29.0,22,0
1701551460.0,validation,False,normal,21.0,22,0
1701551520.0,validation,False,normal,15.0,32,0
1701551580.0,validation,False,normal,14.0,21,0
1701551640.0,validation,False,normal,16.0,23,0
1701551700.0,validation,False,normal,23.0,15,0
1701551760.0,validation,False,normal,24.0,22,0
1701551820.0,validation,False,normal,20.0,42,0
1701551880.0,validation,False,normal,24.0,22,0
1701551940.0,validation,False,normal,29.0,22,0
1701552000.0,validation,False,normal,24.0,32,0
1701552060.0,validation,False,normal,25.0,22,0
1701552120.0,validation,False,normal,23.0,32,0
1701552180.0,validation,False,normal,21.0,22,0
1701552240.0,validation,False,normal,24.0,23,0
1701552300.0,validation,False,normal,19.0,23,0
1701552360.0,validation,False,normal,12.0,23,0
1701552420.0,validation,False,normal,17.0,33,0
1701552480.0,validation,False,normal,11.0,22,0
1701552540.0,validation,False,normal,28.0,23,0
1701552600.0,validation,False,normal,23.0,31,0
1701552660.0,validation,False,normal,16.0,227,0
1701552720.0,validation,False,normal,33.0,33,0
1701552780.0,validation,False,normal,17.0,20,0
1701552840.0,validation,False,normal,16.0,22,0
1701552900.0,validation,False,normal,13.0,23,0
1701552960.0,validation,False,normal,20.0,22,0
1701553020.0,validation,False,normal,21.0,33,0
1701553080.0,validation,False,normal,32.0,23,0
1701553140.0,validation,False,normal,22.0,23,0
1701553200.0,validation,False,normal,22.0,22,0
1701553260.0,validation,False,normal,20.0,22,0
1701553320.0,validation,False,normal,26.0,33,0
1701553380.0,validation,False,normal,18.0,23,0
1701553440.0,validation,False,normal,25.0,22,0
1701553500.0,validation,True,exfiltration,19.0,47,0
1701553560.0,validation,True,exfiltration,21.0,32,1
1701553620.0,validation,True,exfiltration,36.0,33,0
1701553680.0,validation,False,normal,26.0,22,0
1701553740.0,validation,False,normal,23.0,22,0
1701553800.0,validation,False,normal,20.0,22,0
1701553860.0,validation,False,normal,19.0,22,0
1701553920.0,validation,False,normal,30.0,33,0
1701553980.0,validation,False,normal,16.0,23,0
1701554040.0,validation,False,normal,27.0,23,0
1701554100.0,validation,False,normal,19.0,22,0
1701554160.0,validation,False,normal,20.0,22,0
1701554220.0,validation,False,normal,14.0,33,0
1701554280.0,validation,False,normal,33.0,23,0
1701554340.0,validation,False,normal,18.0,23,0
1701554400.0,validation,False,normal,28.0,22,0
1701554460.0,validation,False,normal,22.0,33,0
1701554520.0,validation,False,normal,26.0,32,0
1701554580.0,validation,False,normal,25.0,22,0
1701554640.0,validation,False,normal,16.0,22,0
1701554700.0,validation,False,normal,16.0,21,0
1701554760.0,validation,False,normal,22.0,22,0
1701554820.0,validation,False,normal,17.0,31,0
1701554880.0,validation,False,normal,350.0,22,0
1701554940.0,validation,False,normal,350.0,22,0
1701555000.0,validation,False,normal,44.0,22,0
1701555060.0,validation,False,normal,30.0,21,0
1701555120.0,validation,False,normal,16.0,33,0
1701555180.0,validation,False,normal,13.0,22,0
1701555240.0,validation,False,normal,19.0,22,0
1701555300.0,validation,False,normal,18.0,22,0
1701555360.0,validation,False,normal,22.0,33,0
1701555420.0,validation,False,normal,18.0,41,0
1701555480.0,validation,False,normal,29.0,23,0
1701555540.0,validation,False,normal,15.0,23,0
1701555600.0,validation,False,normal,20.0,22,0
1701555660.0,validation,False,normal,28.0,22,0
1701555720.0,validation,False,normal,23.0,33,0
1701555780.0,validation,False,normal,26.0,21,0
1701555840.0,validation,False,normal,16.0,22,0
1701555900.0,validation,False,normal,20.0,21,0
1701555960.0,validation,False,normal,19.0,22,0
1701556020.0,validation,False,normal,15.0,26,0
1701556080.0,validation,False,normal,23.0,27,0
1701556140.0,validation,False,normal,17.0,22,0
1701556200.0,validation,False,normal,27.0,30,0
1701556260.0,validation,False,normal,15.0,33,0
1701556320.0,validation,False,normal,20.0,33,0
1701556380.0,validation,False,normal,17.0,27,0
1701556440.0,validation,False,normal,22.0,23,0
1701556500.0,validation,False,normal,26.0,22,0
1701556560.0,validation,False,normal,31.0,22,0
1701556620.0,validation,False,normal,27.0,33,0
1701556680.0,validation,False,normal,19.0,21,0
1701556740.0,validation,False,normal,27.0,22,0
1701556800.0,validation,False,normal,20.0,21,0
1701556860.0,validation,False,normal,21.0,22,0
1701556920.0,validation,False,normal,19.0,26,0
1701556980.0,validation,False,normal,22.0,32,0
1701557040.0,validation,False,normal,28.0,27,0
1701557100.0,validation,False,normal,21.0,22,0
1701557160.0,validation,False,normal,18.0,33,0
1701557220.0,validation,False,normal,22.0,33,0
1701557280.0,validation,False,normal,15.0,22,0
1701557340.0,validation,False,normal,19.0,23,0
1701557400.0,validation,False,normal,24.0,23,0
1701557460.0,validation,False,normal,30.0,22,0
1701557520.0,validation,False,normal,16.0,33,0
1701557580.0,validation,False,normal,23.0,21,0
1701557640.0,validation,False,normal,20.0,22,0
1701557700.0,validation,False,normal,21.0,22,0
1701557760.0,validation,False,normal,31.0,22,0
1701557820.0,validation,False,normal,25.0,26,0
1701557880.0,validation,True,exfiltration,158.0,41,0
1701557940.0,validation,False,normal,324.0,22,0
1701558000.0,validation,False,normal,310.0,22,0
1701558060.0,validation,False,normal,369.0,32,0
1701558120.0,validation,True,command_and_control,231.0,32,1
1701558180.0,validation,True,command_and_control,33.0,22,0
1701558240.0,validation,True,command_and_control,25.0,23,0
1701558300.0,validation,False,normal,19.0,23,0
1701558360.0,validation,False,normal,29.0,23,0
1701558420.0,validation,False,normal,19.0,33,0
1701558480.0,validation,False,normal,30.0,23,0
1701558540.0,validation,False,normal,25.0,23,0
1701558600.0,validation,False,normal,22.0,23,0
1701558660.0,validation,False,normal,30.0,23,0
1701558720.0,validation,False,normal,23.0,26,0
1701558780.0,validation,False,normal,16.0,22,0
1701558840.0,validation,False,normal,32.0,22,0
1701558900.0,validation,False,normal,28.0,22,0
1701558960.0,validation,False,normal,20.0,32,0
1701559020.0,validation,False,normal,16.0,41,0
1701559080.0,validation,False,normal,15.0,23,0
1701559140.0,validation,False,normal,16.0,23,0
1701559200.0,validation,False,normal,25.0,23,0
1701559260.0,validation,False,normal,23.0,22,0
1701559320.0,validation,False,normal,26.0,32,0
1701559380.0,validation,False,normal,22.0,22,0
1701559440.0,validation,False,normal,23.0,22,0
1701559500.0,validation,False,normal,17.0,23,0
1701559560.0,validation,False,normal,18.0,23,0
1701559620.0,validation,False,normal,18.0,33,0
1701559680.0,validation,False,normal,24.0,23,0
1701559740.0,validation,False,normal,27.0,23,0
1701559800.0,validation,False,normal,9.0,30,0
1701559860.0,validation,False,normal,24.0,33,0
1701559920.0,validation,False,normal,21.0,32,0
1701559980.0,validation,False,normal,18.0,26,0
1701560040.0,validation,False,normal,17.0,23,0
1701560100.0,validation,False,normal,21.0,15,0
1701560160.0,validation,False,normal,22.0,23,0
1701560220.0,validation,False,normal,27.0,33,0
1701560280.0,validation,False,normal,26.0,23,0
1701560340.0,validation,False,normal,12.0,23,0
1701560400.0,validation,False,normal,20.0,23,0
1701560460.0,validation,False,normal,26.0,23,0
1701560520.0,validation,False,normal,19.0,33,0
1701560580.0,validation,False,normal,19.0,23,0
1701560640.0,validation,False,normal,19.0,23,0
1701560700.0,validation,False,normal,16.0,22,0
1701560760.0,validation,False,normal,18.0,32,0
1701560820.0,validation,True,command_and_control,23.0,48,1
1701560880.0,validation,True,command_and_control,39.0,22,0
1701560940.0,validation,False,normal,26.0,22,0
1701561000.0,validation,False,normal,27.0,23,0
1701561060.0,validation,False,normal,18.0,21,0
1701561120.0,validation,False,normal,17.0,32,0
1701561180.0,validation,False,normal,19.0,22,0
1701561240.0,validation,False,normal,22.0,22,0
1701561300.0,validation,False,normal,30.0,22,0
1701561360.0,validation,False,normal,19.0,22,0
1701561420.0,validation,False,normal,16.0,33,0
1701561480.0,validation,False,normal,13.0,23,0
1701561540.0,validation,False,normal,14.0,23,0
1701561600.0,development_test,False,normal,17.0,15,0
1701561660.0,development_test,False,normal,18.0,33,0
1701561720.0,development_test,False,normal,20.0,33,0
1701561780.0,development_test,False,normal,18.0,23,0
1701561840.0,development_test,False,normal,26.0,22,0
1701561900.0,development_test,False,normal,23.0,22,0
1701561960.0,development_test,False,normal,18.0,22,0
1701562020.0,development_test,False,normal,15.0,33,0
1701562080.0,development_test,False,normal,18.0,22,0
1701562140.0,development_test,False,normal,24.0,23,0
1701562200.0,development_test,False,normal,19.0,23,0
1701562260.0,development_test,False,normal,29.0,23,0
1701562320.0,development_test,False,normal,21.0,33,0
1701562380.0,development_test,False,normal,19.0,21,0
1701562440.0,development_test,False,normal,16.0,22,0
1701562500.0,development_test,False,normal,15.0,22,0
1701562560.0,development_test,False,normal,23.0,34,0
1701562620.0,development_test,False,normal,24.0,34,0
1701562680.0,development_test,False,normal,18.0,22,0
1701562740.0,development_test,False,normal,21.0,22,0
1701562800.0,development_test,False,normal,19.0,22,0
1701562860.0,development_test,False,normal,31.0,23,0
1701562920.0,development_test,False,normal,22.0,33,0
1701562980.0,development_test,False,normal,17.0,22,0
1701563040.0,development_test,False,normal,25.0,23,0
1701563100.0,development_test,False,normal,20.0,23,0
1701563160.0,development_test,False,normal,21.0,22,0
1701563220.0,development_test,False,normal,29.0,33,0
1701563280.0,development_test,False,normal,29.0,21,0
1701563340.0,development_test,False,normal,11.0,22,0
1701563400.0,development_test,False,normal,22.0,30,0
1701563460.0,development_test,False,normal,20.0,34,0
1701563520.0,development_test,False,normal,24.0,31,0
1701563580.0,development_test,False,normal,22.0,22,0
1701563640.0,development_test,False,normal,29.0,22,0
1701563700.0,development_test,True,command_and_control,22.0,31,1
1701563760.0,development_test,True,discovery,27.0,22,0
1701563820.0,development_test,False,normal,26.0,33,0
1701563880.0,development_test,False,normal,19.0,22,0
1701563940.0,development_test,False,normal,20.0,23,0
1701564000.0,development_test,False,normal,18.0,23,0
1701564060.0,development_test,False,normal,16.0,23,0
1701564120.0,development_test,False,normal,22.0,33,0
1701564180.0,development_test,False,normal,22.0,21,0
1701564240.0,development_test,False,normal,15.0,22,0
1701564300.0,development_test,False,normal,20.0,22,0
1701564360.0,development_test,False,normal,15.0,34,0
1701564420.0,development_test,False,normal,21.0,26,0
1701564480.0,development_test,False,normal,24.0,23,0
1701564540.0,development_test,False,normal,22.0,23,0
1701564600.0,development_test,False,normal,27.0,22,0
1701564660.0,development_test,False,normal,17.0,22,0
1701564720.0,development_test,False,normal,29.0,33,0
1701564780.0,development_test,False,normal,19.0,22,0
1701564840.0,development_test,False,normal,27.0,23,0
1701564900.0,development_test,False,normal,17.0,23,0
1701564960.0,development_test,False,normal,18.0,21,0
1701565020.0,development_test,False,normal,29.0,32,0
1701565080.0,development_test,False,normal,21.0,22,0
1701565140.0,development_test,False,normal,16.0,22,0
1701565200.0,development_test,False,normal,18.0,22,0
1701565260.0,development_test,False,normal,24.0,33,0
1701565320.0,development_test,False,normal,19.0,33,0
1701565380.0,development_test,False,normal,16.0,16,0
1701565440.0,development_test,False,normal,20.0,23,0
1701565500.0,development_test,False,normal,19.0,23,0
1701565560.0,development_test,False,normal,24.0,23,0
1701565620.0,development_test,False,normal,22.0,33,0
1701565680.0,development_test,False,normal,32.0,23,0
1701565740.0,development_test,False,normal,19.0,23,0
1701565800.0,development_test,False,normal,12.0,23,0
1701565860.0,development_test,False,normal,13.0,23,0
1701565920.0,development_test,False,normal,30.0,33,0
1701565980.0,development_test,False,normal,20.0,23,0
1701566040.0,development_test,False,normal,18.0,23,0
1701566100.0,development_test,False,normal,15.0,23,0
1701566160.0,development_test,False,normal,18.0,34,0
1701566220.0,development_test,False,normal,18.0,41,0
1701566280.0,development_test,False,normal,20.0,23,0
1701566340.0,development_test,False,normal,23.0,23,0
1701566400.0,development_test,False,normal,15.0,23,0
1701566460.0,development_test,False,normal,24.0,23,0
1701566520.0,development_test,False,normal,25.0,33,0
1701566580.0,development_test,False,normal,21.0,22,0
1701566640.0,development_test,False,normal,18.0,22,0
1701566700.0,development_test,False,normal,19.0,22,0
1701566760.0,development_test,False,normal,18.0,23,0
1701566820.0,development_test,False,normal,23.0,33,0
1701566880.0,development_test,False,normal,17.0,23,0
1701566940.0,development_test,False,normal,32.0,23,0
1701567000.0,development_test,False,normal,36.0,35,0
1701567060.0,development_test,False,normal,40.0,34,0
1701567120.0,development_test,False,normal,26.0,33,0
1701567180.0,development_test,False,normal,24.0,22,0
1701567240.0,development_test,False,normal,24.0,22,0
1701567300.0,development_test,False,normal,18.0,31,0
1701567360.0,development_test,True,discovery,20.0,41,1
1701567420.0,development_test,True,discovery,38.0,26,0
1701567480.0,development_test,False,normal,26.0,23,0
1701567540.0,development_test,False,normal,27.0,23,0
1701567600.0,development_test,False,normal,18.0,23,0
1701567660.0,development_test,False,normal,22.0,23,0
1701567720.0,development_test,False,normal,21.0,33,0
1701567780.0,development_test,False,normal,21.0,23,0
1701567840.0,development_test,False,normal,28.0,23,0
1701567900.0,development_test,False,normal,22.0,23,0
1701567960.0,development_test,False,normal,24.0,34,0
1701568020.0,development_test,False,normal,21.0,33,0
1701568080.0,development_test,False,normal,23.0,23,0
1701568140.0,development_test,False,normal,28.0,23,0
1701568200.0,development_test,False,normal,21.0,23,0
1701568260.0,development_test,False,normal,24.0,23,0
1701568320.0,development_test,False,normal,17.0,33,0
1701568380.0,development_test,False,normal,25.0,23,0
1701568440.0,development_test,False,normal,19.0,23,0
1701568500.0,development_test,False,normal,18.0,23,0
1701568560.0,development_test,False,normal,22.0,23,0
1701568620.0,development_test,False,normal,13.0,33,0
1701568680.0,development_test,False,normal,19.0,22,0
1701568740.0,development_test,False,normal,26.0,22,0
1701568800.0,development_test,False,normal,23.0,22,0
1701568860.0,development_test,False,normal,23.0,34,0
1701568920.0,development_test,False,normal,25.0,33,0
1701568980.0,development_test,False,normal,24.0,23,0
1701569040.0,development_test,False,normal,25.0,23,0
1701569100.0,development_test,False,normal,14.0,22,0
1701569160.0,development_test,False,normal,23.0,22,0
1701569220.0,development_test,False,normal,18.0,32,0
1701569280.0,development_test,False,normal,27.0,23,0
1701569340.0,development_test,False,normal,28.0,16,0
1701569400.0,development_test,False,normal,19.0,23,0
1701569460.0,development_test,False,normal,17.0,23,0
1701569520.0,development_test,False,normal,29.0,33,0
1701569580.0,development_test,False,normal,17.0,22,0
1701569640.0,development_test,False,normal,20.0,22,0
1701569700.0,development_test,False,normal,28.0,22,0
1701569760.0,development_test,False,normal,24.0,34,0
1701569820.0,development_test,False,normal,27.0,41,0
1701569880.0,development_test,False,normal,22.0,23,0
1701569940.0,development_test,False,normal,17.0,23,0
1701570000.0,development_test,False,normal,9.0,22,0
1701570060.0,development_test,False,normal,28.0,22,0
1701570120.0,development_test,False,normal,17.0,32,0
1701570180.0,development_test,False,normal,19.0,23,0
1701570240.0,development_test,False,normal,15.0,16,0
1701570300.0,development_test,False,normal,32.0,23,0
1701570360.0,development_test,False,normal,19.0,23,0
1701570420.0,development_test,False,normal,31.0,33,0
1701570480.0,development_test,False,normal,20.0,22,0
1701570540.0,development_test,False,normal,21.0,22,0
1701570600.0,development_test,False,normal,14.0,30,0
1701570660.0,development_test,False,normal,24.0,38,0
1701570720.0,development_test,False,normal,27.0,33,0
1701570780.0,development_test,False,normal,17.0,23,0
1701570840.0,development_test,False,normal,21.0,23,0
1701570900.0,development_test,False,normal,18.0,22,0
1701570960.0,development_test,True,discovery,26.0,38,1
1701571020.0,development_test,True,discovery,39.0,32,0
1701571080.0,development_test,False,normal,21.0,22,0
1701571140.0,development_test,False,normal,28.0,23,0
1701571200.0,development_test,False,normal,24.0,23,0
1701571260.0,development_test,False,normal,19.0,23,0
1701571320.0,development_test,False,normal,21.0,33,0
1701571380.0,development_test,False,normal,15.0,23,0
1701571440.0,development_test,False,normal,24.0,23,0
1701571500.0,development_test,False,normal,21.0,23,0
1701571560.0,development_test,False,normal,25.0,33,0
1701571620.0,development_test,False,normal,27.0,26,0
1701571680.0,development_test,False,normal,17.0,23,0
1701571740.0,development_test,False,normal,12.0,23,0
1701571800.0,development_test,False,normal,19.0,23,0
1701571860.0,development_test,False,normal,23.0,36,0
1701571920.0,development_test,False,normal,24.0,33,0
1701571980.0,development_test,False,normal,17.0,22,0
1701572040.0,development_test,False,normal,24.0,23,0
1701572100.0,development_test,False,normal,20.0,23,0
1701572160.0,development_test,False,normal,22.0,23,0
1701572220.0,development_test,False,normal,20.0,33,0
1701572280.0,development_test,False,normal,22.0,23,0
1701572340.0,development_test,False,normal,14.0,23,0
1701572400.0,development_test,False,normal,16.0,23,0
1701572460.0,development_test,False,normal,19.0,33,0
1701572520.0,development_test,False,normal,21.0,33,0
1701572580.0,development_test,False,normal,13.0,23,0
1701572640.0,development_test,False,normal,23.0,23,0
1701572700.0,development_test,False,normal,19.0,23,0
1701572760.0,development_test,False,normal,17.0,23,0
1701572820.0,development_test,False,normal,21.0,33,0
1701572880.0,development_test,False,normal,23.0,23,0
1701572940.0,development_test,False,normal,26.0,23,0
1701573000.0,development_test,False,normal,17.0,23,0
1701573060.0,development_test,False,normal,14.0,23,0
1701573120.0,development_test,False,normal,18.0,33,0
1701573180.0,development_test,False,normal,19.0,23,0
1701573240.0,development_test,False,normal,10.0,23,0
1701573300.0,development_test,False,normal,25.0,23,0
1701573360.0,development_test,False,normal,27.0,33,0
1701573420.0,development_test,False,normal,17.0,41,0
1701573480.0,development_test,False,normal,15.0,23,0
1701573540.0,development_test,False,normal,19.0,23,0
1701573600.0,development_test,False,normal,18.0,23,0
1701573660.0,development_test,False,normal,26.0,23,0
1701573720.0,development_test,False,normal,22.0,33,0
1701573780.0,development_test,False,normal,14.0,23,0
1701573840.0,development_test,False,normal,20.0,23,0
1701573900.0,development_test,False,normal,18.0,23,0
1701573960.0,development_test,False,normal,21.0,23,0
1701574020.0,development_test,False,normal,22.0,33,0
1701574080.0,development_test,False,normal,17.0,23,0
1701574140.0,development_test,False,normal,27.0,23,0
1701574200.0,development_test,False,normal,15.0,31,0
1701574260.0,development_test,False,normal,21.0,34,0
1701574320.0,development_test,False,normal,21.0,37,0
1701574380.0,development_test,False,normal,22.0,23,0
1701574440.0,development_test,False,normal,22.0,23,0
1701574500.0,development_test,False,normal,24.0,23,0
1701574560.0,development_test,False,normal,20.0,23,0
1701574620.0,development_test,False,normal,32.0,33,0
1701574680.0,development_test,False,normal,22.0,23,0
1701574740.0,development_test,False,normal,17.0,23,0
1701574800.0,development_test,False,normal,19.0,23,0
1701574860.0,development_test,False,normal,18.0,23,0
1701574920.0,development_test,False,normal,14.0,33,0
1701574980.0,development_test,False,normal,15.0,23,0
1701575040.0,development_test,False,normal,10.0,23,0
1701575100.0,development_test,False,normal,20.0,23,0
1701575160.0,development_test,True,discovery,28.0,43,1
1701575220.0,development_test,True,discovery,34.0,33,0
1701575280.0,development_test,True,discovery,35.0,23,0
1701575340.0,development_test,False,normal,17.0,23,0
1701575400.0,development_test,False,normal,21.0,23,0
1701575460.0,development_test,False,normal,24.0,23,0
1701575520.0,development_test,False,normal,23.0,33,0
1701575580.0,development_test,False,normal,17.0,23,0
1701575640.0,development_test,False,normal,19.0,23,0
1701575700.0,development_test,False,normal,23.0,23,0
1701575760.0,development_test,False,normal,15.0,23,0
1701575820.0,development_test,False,normal,29.0,33,0
1701575880.0,development_test,False,normal,26.0,23,0
1701575940.0,development_test,False,normal,16.0,23,0
1701576000.0,development_test,False,normal,20.0,213,0
1701576060.0,development_test,False,normal,17.0,124,0
1701576120.0,development_test,False,normal,22.0,33,0
1701576180.0,development_test,False,normal,14.0,23,0
1701576240.0,development_test,False,normal,16.0,23,0
1701576300.0,development_test,False,normal,18.0,22,0
1701576360.0,development_test,False,normal,19.0,22,0
1701576420.0,development_test,False,normal,25.0,33,0
1701576480.0,development_test,False,normal,20.0,23,0
1701576540.0,development_test,False,normal,20.0,23,0
1701576600.0,development_test,False,normal,17.0,23,0
1701576660.0,development_test,False,normal,14.0,23,0
1701576720.0,development_test,False,normal,25.0,33,0
1701576780.0,development_test,False,normal,25.0,23,0
1701576840.0,development_test,False,normal,22.0,23,0
1701576900.0,development_test,False,normal,13.0,23,0
1701576960.0,development_test,False,normal,25.0,32,0
1701577020.0,development_test,False,normal,16.0,35,0
1701577080.0,development_test,False,normal,16.0,22,0
1701577140.0,development_test,False,normal,14.0,22,0
1701577200.0,development_test,False,normal,20.0,22,0
1701577260.0,development_test,False,normal,26.0,33,0
1701577320.0,development_test,False,normal,21.0,32,0
1701577380.0,development_test,False,normal,18.0,22,0
1701577440.0,development_test,False,normal,18.0,22,0
1701577500.0,development_test,False,normal,21.0,22,0
1701577560.0,development_test,False,normal,22.0,23,0
1701577620.0,development_test,False,normal,18.0,33,0
1701577680.0,development_test,False,normal,20.0,23,0
1701577740.0,development_test,False,normal,27.0,23,0
1701577800.0,development_test,False,normal,23.0,23,0
1701577860.0,development_test,False,normal,17.0,23,0
1701577920.0,development_test,False,normal,25.0,33,0
1701577980.0,development_test,False,normal,13.0,23,0
1701578040.0,development_test,False,normal,13.0,23,0
1701578100.0,development_test,False,normal,19.0,23,0
1701578160.0,development_test,False,normal,18.0,33,0
1701578220.0,development_test,False,normal,30.0,32,0
1701578280.0,development_test,False,normal,13.0,23,0
1701578340.0,development_test,False,normal,18.0,23,0
1701578400.0,development_test,False,normal,17.0,23,0
1701578460.0,development_test,False,normal,14.0,23,0
1701578520.0,development_test,False,normal,29.0,33,0
1701578580.0,development_test,False,normal,26.0,22,0
1701578640.0,development_test,True,discovery,25.0,32,1
1701578700.0,development_test,True,discovery,33.0,23,0
1701578760.0,development_test,False,normal,17.0,23,0
1701578820.0,development_test,False,normal,18.0,33,0
1701578880.0,development_test,False,normal,30.0,23,0
1701578940.0,development_test,False,normal,28.0,23,0
1701579000.0,development_test,False,normal,21.0,23,0
1701579060.0,development_test,False,normal,28.0,33,0
1701579120.0,development_test,False,normal,21.0,32,0
1701579180.0,development_test,False,normal,26.0,23,0
1701579240.0,development_test,False,normal,21.0,23,0
1701579300.0,development_test,False,normal,25.0,23,0
1701579360.0,development_test,False,normal,20.0,23,0
1701579420.0,development_test,False,normal,20.0,33,0
1701579480.0,development_test,False,normal,22.0,23,0
1701579540.0,development_test,False,normal,26.0,23,0
1701579600.0,development_test,False,normal,17.0,23,0
1701579660.0,development_test,False,normal,19.0,23,0
1701579720.0,development_test,False,normal,17.0,33,0
1701579780.0,development_test,False,normal,22.0,23,0
1701579840.0,development_test,False,normal,20.0,23,0
1701579900.0,development_test,False,normal,22.0,23,0
1701579960.0,development_test,False,normal,27.0,34,0
1701580020.0,development_test,False,normal,23.0,32,0
1701580080.0,development_test,False,normal,24.0,23,0
1701580140.0,development_test,False,normal,20.0,23,0
1701580200.0,development_test,False,normal,25.0,23,0
1701580260.0,development_test,False,normal,23.0,23,0
1701580320.0,development_test,False,normal,28.0,33,0
1701580380.0,development_test,False,normal,25.0,23,0
1701580440.0,development_test,False,normal,15.0,23,0
1701580500.0,development_test,False,normal,20.0,23,0
1701580560.0,development_test,False,normal,24.0,23,0
1701580620.0,development_test,False,normal,22.0,41,0
1701580680.0,development_test,False,normal,20.0,23,0
1701580740.0,development_test,False,normal,24.0,23,0
1701580800.0,development_test,False,normal,20.0,23,0
1701580860.0,development_test,False,normal,19.0,33,0
1701580920.0,development_test,False,normal,21.0,32,0
1701580980.0,development_test,False,normal,21.0,23,0
1701581040.0,development_test,False,normal,21.0,23,0
1701581100.0,development_test,False,normal,22.0,23,0
1701581160.0,development_test,False,normal,25.0,23,0
1701581220.0,development_test,False,normal,23.0,33,0
1701581280.0,development_test,False,normal,20.0,23,0
1701581340.0,development_test,False,normal,16.0,23,0
1701581400.0,development_test,False,normal,31.0,22,0
1701581460.0,development_test,False,normal,15.0,22,0
1701581520.0,development_test,False,normal,17.0,32,0
1701581580.0,development_test,False,normal,24.0,22,0
1701581640.0,development_test,False,normal,16.0,22,0
1701581700.0,development_test,True,discovery,25.0,32,0
1701581760.0,development_test,True,discovery,26.0,34,1
1701581820.0,development_test,True,discovery,32.0,33,0
1701581880.0,development_test,False,normal,26.0,23,0
1701581940.0,development_test,False,normal,14.0,23,0
1701582000.0,development_test,False,normal,23.0,23,0
1701582060.0,development_test,False,normal,22.0,23,0
1701582120.0,development_test,False,normal,27.0,33,0
1701582180.0,development_test,False,normal,25.0,23,0
1701582240.0,development_test,False,normal,19.0,23,0
1701582300.0,development_test,False,normal,17.0,23,0
1701582360.0,development_test,False,normal,26.0,23,0
1701582420.0,development_test,False,normal,29.0,33,0
1701582480.0,development_test,False,normal,19.0,23,0
1701582540.0,development_test,False,normal,26.0,23,0
1701582600.0,development_test,False,normal,29.0,23,0
1701582660.0,development_test,False,normal,24.0,33,0
1701582720.0,development_test,False,normal,18.0,32,0
1701582780.0,development_test,False,normal,18.0,23,0
1701582840.0,development_test,False,normal,19.0,23,0
1701582900.0,development_test,False,normal,17.0,23,0
1701582960.0,development_test,False,normal,30.0,23,0
1701583020.0,development_test,False,normal,27.0,33,0
1701583080.0,development_test,False,normal,16.0,23,0
1701583140.0,development_test,False,normal,19.0,23,0
1701583200.0,development_test,False,normal,24.0,23,0
1701583260.0,development_test,False,normal,20.0,23,0
1701583320.0,development_test,False,normal,28.0,33,0
1701583380.0,development_test,False,normal,15.0,23,0
1701583440.0,development_test,False,normal,23.0,23,0
1701583500.0,development_test,False,normal,30.0,23,0
1701583560.0,development_test,False,normal,8.0,33,0
1701583620.0,development_test,False,normal,19.0,25,0
1701583680.0,development_test,False,normal,24.0,23,0
1701583740.0,development_test,False,normal,24.0,23,0
1701583800.0,development_test,False,normal,30.0,23,0
1701583860.0,development_test,False,normal,20.0,23,0
1701583920.0,development_test,False,normal,19.0,33,0
1701583980.0,development_test,False,normal,21.0,23,0
1701584040.0,development_test,False,normal,25.0,23,0
1701584100.0,development_test,False,normal,16.0,23,0
1701584160.0,development_test,False,normal,23.0,23,0
1701584220.0,development_test,False,normal,22.0,41,0
1701584280.0,development_test,False,normal,23.0,23,0
1701584340.0,development_test,False,normal,22.0,23,0
1701584400.0,development_test,False,normal,21.0,23,0
1701584460.0,development_test,False,normal,27.0,33,0
1701584520.0,development_test,False,normal,24.0,32,0
1701584580.0,development_test,False,normal,21.0,22,0
1701584640.0,development_test,False,normal,24.0,23,0
1701584700.0,development_test,False,normal,25.0,23,0
1701584760.0,development_test,True,discovery,22.0,32,1
1701584820.0,development_test,True,discovery,21.0,33,0
1701584880.0,development_test,False,normal,24.0,23,0
1701584940.0,development_test,False,normal,18.0,23,0
1701585000.0,development_test,False,normal,19.0,23,0
1701585060.0,development_test,False,normal,24.0,23,0
1701585120.0,development_test,False,normal,19.0,33,0
1701585180.0,development_test,False,normal,23.0,23,0
1701585240.0,development_test,False,normal,14.0,23,0
1701585300.0,development_test,False,normal,32.0,23,0
1701585360.0,development_test,False,normal,18.0,33,0
1701585420.0,development_test,False,normal,22.0,32,0
1701585480.0,development_test,False,normal,15.0,23,0
1701585540.0,development_test,False,normal,17.0,23,0
1701585600.0,development_test,False,normal,26.0,23,0
1701585660.0,development_test,False,normal,18.0,23,0
1701585720.0,development_test,False,normal,27.0,33,0
1701585780.0,development_test,False,normal,16.0,23,0
1701585840.0,development_test,False,normal,26.0,23,0
1701585900.0,development_test,False,normal,21.0,23,0
1701585960.0,development_test,False,normal,18.0,23,0
1701586020.0,development_test,False,normal,15.0,33,0
1701586080.0,development_test,False,normal,18.0,23,0
1701586140.0,development_test,False,normal,23.0,23,0
1701586200.0,development_test,False,normal,23.0,23,0
1701586260.0,development_test,False,normal,24.0,33,0
1701586320.0,development_test,False,normal,23.0,32,0
1701586380.0,development_test,False,normal,22.0,23,0
1701586440.0,development_test,False,normal,17.0,23,0
1701586500.0,development_test,False,normal,25.0,23,0
1701586560.0,development_test,False,normal,29.0,23,0
1701586620.0,development_test,False,normal,19.0,33,0
1701586680.0,development_test,False,normal,18.0,23,0
1701586740.0,development_test,False,normal,22.0,23,0
1701586800.0,development_test,False,normal,22.0,23,0
1701586860.0,development_test,False,normal,24.0,23,0
1701586920.0,development_test,False,normal,20.0,228,0
1701586980.0,development_test,False,normal,15.0,23,0
1701587040.0,development_test,False,normal,17.0,23,0
1701587100.0,development_test,False,normal,32.0,23,0
1701587160.0,development_test,False,normal,24.0,23,0
1701587220.0,development_test,False,normal,21.0,32,0
1701587280.0,development_test,False,normal,19.0,23,0
1701587340.0,development_test,False,normal,18.0,23,0
1701587400.0,development_test,False,normal,19.0,36,0
1701587460.0,development_test,False,normal,18.0,23,0
1701587520.0,development_test,False,normal,21.0,32,0
1701587580.0,development_test,False,normal,20.0,31,0
1701587640.0,development_test,False,normal,20.0,28,0
1701587700.0,development_test,False,normal,23.0,22,0
1701587760.0,development_test,False,normal,28.0,16,0
1701587820.0,development_test,False,normal,24.0,51,0
1701587880.0,development_test,False,normal,17.0,22,0
1701587940.0,development_test,False,normal,25.0,23,0
1701588000.0,development_test,False,normal,25.0,22,0
1701588060.0,development_test,False,normal,14.0,23,0
1701588120.0,development_test,False,normal,22.0,32,0
1701588180.0,development_test,False,normal,16.0,23,0
1701588240.0,development_test,True,discovery,21.0,39,1
1701588300.0,development_test,True,discovery,29.0,22,0
1701588360.0,development_test,True,discovery,28.0,22,0
1701588420.0,development_test,False,normal,23.0,31,0
1701588480.0,development_test,False,normal,22.0,22,0
1701588540.0,development_test,False,normal,14.0,22,0
1701588600.0,development_test,False,normal,22.0,30,0
1701588660.0,development_test,False,normal,17.0,22,0
1701588720.0,development_test,False,normal,30.0,36,0
1701588780.0,development_test,False,normal,24.0,23,0
1701588840.0,development_test,False,normal,27.0,22,0
1701588900.0,development_test,False,normal,19.0,21,0
1701588960.0,development_test,False,normal,25.0,22,0
1701589020.0,development_test,False,normal,22.0,32,0
1701589080.0,development_test,False,normal,21.0,22,0
1701589140.0,development_test,False,normal,12.0,23,0
1701589200.0,development_test,False,normal,20.0,22,0
1701589260.0,development_test,False,normal,18.0,22,0
1701589320.0,development_test,False,normal,18.0,31,0
1701589380.0,development_test,False,normal,23.0,22,0
1701589440.0,development_test,False,normal,21.0,22,0
1701589500.0,development_test,False,normal,23.0,22,0
1701589560.0,development_test,False,normal,15.0,23,0
1701589620.0,development_test,False,normal,24.0,43,0
1701589680.0,development_test,False,normal,24.0,16,0
1701589740.0,development_test,False,normal,29.0,23,0
1701589800.0,development_test,False,normal,21.0,21,0
1701589860.0,development_test,False,normal,19.0,22,0
1701589920.0,development_test,False,normal,24.0,32,0
1701589980.0,development_test,False,normal,22.0,22,0
1701590040.0,development_test,False,normal,25.0,45,0
1701590100.0,development_test,False,normal,19.0,21,0
1701590160.0,development_test,False,normal,18.0,22,0
1701590220.0,development_test,False,normal,24.0,32,0
1701590280.0,development_test,False,normal,18.0,23,0
1701590340.0,development_test,False,normal,24.0,22,0
1701590400.0,development_test,False,normal,27.0,22,0
1701590460.0,development_test,False,normal,20.0,22,0
1701590520.0,development_test,False,normal,22.0,43,0
1701590580.0,development_test,False,normal,18.0,22,0
1701590640.0,development_test,False,normal,22.0,23,0
1701590700.0,development_test,False,normal,16.0,22,0
1701590760.0,development_test,False,normal,28.0,16,0
1701590820.0,development_test,False,normal,21.0,32,0
1701590880.0,development_test,False,normal,23.0,21,0
1701590940.0,development_test,False,normal,19.0,23,0
1701591000.0,development_test,False,normal,21.0,31,0
1701591060.0,development_test,False,normal,22.0,22,0
1701591120.0,development_test,False,normal,21.0,32,0
1701591180.0,development_test,False,normal,18.0,22,0
1701591240.0,development_test,False,normal,19.0,23,0
1701591300.0,development_test,False,normal,24.0,22,0
1701591360.0,development_test,False,normal,17.0,23,0
1701591420.0,development_test,False,normal,27.0,51,0
1701591480.0,development_test,True,persistence,53.0,32,1
1701591540.0,development_test,True,persistence,35.0,23,0
1701591600.0,development_test,False,normal,16.0,22,0
1701591660.0,development_test,False,normal,27.0,23,0
1701591720.0,development_test,False,normal,16.0,43,0
1701591780.0,development_test,False,normal,26.0,22,0
1701591840.0,development_test,False,normal,26.0,22,0
1701591900.0,development_test,False,normal,26.0,22,0
1701591960.0,development_test,False,normal,18.0,22,0
1701592020.0,development_test,False,normal,22.0,43,0
1701592080.0,development_test,False,normal,19.0,16,0
1701592140.0,development_test,False,normal,22.0,23,0
1701592200.0,development_test,False,normal,19.0,22,0
1701592260.0,development_test,False,normal,16.0,23,0
1701592320.0,development_test,False,normal,15.0,32,0
1701592380.0,development_test,False,normal,27.0,23,0
1701592440.0,development_test,False,normal,26.0,23,0
1701592500.0,development_test,False,normal,13.0,22,0
1701592560.0,development_test,False,normal,25.0,23,0
1701592620.0,development_test,False,normal,19.0,32,0
1701592680.0,development_test,False,normal,12.0,23,0
1701592740.0,development_test,False,normal,24.0,23,0
1701592800.0,development_test,False,normal,25.0,22,0
1701592860.0,development_test,False,normal,22.0,23,0
1701592920.0,development_test,False,normal,31.0,43,0
1701592980.0,development_test,False,normal,16.0,23,0
1701593040.0,development_test,False,normal,26.0,22,0
1701593100.0,development_test,False,normal,19.0,22,0
1701593160.0,development_test,False,normal,16.0,22,0
1701593220.0,development_test,False,normal,26.0,32,0
1701593280.0,development_test,False,normal,14.0,22,0
1701593340.0,development_test,False,normal,27.0,22,0
1701593400.0,development_test,False,normal,28.0,21,0
1701593460.0,development_test,False,normal,20.0,23,0
1701593520.0,development_test,False,normal,18.0,32,0
1701593580.0,development_test,False,normal,22.0,23,0
1701593640.0,development_test,False,normal,21.0,23,0
1701593700.0,development_test,False,normal,21.0,22,0
1701593760.0,development_test,False,normal,34.0,23,0
1701593820.0,development_test,False,normal,13.0,43,0
1701593880.0,development_test,False,normal,25.0,23,0
1701593940.0,development_test,False,normal,14.0,23,0
1701594000.0,development_test,False,normal,21.0,22,0
1701594060.0,development_test,False,normal,23.0,23,0
1701594120.0,development_test,False,normal,25.0,32,0
1701594180.0,development_test,False,normal,22.0,23,0
1701594240.0,development_test,False,normal,23.0,23,0
1701594300.0,development_test,False,normal,19.0,22,0
1701594360.0,development_test,False,normal,26.0,23,0
1701594420.0,development_test,False,normal,29.0,32,0
1701594480.0,development_test,False,normal,15.0,23,0
1701594540.0,development_test,False,normal,17.0,23,0
1701594600.0,development_test,False,normal,28.0,22,0
1701594660.0,development_test,False,normal,16.0,23,0
1701594720.0,development_test,False,normal,22.0,43,0
1701594780.0,development_test,False,normal,15.0,22,0
1701594840.0,development_test,False,normal,24.0,23,0
1701594900.0,development_test,True,persistence,19.0,69,0
1701594960.0,development_test,True,credential_access,21.0,23,1
1701595020.0,development_test,True,credential_access,27.0,41,0
1701595080.0,development_test,False,normal,27.0,22,0
1701595140.0,development_test,False,normal,21.0,16,0
1701595200.0,development_test,False,normal,17.0,22,0
1701595260.0,development_test,False,normal,13.0,23,0
1701595320.0,development_test,False,normal,23.0,32,0
1701595380.0,development_test,False,normal,27.0,23,0
1701595440.0,development_test,False,normal,18.0,23,0
1701595500.0,development_test,False,normal,13.0,23,0
1701595560.0,development_test,False,normal,22.0,22,0
1701595620.0,development_test,False,normal,17.0,43,0
1701595680.0,development_test,False,normal,17.0,22,0
1701595740.0,development_test,False,normal,19.0,22,0
1701595800.0,development_test,False,normal,20.0,22,0
1701595860.0,development_test,False,normal,28.0,23,0
1701595920.0,development_test,False,normal,27.0,33,0
1701595980.0,development_test,False,normal,18.0,22,0
1701596040.0,development_test,False,normal,18.0,22,0
1701596100.0,development_test,False,normal,23.0,22,0
1701596160.0,development_test,False,normal,20.0,22,0
1701596220.0,development_test,False,normal,23.0,32,0
1701596280.0,development_test,False,normal,21.0,16,0
1701596340.0,development_test,False,normal,17.0,23,0
1701596400.0,development_test,False,normal,15.0,23,0
1701596460.0,development_test,False,normal,10.0,22,0
1701596520.0,development_test,False,normal,15.0,43,0
1701596580.0,development_test,False,normal,16.0,22,0
1701596640.0,development_test,False,normal,20.0,22,0
1701596700.0,development_test,False,normal,23.0,22,0
1701596760.0,development_test,False,normal,18.0,23,0
1701596820.0,development_test,False,normal,14.0,33,0
1701596880.0,development_test,False,normal,20.0,22,0
1701596940.0,development_test,False,normal,14.0,22,0
1701597000.0,development_test,False,normal,25.0,22,0
1701597060.0,development_test,False,normal,24.0,349,0
1701597120.0,development_test,False,normal,18.0,33,0
1701597180.0,development_test,False,normal,21.0,16,0
1701597240.0,development_test,False,normal,22.0,22,0
1701597300.0,development_test,False,normal,26.0,21,0
1701597360.0,development_test,False,normal,26.0,22,0
1701597420.0,development_test,False,normal,19.0,42,0
1701597480.0,development_test,False,normal,19.0,22,0
1701597540.0,development_test,False,normal,21.0,22,0
1701597600.0,development_test,False,normal,20.0,22,0
1701597660.0,development_test,False,normal,23.0,23,0
1701597720.0,development_test,False,normal,20.0,30,0
1701597780.0,development_test,False,normal,19.0,22,0
1701597840.0,development_test,False,normal,22.0,22,0
1701597900.0,development_test,False,normal,25.0,22,0
1701597960.0,development_test,False,normal,19.0,22,0
1701598020.0,development_test,False,normal,22.0,37,0
1701598080.0,development_test,False,normal,25.0,22,0
1701598140.0,development_test,False,normal,24.0,16,0
1701598200.0,development_test,False,normal,17.0,23,0
1701598260.0,development_test,False,normal,23.0,23,0
1701598320.0,development_test,False,normal,19.0,42,0
1701598380.0,development_test,False,normal,20.0,22,0
1701598440.0,development_test,False,normal,24.0,22,0
1701598500.0,development_test,False,normal,25.0,2026,0
1701598560.0,development_test,False,normal,30.0,414,0
1701598620.0,development_test,False,normal,20.0,40,0
1701598680.0,development_test,False,normal,19.0,163,0
1701598740.0,development_test,False,normal,23.0,23,0
1701598800.0,development_test,False,normal,21.0,23,0
1701598860.0,development_test,False,normal,16.0,22,0
1701598920.0,development_test,False,normal,27.0,32,0
1701598980.0,development_test,False,normal,20.0,23,0
1701599040.0,development_test,False,normal,26.0,23,0
1701599100.0,development_test,False,normal,25.0,30,0
1701599160.0,development_test,False,normal,27.0,23,0
1701599220.0,development_test,False,normal,15.0,41,0
1701599280.0,development_test,False,normal,19.0,416,0
1701599340.0,development_test,True,credential_access,23.0,36,0
1701599400.0,development_test,True,command_and_control,27.0,23,1
1701599460.0,development_test,True,command_and_control,25.0,22,0
1701599520.0,development_test,False,normal,22.0,30,0
1701599580.0,development_test,False,normal,25.0,21,0
1701599640.0,development_test,False,normal,28.0,21,0
1701599700.0,development_test,False,normal,26.0,21,0
1701599760.0,development_test,False,normal,15.0,20,0
1701599820.0,development_test,False,normal,17.0,31,0
1701599880.0,development_test,False,normal,19.0,20,0
1701599940.0,development_test,False,normal,19.0,19,0
1701600000.0,development_test,False,normal,14.0,19,0
1701600060.0,development_test,False,normal,15.0,19,0
1701600120.0,development_test,False,normal,29.0,35,0
1701600180.0,development_test,False,normal,24.0,14,0
1701600240.0,development_test,False,normal,20.0,13,0
1701600300.0,development_test,False,normal,15.0,22,0
1701600360.0,development_test,False,normal,32.0,20,0
1701600420.0,development_test,False,normal,23.0,39,0
1701600480.0,development_test,False,normal,22.0,23,0
1701600540.0,development_test,False,normal,25.0,23,0
1701600600.0,development_test,False,normal,27.0,23,0
1701600660.0,development_test,False,normal,30.0,22,0
1701600720.0,development_test,False,normal,24.0,32,0
1701600780.0,development_test,False,normal,23.0,21,0
1701600840.0,development_test,False,normal,15.0,22,0
1701600900.0,development_test,False,normal,22.0,21,0
1701600960.0,development_test,False,normal,20.0,22,0
1701601020.0,development_test,False,normal,31.0,42,0
1701601080.0,development_test,False,normal,27.0,21,0
1701601140.0,development_test,False,normal,18.0,21,0
1701601200.0,development_test,False,normal,20.0,21,0
1701601260.0,development_test,False,normal,18.0,21,0
1701601320.0,development_test,False,normal,21.0,31,0
1701601380.0,development_test,False,normal,27.0,22,0
1701601440.0,development_test,False,normal,27.0,23,0
1701601500.0,development_test,False,normal,15.0,20,0
1701601560.0,development_test,False,normal,17.0,15,0
1701601620.0,development_test,False,normal,21.0,29,0
1701601680.0,development_test,False,normal,20.0,17,0
1701601740.0,development_test,False,normal,31.0,14,0
1701601800.0,development_test,False,normal,22.0,10,0
1701601860.0,development_test,False,normal,21.0,18,0
1701601920.0,development_test,False,normal,31.0,42,0
1701601980.0,development_test,False,normal,19.0,21,0
1701602040.0,development_test,False,normal,23.0,20,0
1701602100.0,development_test,False,normal,19.0,21,0
1701602160.0,development_test,False,normal,24.0,23,0
1701602220.0,development_test,False,normal,15.0,34,0
1701602280.0,development_test,False,normal,24.0,21,0
1701602340.0,development_test,False,normal,16.0,21,0
1701602400.0,development_test,False,normal,25.0,21,0
1701602460.0,development_test,False,normal,24.0,21,0
1701602520.0,development_test,False,normal,18.0,28,0
1701602580.0,development_test,False,normal,23.0,19,0
1701602640.0,development_test,False,normal,20.0,24,0
1701602700.0,development_test,False,normal,25.0,15,0
1701602760.0,development_test,False,normal,21.0,24,0
1701602820.0,development_test,False,normal,18.0,35,0
1701602880.0,development_test,False,normal,17.0,23,0
1701602940.0,development_test,False,normal,20.0,22,0
1701603000.0,development_test,False,normal,19.0,34,0
1701603060.0,development_test,False,normal,11.0,21,0
1701603120.0,development_test,False,normal,22.0,31,0
1701603180.0,development_test,False,normal,23.0,22,0
1701603240.0,development_test,False,normal,19.0,22,0
1701603300.0,development_test,False,normal,18.0,218,0
1701603360.0,development_test,False,normal,19.0,21,0
1701603420.0,development_test,True,command_and_control,33.0,63,1
1701603480.0,development_test,True,credential_access,40.0,21,0
1701603540.0,development_test,False,normal,24.0,22,0
1701603600.0,development_test,False,normal,15.0,20,0
1701603660.0,development_test,False,normal,27.0,22,0
1701603720.0,development_test,False,normal,27.0,67,0
1701603780.0,development_test,False,normal,20.0,419,0
1701603840.0,development_test,False,normal,20.0,18,0
1701603900.0,development_test,False,normal,16.0,20,0
1701603960.0,development_test,False,normal,17.0,15,0
1701604020.0,development_test,False,normal,27.0,33,0
1701604080.0,development_test,False,normal,21.0,21,0
1701604140.0,development_test,False,normal,18.0,22,0
1701604200.0,development_test,False,normal,15.0,22,0
1701604260.0,development_test,False,normal,29.0,21,0
1701604320.0,development_test,False,normal,21.0,33,0
1701604380.0,development_test,False,normal,24.0,21,0
1701604440.0,development_test,False,normal,21.0,22,0
1701604500.0,development_test,False,normal,18.0,23,0
1701604560.0,development_test,False,normal,20.0,23,0
1701604620.0,development_test,False,normal,19.0,32,0
1701604680.0,development_test,False,normal,18.0,33,0
1701604740.0,development_test,False,normal,26.0,21,0
1701604800.0,development_test,False,normal,17.0,22,0
1701604860.0,development_test,False,normal,17.0,22,0
1701604920.0,development_test,False,normal,27.0,32,0
1701604980.0,development_test,False,normal,18.0,15,0
1701605040.0,development_test,False,normal,25.0,23,0
1701605100.0,development_test,False,normal,14.0,23,0
1701605160.0,development_test,False,normal,18.0,22,0
1701605220.0,development_test,False,normal,20.0,33,0
1701605280.0,development_test,False,normal,17.0,21,0
1701605340.0,development_test,False,normal,19.0,22,0
1701605400.0,development_test,False,normal,17.0,22,0
1701605460.0,development_test,False,normal,25.0,22,0
1701605520.0,development_test,False,normal,21.0,33,0
1701605580.0,development_test,False,normal,24.0,33,0
1701605640.0,development_test,False,normal,25.0,22,0
1701605700.0,development_test,False,normal,20.0,21,0
1701605760.0,development_test,False,normal,21.0,22,0
1701605820.0,development_test,False,normal,13.0,41,0
1701605880.0,development_test,False,normal,25.0,22,0
1701605940.0,development_test,False,normal,16.0,22,0
1701606000.0,development_test,False,normal,22.0,22,0
1701606060.0,development_test,False,normal,24.0,22,0
1701606120.0,development_test,False,normal,17.0,32,0
1701606180.0,development_test,False,normal,29.0,22,0
1701606240.0,development_test,False,normal,28.0,14,0
1701606300.0,development_test,False,normal,17.0,22,0
1701606360.0,development_test,False,normal,26.0,22,0
1701606420.0,development_test,False,normal,22.0,31,0
1701606480.0,development_test,False,normal,22.0,34,0
1701606540.0,development_test,False,normal,22.0,22,0
1701606600.0,development_test,False,normal,17.0,31,0
1701606660.0,development_test,False,normal,19.0,22,0
1701606720.0,development_test,False,normal,15.0,37,0
1701606780.0,development_test,False,normal,20.0,22,0
1701606840.0,development_test,False,normal,17.0,23,0
1701606900.0,development_test,False,normal,27.0,22,0
1701606960.0,development_test,False,normal,26.0,23,0
1701607020.0,development_test,False,normal,16.0,32,0
1701607080.0,development_test,False,normal,26.0,31,0
1701607140.0,development_test,False,normal,25.0,26,0
1701607200.0,development_test,True,credential_access,24.0,244,0
1701607260.0,development_test,True,credential_access,23.0,21,1
1701607320.0,development_test,True,credential_access,32.0,32,0
1701607380.0,development_test,False,normal,29.0,26,0
1701607440.0,development_test,False,normal,31.0,21,0
1701607500.0,development_test,False,normal,15.0,22,0
1701607560.0,development_test,False,normal,25.0,23,0
1701607620.0,development_test,False,normal,13.0,32,0
1701607680.0,development_test,False,normal,21.0,22,0
1701607740.0,development_test,False,normal,20.0,22,0
1701607800.0,development_test,False,normal,25.0,21,0
1701607860.0,development_test,False,normal,18.0,23,0
1701607920.0,development_test,False,normal,23.0,33,0
1701607980.0,development_test,False,normal,22.0,22,0
1701608040.0,development_test,False,normal,22.0,22,0
1701608100.0,development_test,False,normal,15.0,22,0
1701608160.0,development_test,False,normal,25.0,22,0
1701608220.0,development_test,False,normal,24.0,32,0
1701608280.0,development_test,False,normal,17.0,32,0
1701608340.0,development_test,False,normal,17.0,22,0
1701608400.0,development_test,False,normal,23.0,22,0
1701608460.0,development_test,False,normal,19.0,22,0
1701608520.0,development_test,False,normal,23.0,26,0
1701608580.0,development_test,False,normal,17.0,22,0
1701608640.0,development_test,False,normal,18.0,23,0
1701608700.0,development_test,False,normal,24.0,23,0
1701608760.0,development_test,False,normal,23.0,21,0
1701608820.0,development_test,False,normal,27.0,32,0
1701608880.0,development_test,False,normal,18.0,21,0
1701608940.0,development_test,False,normal,15.0,22,0
1701609000.0,development_test,False,normal,24.0,22,0
1701609060.0,development_test,False,normal,21.0,23,0
1701609120.0,development_test,False,normal,16.0,33,0
1701609180.0,development_test,False,normal,23.0,32,0
1701609240.0,development_test,False,normal,22.0,23,0
1701609300.0,development_test,False,normal,17.0,23,0
1701609360.0,development_test,False,normal,21.0,23,0
1701609420.0,development_test,False,normal,23.0,42,0
1701609480.0,development_test,False,normal,20.0,22,0
1701609540.0,development_test,False,normal,27.0,22,0
1701609600.0,development_test,False,normal,16.0,22,0
1701609660.0,development_test,False,normal,20.0,22,0
1701609720.0,development_test,False,normal,24.0,32,0
1701609780.0,development_test,False,normal,16.0,15,0
1701609840.0,development_test,False,normal,20.0,23,0
1701609900.0,development_test,False,normal,21.0,23,0
1701609960.0,development_test,False,normal,16.0,23,0
1701610020.0,development_test,False,normal,12.0,33,0
1701610080.0,development_test,False,normal,22.0,32,0
1701610140.0,development_test,False,normal,19.0,22,0
1701610200.0,development_test,False,normal,23.0,31,0
1701610260.0,development_test,False,normal,24.0,22,0
1701610320.0,development_test,False,normal,25.0,37,0
1701610380.0,development_test,True,collection,41.0,37,1
1701610440.0,development_test,True,collection,38.0,22,0
1701610500.0,development_test,False,normal,21.0,23,0
1701610560.0,development_test,False,normal,31.0,23,0
1701610620.0,development_test,False,normal,25.0,33,0
1701610680.0,development_test,False,normal,27.0,23,0
1701610740.0,development_test,False,normal,23.0,22,0
1701610800.0,development_test,False,normal,21.0,21,0
1701610860.0,development_test,False,normal,22.0,22,0
1701610920.0,development_test,False,normal,25.0,26,0
1701610980.0,development_test,False,normal,19.0,33,0
1701611040.0,development_test,False,normal,27.0,22,0
1701611100.0,development_test,False,normal,16.0,23,0
1701611160.0,development_test,False,normal,24.0,22,0
1701611220.0,development_test,False,normal,25.0,33,0
1701611280.0,development_test,False,normal,20.0,24,0
1701611340.0,development_test,False,normal,20.0,22,0
1701611400.0,development_test,False,normal,17.0,22,0
1701611460.0,development_test,False,normal,26.0,23,0
1701611520.0,development_test,False,normal,19.0,33,0
1701611580.0,development_test,False,normal,14.0,223,0
1701611640.0,development_test,False,normal,18.0,22,0
1701611700.0,development_test,False,normal,23.0,22,0
1701611760.0,development_test,False,normal,21.0,23,0
1701611820.0,development_test,False,normal,13.0,33,0
1701611880.0,development_test,False,normal,12.0,22,0
1701611940.0,development_test,False,normal,19.0,16,0
1701612000.0,development_test,False,normal,23.0,23,0
1701612060.0,development_test,False,normal,31.0,23,0
1701612120.0,development_test,False,normal,20.0,33,0
1701612180.0,development_test,False,normal,13.0,22,0
1701612240.0,development_test,False,normal,24.0,23,0
1701612300.0,development_test,False,normal,27.0,22,0
1701612360.0,development_test,False,normal,18.0,22,0
1701612420.0,development_test,False,normal,20.0,33,0
1701612480.0,development_test,False,normal,22.0,33,0
1701612540.0,development_test,False,normal,25.0,22,0
1701612600.0,development_test,False,normal,15.0,22,0
1701612660.0,development_test,False,normal,17.0,22,0
1701612720.0,development_test,False,normal,21.0,33,0
1701612780.0,development_test,False,normal,23.0,21,0
1701612840.0,development_test,False,normal,20.0,22,0
1701612900.0,development_test,False,normal,24.0,22,0
1701612960.0,development_test,False,normal,13.0,22,0
1701613020.0,development_test,False,normal,24.0,51,0
1701613080.0,development_test,False,normal,30.0,16,0
1701613140.0,development_test,False,normal,12.0,22,0
1701613200.0,development_test,False,normal,18.0,22,0
1701613260.0,development_test,False,normal,26.0,22,0
1701613320.0,development_test,False,normal,19.0,33,0
1701613380.0,development_test,False,normal,20.0,33,0
1701613440.0,development_test,False,normal,24.0,23,0
1701613500.0,development_test,False,normal,19.0,22,0
1701613560.0,development_test,False,normal,20.0,23,0
1701613620.0,development_test,False,normal,16.0,33,0
1701613680.0,development_test,False,normal,16.0,21,0
1701613740.0,development_test,False,normal,18.0,22,0
1701613800.0,development_test,False,normal,22.0,31,0
1701613860.0,development_test,False,normal,21.0,271,0
1701613920.0,development_test,False,normal,20.0,32,0
1701613980.0,development_test,False,normal,33.0,22,0
1701614040.0,development_test,False,normal,21.0,27,0
1701614100.0,development_test,False,normal,13.0,22,0
1701614160.0,development_test,False,normal,23.0,22,0
1701614220.0,development_test,False,normal,26.0,32,0
1701614280.0,development_test,False,normal,25.0,33,0
1701614340.0,development_test,False,normal,27.0,22,0
1701614400.0,development_test,False,normal,24.0,22,0
1701614460.0,development_test,False,normal,22.0,16,0
1701614520.0,development_test,True,collection,19.0,43,1
1701614580.0,development_test,True,collection,26.0,21,0
1701614640.0,development_test,False,normal,27.0,22,0
1701614700.0,development_test,False,normal,25.0,22,0
1701614760.0,development_test,False,normal,23.0,22,0
1701614820.0,development_test,False,normal,19.0,33,0
1701614880.0,development_test,False,normal,24.0,22,0
1701614940.0,development_test,False,normal,19.0,23,0
1701615000.0,development_test,False,normal,23.0,22,0
1701615060.0,development_test,False,normal,21.0,22,0
1701615120.0,development_test,False,normal,26.0,32,0
1701615180.0,development_test,False,normal,26.0,34,0
1701615240.0,development_test,False,normal,18.0,22,0
1701615300.0,development_test,False,normal,13.0,22,0
1701615360.0,development_test,False,normal,18.0,21,0
1701615420.0,development_test,False,normal,25.0,32,0
1701615480.0,development_test,False,normal,19.0,22,0
1701615540.0,development_test,False,normal,28.0,16,0
1701615600.0,development_test,False,normal,19.0,23,0
1701615660.0,development_test,False,normal,17.0,23,0
1701615720.0,development_test,False,normal,26.0,33,0
1701615780.0,development_test,False,normal,13.0,21,0
1701615840.0,development_test,False,normal,19.0,22,0
1701615900.0,development_test,False,normal,16.0,22,0
1701615960.0,development_test,False,normal,23.0,22,0
1701616020.0,development_test,False,normal,25.0,32,0
1701616080.0,development_test,False,normal,22.0,33,0
1701616140.0,development_test,False,normal,18.0,23,0
1701616200.0,development_test,False,normal,18.0,23,0
1701616260.0,development_test,False,normal,22.0,23,0
1701616320.0,development_test,False,normal,27.0,33,0
1701616380.0,development_test,False,normal,21.0,22,0
1701616440.0,development_test,False,normal,21.0,22,0
1701616500.0,development_test,False,normal,21.0,23,0
1701616560.0,development_test,False,normal,19.0,23,0
1701616620.0,development_test,False,normal,22.0,34,0
1701616680.0,development_test,False,normal,22.0,22,0
1701616740.0,development_test,False,normal,18.0,23,0
1701616800.0,development_test,False,normal,20.0,23,0
1701616860.0,development_test,False,normal,23.0,22,0
1701616920.0,development_test,False,normal,15.0,33,0
1701616980.0,development_test,False,normal,31.0,32,0
1701617040.0,development_test,False,normal,21.0,22,0
1701617100.0,development_test,False,normal,18.0,23,0
1701617160.0,development_test,False,normal,18.0,22,0
1701617220.0,development_test,False,normal,20.0,32,0
1701617280.0,development_test,False,normal,29.0,22,0
1701617340.0,development_test,False,normal,17.0,22,0
1701617400.0,development_test,True,collection,26.0,40,0
1701617460.0,development_test,False,normal,24.0,23,1
1701617520.0,development_test,True,credential_access,43.0,33,0
1701617580.0,development_test,False,normal,16.0,27,0
1701617640.0,development_test,False,normal,16.0,23,0
1701617700.0,development_test,False,normal,20.0,23,0
1701617760.0,development_test,False,normal,21.0,23,0
1701617820.0,development_test,False,normal,16.0,26,0
1701617880.0,development_test,False,normal,25.0,32,0
1701617940.0,development_test,False,normal,25.0,22,0
1701618000.0,development_test,False,normal,28.0,22,0
1701618060.0,development_test,False,normal,16.0,22,0
1701618120.0,development_test,False,normal,21.0,32,0
1701618180.0,development_test,False,normal,24.0,22,0
1701618240.0,development_test,False,normal,22.0,23,0
1701618300.0,development_test,False,normal,23.0,22,0
1701618360.0,development_test,False,normal,22.0,22,0
1701618420.0,development_test,False,normal,16.0,32,0
1701618480.0,development_test,False,normal,15.0,22,0
1701618540.0,development_test,False,normal,23.0,23,0
1701618600.0,development_test,False,normal,18.0,23,0
1701618660.0,development_test,False,normal,22.0,22,0
1701618720.0,development_test,False,normal,19.0,33,0
1701618780.0,development_test,False,normal,13.0,33,0
1701618840.0,development_test,False,normal,24.0,23,0
1701618900.0,development_test,False,normal,24.0,23,0
1701618960.0,development_test,False,normal,21.0,15,0
1701619020.0,development_test,False,normal,20.0,33,0
1701619080.0,development_test,False,normal,26.0,21,0
1701619140.0,development_test,False,normal,18.0,23,0
1701619200.0,development_test,False,normal,17.0,23,0
1701619260.0,development_test,False,normal,23.0,22,0
1701619320.0,development_test,False,normal,29.0,32,0
1701619380.0,development_test,False,normal,25.0,21,0
1701619440.0,development_test,False,normal,27.0,23,0
1701619500.0,development_test,False,normal,19.0,23,0
1701619560.0,development_test,False,normal,22.0,23,0
1701619620.0,development_test,False,normal,17.0,33,0
1701619680.0,development_test,False,normal,21.0,32,0
1701619740.0,development_test,False,normal,19.0,22,0
1701619800.0,development_test,False,normal,27.0,22,0
1701619860.0,development_test,False,normal,16.0,21,0
1701619920.0,development_test,False,normal,18.0,26,0
1701619980.0,development_test,False,normal,20.0,22,0
1701620040.0,development_test,False,normal,20.0,23,0
1701620100.0,development_test,False,normal,30.0,23,0
1701620160.0,development_test,False,normal,23.0,23,0
1701620220.0,development_test,False,normal,20.0,42,0
1701620280.0,development_test,False,normal,22.0,21,0
1701620340.0,development_test,False,normal,30.0,22,0
1701620400.0,development_test,False,normal,20.0,22,0
1701620460.0,development_test,False,normal,22.0,22,0
1701620520.0,development_test,False,normal,18.0,32,0
1701620580.0,development_test,False,normal,21.0,33,0
1701620640.0,development_test,False,normal,27.0,22,0
1701620700.0,development_test,True,discovery,23.0,31,1
1701620760.0,development_test,True,discovery,37.0,23,0
1701620820.0,development_test,False,normal,23.0,33,0
1701620880.0,development_test,False,normal,29.0,22,0
1701620940.0,development_test,False,normal,13.0,15,0
1701621000.0,development_test,False,normal,13.0,36,0
1701621060.0,development_test,False,normal,18.0,22,0
1701621120.0,development_test,False,normal,19.0,33,0
1701621180.0,development_test,False,normal,15.0,33,0
1701621240.0,development_test,False,normal,19.0,22,0
1701621300.0,development_test,False,normal,19.0,22,0
1701621360.0,development_test,False,normal,20.0,22,0
1701621420.0,development_test,False,normal,24.0,33,0
1701621480.0,development_test,False,normal,24.0,22,0
1701621540.0,development_test,False,normal,22.0,23,0
1701621600.0,development_test,False,normal,21.0,23,0
1701621660.0,development_test,False,normal,21.0,23,0
1701621720.0,development_test,False,normal,17.0,54,0
1701621780.0,development_test,False,normal,24.0,22,0
1701621840.0,development_test,False,normal,20.0,22,0
1701621900.0,development_test,False,normal,20.0,22,0
1701621960.0,development_test,False,normal,11.0,22,0
1701622020.0,development_test,False,normal,20.0,33,0
1701622080.0,development_test,False,normal,22.0,33,0
1701622140.0,development_test,False,normal,26.0,22,0
1701622200.0,development_test,False,normal,18.0,22,0
1701622260.0,development_test,False,normal,26.0,16,0
1701622320.0,development_test,False,normal,23.0,33,0
1701622380.0,development_test,False,normal,27.0,21,0
1701622440.0,development_test,False,normal,20.0,22,0
1701622500.0,development_test,False,normal,23.0,22,0
1701622560.0,development_test,False,normal,27.0,22,0
1701622620.0,development_test,False,normal,21.0,33,0
1701622680.0,development_test,False,normal,21.0,22,0
1701622740.0,development_test,False,normal,16.0,23,0
1701622800.0,development_test,False,normal,24.0,23,0
1701622860.0,development_test,False,normal,18.0,23,0
1701622920.0,development_test,False,normal,23.0,33,0
1701622980.0,development_test,False,normal,17.0,33,0
1701623040.0,development_test,False,normal,27.0,23,0
1701623100.0,development_test,False,normal,22.0,23,0
1701623160.0,development_test,False,normal,19.0,23,0
1701623220.0,development_test,False,normal,24.0,33,0
1701623280.0,development_test,False,normal,19.0,22,0
1701623340.0,development_test,False,normal,29.0,22,0
1701623400.0,development_test,False,normal,19.0,22,0
1701623460.0,development_test,False,normal,24.0,22,0
1701623520.0,development_test,False,normal,27.0,32,0
1701623580.0,development_test,True,lateral_movement,25.0,41,1
1701623640.0,development_test,True,lateral_movement,24.0,23,0
1701623700.0,development_test,False,normal,25.0,23,0
1701623760.0,development_test,False,normal,21.0,23,0
1701623820.0,development_test,False,normal,15.0,42,0
1701623880.0,development_test,False,normal,23.0,33,0
1701623940.0,development_test,False,normal,20.0,16,0
1701624000.0,development_test,False,normal,13.0,23,0
1701624060.0,development_test,False,normal,22.0,23,0
1701624120.0,development_test,False,normal,27.0,33,0
1701624180.0,development_test,False,normal,23.0,22,0
1701624240.0,development_test,False,normal,22.0,23,0
1701624300.0,development_test,False,normal,20.0,23,0
1701624360.0,development_test,False,normal,24.0,22,0
1701624420.0,development_test,False,normal,15.0,33,0
1701624480.0,development_test,False,normal,16.0,22,0
1701624540.0,development_test,False,normal,25.0,22,0
1701624600.0,development_test,False,normal,24.0,31,0
1701624660.0,development_test,False,normal,34.0,22,0
1701624720.0,development_test,False,normal,18.0,33,0
1701624780.0,development_test,False,normal,25.0,33,0
1701624840.0,development_test,False,normal,19.0,27,0
1701624900.0,development_test,False,normal,22.0,23,0
1701624960.0,development_test,False,normal,18.0,23,0
1701625020.0,development_test,False,normal,13.0,33,0
1701625080.0,development_test,False,normal,21.0,22,0
1701625140.0,development_test,False,normal,21.0,23,0
1701625200.0,development_test,False,normal,15.0,22,0
1701625260.0,development_test,False,normal,16.0,22,0
1701625320.0,development_test,False,normal,20.0,32,0
1701625380.0,development_test,False,normal,28.0,22,0
1701625440.0,development_test,False,normal,20.0,23,0
1701625500.0,development_test,False,normal,23.0,21,0
1701625560.0,development_test,False,normal,21.0,22,0
1701625620.0,development_test,False,normal,19.0,26,0
1701625680.0,development_test,False,normal,29.0,42,0
1701625740.0,development_test,False,normal,27.0,23,0
1701625800.0,development_test,False,normal,30.0,22,0
1701625860.0,development_test,False,normal,24.0,22,0
1701625920.0,development_test,False,normal,24.0,32,0
1701625980.0,development_test,False,normal,23.0,21,0
1701626040.0,development_test,False,normal,25.0,23,0
1701626100.0,development_test,False,normal,14.0,23,0
1701626160.0,development_test,False,normal,20.0,22,0
1701626220.0,development_test,False,normal,27.0,32,0
1701626280.0,development_test,False,normal,30.0,21,0
1701626340.0,development_test,False,normal,27.0,23,0
1701626400.0,development_test,False,normal,27.0,23,0
1701626460.0,development_test,True,lateral_movement,21.0,48,0
1701626520.0,development_test,True,lateral_movement,18.0,38,0
1701626580.0,development_test,False,normal,220.0,33,0
1701626640.0,development_test,False,normal,120.0,21,0
1701626700.0,development_test,False,normal,11.0,22,0
1701626760.0,development_test,False,normal,24.0,22,0
1701626820.0,development_test,False,normal,29.0,32,0
1701626880.0,development_test,False,normal,28.0,22,0
1701626940.0,development_test,False,normal,19.0,22,0
1701627000.0,development_test,False,normal,22.0,22,0
1701627060.0,development_test,False,normal,24.0,22,0
1701627120.0,development_test,False,normal,23.0,32,0
1701627180.0,development_test,False,normal,17.0,16,0
1701627240.0,development_test,False,normal,12.0,23,0
1701627300.0,development_test,False,normal,22.0,22,0
1701627360.0,development_test,False,normal,14.0,22,0
1701627420.0,development_test,False,normal,20.0,42,0
1701627480.0,development_test,False,normal,18.0,32,0
1701627540.0,development_test,False,normal,20.0,22,0
1701627600.0,development_test,False,normal,15.0,23,0
1701627660.0,development_test,False,normal,27.0,22,0
1701627720.0,development_test,False,normal,31.0,32,0
1701627780.0,development_test,False,normal,22.0,22,0
1701627840.0,development_test,False,normal,29.0,23,0
1701627900.0,development_test,False,normal,8.0,22,0
1701627960.0,development_test,False,normal,20.0,22,0
1701628020.0,development_test,False,normal,17.0,32,0
1701628080.0,development_test,False,normal,24.0,22,0
1701628140.0,development_test,False,normal,15.0,22,0
1701628200.0,development_test,False,normal,18.0,31,0
1701628260.0,development_test,False,normal,20.0,22,0
1701628320.0,development_test,False,normal,21.0,35,0
1701628380.0,development_test,False,normal,30.0,32,0
1701628440.0,development_test,False,normal,16.0,22,0
1701628500.0,development_test,False,normal,33.0,22,0
1701628560.0,development_test,False,normal,13.0,22,0
1701628620.0,development_test,False,normal,16.0,33,0
1701628680.0,development_test,False,normal,19.0,22,0
1701628740.0,development_test,False,normal,24.0,22,0
1701628800.0,development_test,False,normal,23.0,23,0
1701628860.0,development_test,False,normal,24.0,23,0
1701628920.0,development_test,False,normal,29.0,32,0
1701628980.0,development_test,False,normal,34.0,22,0
1701629040.0,development_test,False,normal,26.0,23,0
1701629100.0,development_test,False,normal,16.0,23,0
1701629160.0,development_test,False,normal,15.0,22,0
1701629220.0,development_test,False,normal,25.0,32,0
1701629280.0,development_test,False,normal,17.0,33,0
1701629340.0,development_test,False,normal,17.0,22,0
1701629400.0,development_test,False,normal,26.0,22,0
1701629460.0,development_test,False,normal,35.0,22,0
1701629520.0,development_test,False,normal,20.0,32,0
1701629580.0,development_test,False,normal,22.0,16,0
1701629640.0,development_test,False,normal,26.0,22,0
1701629700.0,development_test,False,normal,14.0,22,0
1701629760.0,development_test,False,normal,26.0,22,0
1701629820.0,development_test,False,normal,21.0,33,0
1701629880.0,development_test,False,normal,19.0,22,0
1701629940.0,development_test,False,normal,26.0,22,0
1701630000.0,development_test,False,normal,25.0,23,0
1701630060.0,development_test,False,normal,20.0,23,0
1701630120.0,development_test,False,normal,28.0,33,0
1701630180.0,development_test,False,normal,22.0,33,0
1701630240.0,development_test,False,normal,29.0,22,0
1701630300.0,development_test,False,normal,15.0,22,0
1701630360.0,development_test,False,normal,22.0,22,0
1701630420.0,development_test,False,normal,11.0,32,0
1701630480.0,development_test,False,normal,22.0,22,0
1701630540.0,development_test,False,normal,21.0,22,0
1701630600.0,development_test,False,normal,28.0,23,0
1701630660.0,development_test,False,normal,27.0,23,0
1701630720.0,development_test,False,normal,21.0,33,0
1701630780.0,development_test,False,normal,13.0,22,0
1701630840.0,development_test,False,normal,26.0,16,0
1701630900.0,development_test,False,normal,23.0,22,0
1701630960.0,development_test,False,normal,22.0,22,0
1701631020.0,development_test,False,normal,24.0,42,0
1701631080.0,development_test,False,normal,30.0,32,0
1701631140.0,development_test,False,normal,16.0,22,0
1701631200.0,development_test,False,normal,21.0,22,0
1701631260.0,development_test,False,normal,20.0,22,0
1701631320.0,development_test,False,normal,24.0,32,0
1701631380.0,development_test,False,normal,14.0,23,0
1701631440.0,development_test,False,normal,26.0,23,0
1701631500.0,development_test,False,normal,24.0,23,0
1701631560.0,development_test,False,normal,28.0,21,0
1701631620.0,development_test,False,normal,24.0,33,0
1701631680.0,development_test,False,normal,18.0,23,0
1701631740.0,development_test,False,normal,27.0,23,0
1701631800.0,development_test,False,normal,22.0,32,0
1701631860.0,development_test,False,normal,29.0,23,0
1701631920.0,development_test,False,normal,24.0,32,0
1701631980.0,development_test,False,normal,22.0,30,0
1701632040.0,development_test,False,normal,13.0,22,0
1701632100.0,development_test,False,normal,20.0,22,0
1701632160.0,development_test,False,normal,16.0,22,0
1701632220.0,development_test,False,normal,26.0,31,0
1701632280.0,development_test,False,normal,21.0,26,0
1701632340.0,development_test,False,normal,16.0,30,0
1701632400.0,development_test,False,normal,18.0,22,0
1701632460.0,development_test,False,normal,27.0,215,0
1701632520.0,development_test,False,normal,23.0,32,0
1701632580.0,development_test,False,normal,19.0,21,0
1701632640.0,development_test,False,normal,23.0,22,0
1701632700.0,development_test,False,normal,13.0,22,0
1701632760.0,development_test,False,normal,33.0,22,0
1701632820.0,development_test,False,normal,22.0,26,0
1701632880.0,development_test,False,normal,20.0,23,0
1701632940.0,development_test,False,normal,17.0,23,0
1701633000.0,development_test,False,normal,22.0,22,0
1701633060.0,development_test,False,normal,23.0,22,0
1701633120.0,development_test,False,normal,16.0,33,0
1701633180.0,development_test,False,normal,17.0,22,0
1701633240.0,development_test,False,normal,22.0,34,0
1701633300.0,development_test,False,normal,19.0,23,0
1701633360.0,development_test,False,normal,27.0,22,0
1701633420.0,development_test,False,normal,34.0,32,0
1701633480.0,development_test,False,normal,23.0,22,0
1701633540.0,development_test,False,normal,18.0,22,0
1701633600.0,development_test,False,normal,23.0,22,0
1701633660.0,development_test,False,normal,23.0,22,0
1701633720.0,development_test,False,normal,25.0,32,0
1701633780.0,development_test,False,normal,16.0,22,0
1701633840.0,development_test,False,normal,18.0,16,0
1701633900.0,development_test,False,normal,22.0,23,0
1701633960.0,development_test,False,normal,22.0,23,0
1701634020.0,development_test,False,normal,17.0,33,0
1701634080.0,development_test,False,normal,22.0,23,0
1701634140.0,development_test,False,normal,17.0,32,0
1701634200.0,development_test,False,normal,16.0,23,0
1701634260.0,development_test,False,normal,16.0,22,0
1701634320.0,development_test,False,normal,23.0,33,0
1701634380.0,development_test,False,normal,16.0,23,0
1701634440.0,development_test,False,normal,23.0,23,0
1701634500.0,development_test,False,normal,13.0,23,0
1701634560.0,development_test,False,normal,27.0,23,0
1701634620.0,development_test,False,normal,18.0,42,0
1701634680.0,development_test,False,normal,16.0,22,0
1701634740.0,development_test,False,normal,22.0,22,0
1701634800.0,development_test,False,normal,22.0,22,0
1701634860.0,development_test,False,normal,34.0,22,0
1701634920.0,development_test,False,normal,29.0,33,0
1701634980.0,development_test,False,normal,12.0,23,0
1701635040.0,development_test,False,normal,19.0,33,0
1701635100.0,development_test,False,normal,19.0,23,0
1701635160.0,development_test,False,normal,23.0,23,0
1701635220.0,development_test,False,normal,35.0,33,0
1701635280.0,development_test,False,normal,22.0,22,0
1701635340.0,development_test,False,normal,23.0,22,0
1701635400.0,development_test,False,normal,23.0,32,0
1701635460.0,development_test,False,normal,16.0,23,0
1701635520.0,development_test,False,normal,27.0,38,0
1701635580.0,development_test,False,normal,24.0,22,0
1701635640.0,development_test,False,normal,18.0,22,0
1701635700.0,development_test,False,normal,19.0,15,0
1701635760.0,development_test,False,normal,29.0,23,0
1701635820.0,development_test,False,normal,25.0,33,0
1701635880.0,development_test,False,normal,26.0,23,0
1701635940.0,development_test,False,normal,23.0,33,0
1701636000.0,development_test,False,normal,22.0,21,0
1701636060.0,development_test,False,normal,23.0,23,0
1701636120.0,development_test,False,normal,13.0,33,0
1701636180.0,development_test,False,normal,30.0,22,0
1701636240.0,development_test,False,normal,27.0,22,0
1701636300.0,development_test,False,normal,23.0,23,0
1701636360.0,development_test,False,normal,23.0,23,0
1701636420.0,development_test,False,normal,23.0,33,0
1701636480.0,development_test,False,normal,26.0,21,0
1701636540.0,development_test,False,normal,13.0,32,0
1701636600.0,development_test,False,normal,26.0,22,0
1701636660.0,development_test,False,normal,19.0,22,0
1701636720.0,development_test,False,normal,25.0,32,0
1701636780.0,development_test,False,normal,25.0,22,0
1701636840.0,development_test,False,normal,20.0,26,0
1701636900.0,development_test,False,normal,18.0,23,0
1701636960.0,development_test,False,normal,23.0,22,0
1701637020.0,development_test,False,normal,29.0,33,0
1701637080.0,development_test,False,normal,16.0,31,0
1701637140.0,development_test,False,normal,22.0,27,0
1701637200.0,development_test,False,normal,19.0,23,0
1701637260.0,development_test,False,normal,13.0,22,0
1701637320.0,development_test,False,normal,23.0,32,0
1701637380.0,development_test,False,normal,25.0,23,0
1701637440.0,development_test,False,normal,21.0,22,0
1701637500.0,development_test,False,normal,24.0,22,0
1701637560.0,development_test,False,normal,16.0,22,0
1701637620.0,development_test,False,normal,27.0,32,0
1701637680.0,development_test,False,normal,35.0,22,0
1701637740.0,development_test,False,normal,24.0,33,0
1701637800.0,development_test,False,normal,21.0,23,0
1701637860.0,development_test,False,normal,20.0,23,0
1701637920.0,development_test,False,normal,25.0,33,0
1701637980.0,development_test,False,normal,33.0,16,0
1701638040.0,development_test,False,normal,29.0,23,0
1701638100.0,development_test,False,normal,20.0,22,0
1701638160.0,development_test,False,normal,22.0,22,0
1701638220.0,development_test,False,normal,22.0,41,0
1701638280.0,development_test,False,normal,16.0,22,0
1701638340.0,development_test,False,normal,25.0,22,0
1701638400.0,development_test,False,normal,25.0,23,0
1701638460.0,development_test,False,normal,24.0,23,0
1701638520.0,development_test,False,normal,22.0,33,0
1701638580.0,development_test,False,normal,23.0,21,0
1701638640.0,development_test,False,normal,20.0,32,0
1701638700.0,development_test,False,normal,27.0,22,0
1701638760.0,development_test,False,normal,21.0,22,0
1701638820.0,development_test,False,normal,15.0,32,0
1701638880.0,development_test,False,normal,21.0,16,0
1701638940.0,development_test,False,normal,28.0,23,0
1701639000.0,development_test,False,normal,26.0,29,0
1701639060.0,development_test,False,normal,17.0,27,0
1701639120.0,development_test,False,normal,16.0,33,0
1701639180.0,development_test,False,normal,24.0,23,0
1701639240.0,development_test,False,normal,25.0,23,0
1701639300.0,development_test,False,normal,24.0,23,0
1701639360.0,development_test,False,normal,16.0,22,0
1701639420.0,development_test,False,normal,26.0,32,0
1701639480.0,development_test,False,normal,22.0,22,0
1701639540.0,development_test,False,normal,20.0,32,0
1701639600.0,development_test,False,normal,19.0,22,0
1701639660.0,development_test,False,normal,24.0,22,0
1701639720.0,development_test,False,normal,23.0,32,0
1701639780.0,development_test,False,normal,21.0,22,0
1701639840.0,development_test,False,normal,20.0,16,0
1701639900.0,development_test,False,normal,13.0,23,0
1701639960.0,development_test,False,normal,19.0,23,0
1701640020.0,development_test,False,normal,28.0,33,0
1701640080.0,development_test,False,normal,22.0,23,0
1701640140.0,development_test,False,normal,18.0,23,0
1701640200.0,development_test,False,normal,20.0,22,0
1701640260.0,development_test,False,normal,37.0,23,0
1701640320.0,development_test,False,normal,29.0,33,0
1701640380.0,development_test,False,normal,21.0,23,0
1701640440.0,development_test,False,normal,21.0,33,0
1701640500.0,development_test,False,normal,18.0,23,0
1701640560.0,development_test,False,normal,22.0,21,0
1701640620.0,development_test,False,normal,27.0,33,0
1701640680.0,development_test,False,normal,28.0,22,0
1701640740.0,development_test,False,normal,21.0,22,0
1701640800.0,development_test,False,normal,22.0,23,0
1701640860.0,development_test,False,normal,20.0,23,0
1701640920.0,development_test,False,normal,15.0,32,0
1701640980.0,development_test,False,normal,25.0,23,0
1701641040.0,development_test,False,normal,25.0,23,0
1701641100.0,development_test,False,normal,22.0,23,0
1701641160.0,development_test,False,normal,20.0,23,0
1701641220.0,development_test,False,normal,27.0,48,0
1701641280.0,development_test,False,normal,26.0,21,0
1701641340.0,development_test,False,normal,23.0,33,0
1701641400.0,development_test,False,normal,19.0,22,0
1701641460.0,development_test,False,normal,25.0,16,0
1701641520.0,development_test,False,normal,17.0,33,0
1701641580.0,development_test,False,normal,20.0,21,0
1701641640.0,development_test,False,normal,12.0,23,0
1701641700.0,development_test,False,normal,22.0,22,0
1701641760.0,development_test,False,normal,21.0,28,0
1701641820.0,development_test,False,normal,36.0,41,0
1701641880.0,development_test,False,normal,30.0,22,0
1701641940.0,development_test,False,normal,18.0,22,0
1701642000.0,development_test,False,normal,18.0,23,0
1701642060.0,development_test,False,normal,32.0,22,0
1701642120.0,development_test,False,normal,21.0,33,0
1701642180.0,development_test,False,normal,16.0,23,0
1701642240.0,development_test,False,normal,22.0,33,0
1701642300.0,development_test,False,normal,27.0,22,0
1701642360.0,development_test,False,normal,17.0,21,0
1701642420.0,development_test,False,normal,23.0,32,0
1701642480.0,development_test,False,normal,23.0,22,0
1701642540.0,development_test,False,normal,18.0,20,0
1701642600.0,development_test,False,normal,19.0,31,0
1701642660.0,development_test,False,normal,23.0,22,0
1701642720.0,development_test,False,normal,20.0,37,0
1701642780.0,development_test,False,normal,14.0,23,0
1701642840.0,development_test,False,normal,23.0,23,0
1701642900.0,development_test,False,normal,15.0,23,0
1701642960.0,development_test,False,normal,21.0,23,0
1701643020.0,development_test,False,normal,20.0,33,0
1701643080.0,development_test,False,normal,17.0,23,0
1701643140.0,development_test,False,normal,16.0,33,0
1701643200.0,development_test,False,normal,16.0,21,0
1701643260.0,development_test,False,normal,17.0,22,0
1701643320.0,development_test,False,normal,20.0,33,0
1701643380.0,development_test,False,normal,25.0,21,0
1701643440.0,development_test,False,normal,29.0,22,0
1701643500.0,development_test,False,normal,31.0,22,0
1701643560.0,development_test,False,normal,21.0,22,0
1701643620.0,development_test,False,normal,21.0,33,0
1701643680.0,development_test,False,normal,29.0,23,0
1701643740.0,development_test,False,normal,21.0,16,0
1701643800.0,development_test,False,normal,23.0,21,0
1701643860.0,development_test,False,normal,28.0,21,0
1701643920.0,development_test,False,normal,24.0,33,0
1701643980.0,development_test,False,normal,28.0,22,0
1701644040.0,development_test,False,normal,22.0,33,0
1701644100.0,development_test,False,normal,26.0,23,0
1701644160.0,development_test,False,normal,20.0,22,0
1701644220.0,development_test,False,normal,19.0,32,0
1701644280.0,development_test,False,normal,29.0,23,0
1701644340.0,development_test,False,normal,25.0,23,0
1701644400.0,development_test,False,normal,21.0,23,0
1701644460.0,development_test,False,normal,27.0,22,0
1701644520.0,development_test,False,normal,27.0,33,0
1701644580.0,development_test,False,normal,20.0,21,0
1701644640.0,development_test,False,normal,24.0,23,0
1701644700.0,development_test,False,normal,22.0,23,0
1701644760.0,development_test,False,normal,19.0,22,0
1701644820.0,development_test,False,normal,22.0,33,0
1701644880.0,development_test,False,normal,25.0,16,0
1701644940.0,development_test,False,normal,24.0,33,0
1701645000.0,development_test,False,normal,28.0,22,0
1701645060.0,development_test,False,normal,25.0,21,0
1701645120.0,development_test,False,normal,26.0,32,0
1701645180.0,development_test,False,normal,20.0,22,0
1701645240.0,development_test,False,normal,23.0,33,0
1701645300.0,development_test,False,normal,22.0,22,0
1701645360.0,development_test,False,normal,22.0,21,0
1701645420.0,development_test,False,normal,24.0,41,0
1701645480.0,development_test,False,normal,23.0,271,0
1701645540.0,development_test,False,normal,20.0,22,0
1701645600.0,development_test,False,normal,21.0,22,0
1701645660.0,development_test,False,normal,20.0,22,0
1701645720.0,development_test,False,normal,24.0,32,0
1701645780.0,development_test,False,normal,16.0,21,0
1701645840.0,development_test,False,normal,17.0,16,0
1701645900.0,development_test,False,normal,22.0,23,0
1701645960.0,development_test,False,normal,21.0,22,0
1701646020.0,development_test,False,normal,28.0,33,0
1701646080.0,development_test,False,normal,18.0,22,0
1701646140.0,development_test,False,normal,18.0,32,0
1701646200.0,development_test,False,normal,23.0,31,0
1701646260.0,development_test,False,normal,20.0,21,0
1701646320.0,development_test,False,normal,18.0,38,0
1701646380.0,development_test,False,normal,22.0,22,0
1701646440.0,development_test,False,normal,23.0,22,0
1701646500.0,development_test,False,normal,15.0,21,0
1701646560.0,development_test,False,normal,12.0,22,0
1701646620.0,development_test,False,normal,22.0,32,0
1701646680.0,development_test,False,normal,20.0,22,0
1701646740.0,development_test,False,normal,31.0,16,0
1701646800.0,development_test,False,normal,15.0,23,0
1701646860.0,development_test,False,normal,19.0,23,0
1701646920.0,development_test,False,normal,20.0,33,0
1701646980.0,development_test,False,normal,18.0,21,0
1701647040.0,development_test,False,normal,20.0,32,0
1701647100.0,development_test,False,normal,19.0,22,0
1701647160.0,development_test,False,normal,32.0,21,0
1701647220.0,development_test,False,normal,20.0,33,0
1701647280.0,development_test,False,normal,19.0,22,0
1701647340.0,development_test,False,normal,22.0,23,0
1701647400.0,development_test,False,normal,25.0,23,0
1701647460.0,development_test,False,normal,20.0,22,0
1701647520.0,development_test,False,normal,22.0,33,0
1701647580.0,development_test,False,normal,16.0,22,0
1701647640.0,development_test,False,normal,28.0,23,0
1701647700.0,development_test,False,normal,25.0,23,0
1701647760.0,development_test,False,normal,20.0,22,0
1701647820.0,development_test,False,normal,22.0,32,0
1701647880.0,development_test,False,normal,21.0,22,0
1701647940.0,development_test,False,normal,20.0,26,0
