timestamp,attack_present,attack_tactic,network_only_score,provenance_only_score,late_fusion_score
1701561600.0,False,normal,1.525065306385888e-05,0.9999068448295665,2.4681381342087817e-05
1701561660.0,False,normal,5.514053371835787e-06,2.9685406532470374e-05,9.395696777757514e-06
1701561720.0,False,normal,2.6605663631287103e-05,2.0884961337810493e-05,3.177855487335258e-05
1701561780.0,False,normal,7.315271837459973e-06,0.0005077935805808397,1.0686557275802241e-05
1701561840.0,False,normal,0.0002733343095842261,0.3074274047225576,0.053136300598436756
1701561900.0,False,normal,6.621604826553253e-06,0.3074274047225576,7.504984279063987e-06
1701561960.0,False,normal,2.6092373653404276e-05,0.3074274047225576,2.5702567057143777e-05
1701562020.0,False,normal,6.338820992458773e-06,2.0884961337810493e-05,1.068657079163064e-05
1701562080.0,False,normal,2.0483754944068357e-05,0.3074274047225576,1.5959892202389718e-05
1701562140.0,False,normal,5.766934240355615e-05,0.0005077935805808397,4.2814441045144146e-05
1701562200.0,False,normal,3.1273896520642246e-05,0.0005077935805808397,4.009544545489106e-05
1701562260.0,False,normal,1.4761466798908934e-05,0.0005077935805808397,6.834689419539945e-06
1701562320.0,False,normal,2.1907634291866774e-05,2.0884961337810493e-05,1.67670915335275e-05
1701562380.0,False,normal,5.760036981423417e-06,0.735931043168581,1.274978069087541e-05
1701562440.0,False,normal,1.9782488988678214e-05,0.3074274047225576,1.7017827994620627e-05
1701562500.0,False,normal,1.4495799300954721e-05,0.3074274047225576,1.227568584971007e-05
1701562560.0,False,normal,7.889315422297551e-06,0.0009076709543987719,9.977356476638694e-06
1701562620.0,False,normal,0.0002178950138554126,0.01128931763995575,0.0003597347115429684
1701562680.0,False,normal,8.419922427255725e-06,0.3074274047225576,8.126297508407571e-06
1701562740.0,False,normal,1.8226289460451957e-05,0.3074274047225576,1.4417598137976832e-05
1701562800.0,False,normal,1.8961043751421665e-05,0.3074274047225576,1.7919199264880525e-05
1701562860.0,False,normal,0.0001146170066543129,0.0005077935805808397,0.00021270013918905388
1701562920.0,False,normal,7.0326137701172895e-06,2.0884961337810493e-05,1.02434214395021e-05
1701562980.0,False,normal,6.1178277236927e-06,0.3074274047225576,7.389127244354251e-06
1701563040.0,False,normal,0.002394233872412058,0.0005077935805808397,0.26048371215286364
1701563100.0,False,normal,1.7028766368708867e-05,0.0005077935805808397,7.368010789666222e-06
1701563160.0,False,normal,1.0709911048762625e-05,0.3074274047225576,1.0395005284560973e-05
1701563220.0,False,normal,0.006986607713767153,2.0884961337810493e-05,0.0004975460424447026
1701563280.0,False,normal,0.053242857511771234,0.735931043168581,0.07710529448263027
1701563340.0,False,normal,1.7040318878945557e-05,0.3074274047225576,1.3235257326842175e-05
1701563400.0,False,normal,7.638915493167668e-06,0.0058784535403235945,1.3600046543909899e-05
1701563460.0,False,normal,7.998011966318634e-06,0.0009076709543987719,8.755066624870553e-06
1701563520.0,False,normal,0.7958245694685078,0.005629148886888319,0.2921424288140804
1701563580.0,False,normal,1.449416135306203e-05,0.3074274047225576,1.3724660784444598e-05
1701563640.0,False,normal,0.08650373112576926,0.3074274047225576,0.9448285863611708
1701563700.0,True,command_and_control,1.5215124421014472e-05,0.09218276940383535,2.8267034445284257e-05
1701563760.0,True,discovery,0.98523304091439,0.3074274047225576,0.8100354868045222
1701563820.0,False,normal,0.0002520725697742514,2.0884961337810493e-05,2.2375134057613675e-05
1701563880.0,False,normal,1.6124783215856865e-05,0.3074274047225576,1.1360792409929707e-05
1701563940.0,False,normal,9.207641024879421e-06,0.0005077935805808397,8.813304135235552e-06
1701564000.0,False,normal,7.699243376033751e-06,0.0005077935805808397,8.829247083866906e-06
1701564060.0,False,normal,1.0907943928094512e-05,0.0005077935805808397,9.370268657293806e-06
1701564120.0,False,normal,3.250701287449998e-05,2.0884961337810493e-05,2.1707482597550962e-05
1701564180.0,False,normal,1.7633551514646298e-05,0.735931043168581,3.699997448739261e-05
1701564240.0,False,normal,1.2657055997203616e-05,0.3074274047225576,1.396631527539836e-05
1701564300.0,False,normal,1.5081480093393986e-05,0.3074274047225576,9.79356557101527e-06
1701564360.0,False,normal,1.6211661646622027e-05,0.0009076709543987719,2.468197875224366e-05
1701564420.0,False,normal,1.3648043836952411e-05,0.005629148886888319,1.051426855537087e-05
1701564480.0,False,normal,8.840254915747721e-05,0.0005077935805808397,0.00018834795507223203
1701564540.0,False,normal,7.506703535009199e-06,0.0005077935805808397,7.232431176212813e-06
1701564600.0,False,normal,3.9448399223705966e-05,0.3074274047225576,3.8125051378015135e-05
1701564660.0,False,normal,6.621604826553253e-06,0.3074274047225576,8.053333288459804e-06
1701564720.0,False,normal,1.3365577113767872e-05,2.0884961337810493e-05,7.085137979731848e-06
1701564780.0,False,normal,9.359871827942833e-06,0.3074274047225576,8.732076479692119e-06
1701564840.0,False,normal,0.000155525423237002,0.0005077935805808397,2.8133192645870793e-05
1701564900.0,False,normal,7.511240576037463e-06,0.0005077935805808397,6.599953881920122e-06
1701564960.0,False,normal,2.4753558421475993e-05,0.735931043168581,1.903908851077121e-05
1701565020.0,False,normal,1.9552809245897105e-05,2.085358062744043e-05,1.1771774514234702e-05
1701565080.0,False,normal,1.2658628667833674e-05,0.3074274047225576,1.198727213363934e-05
1701565140.0,False,normal,5.7600402445922384e-06,0.3074274047225576,6.431103183435347e-06
1701565200.0,False,normal,2.513597741839651e-05,0.3074274047225576,2.0045142576706848e-05
1701565260.0,False,normal,4.360050478827516e-05,2.9685406532470374e-05,5.449790516284057e-05
1701565320.0,False,normal,9.645643439941629e-06,2.0884961337810493e-05,1.1892520476805129e-05
1701565380.0,False,normal,8.056526553519567e-06,0.9999068448295665,2.070777228902332e-05
1701565440.0,False,normal,2.1289889862232012e-05,0.0005077935805808397,2.0147656564442847e-05
1701565500.0,False,normal,9.928818313809359e-06,0.0005077935805808397,9.497510115323247e-06
1701565560.0,False,normal,0.001158677988377026,0.0005077935805808397,0.0008952665275858156
1701565620.0,False,normal,6.8345622735745895e-06,2.0884961337810493e-05,8.086419932092707e-06
1701565680.0,False,normal,0.0037719695003144652,0.0005077935805808397,0.0007745086213715147
1701565740.0,False,normal,9.928818313809359e-06,0.0005077935805808397,7.729776929036707e-06
1701565800.0,False,normal,1.1139779101910297e-05,0.0005077935805808397,1.0289552756415664e-05
1701565860.0,False,normal,1.1294128143015178e-05,0.0005077935805808397,9.524096204846599e-06
1701565920.0,False,normal,0.00022192908538890287,2.0884961337810493e-05,0.00018978569668820679
1701565980.0,False,normal,1.2376387231582108e-05,0.0005077935805808397,8.095240431209e-06
1701566040.0,False,normal,1.6359759962183255e-05,0.0005077935805808397,2.3030416485348635e-05
1701566100.0,False,normal,1.5007554421330562e-05,0.0005077935805808397,1.650511738614521e-05
1701566160.0,False,normal,1.0263372564721168e-05,0.0009076709543987719,1.1682875492014874e-05
1701566220.0,False,normal,8.474189525810365e-06,0.0008428201326724821,1.0089791702333563e-05
1701566280.0,False,normal,3.477541732354073e-05,0.0005077935805808397,3.420069962639829e-05
1701566340.0,False,normal,1.6475064886675108e-05,0.0005077935805808397,1.702363069396734e-05
1701566400.0,False,normal,6.969142833130629e-06,0.0005077935805808397,9.309407795829586e-06
1701566460.0,False,normal,0.00023151513064083147,0.0005077935805808397,0.0003139326756963023
1701566520.0,False,normal,0.008464202435745808,2.0884961337810493e-05,0.003432856102251671
1701566580.0,False,normal,1.0809075058868334e-05,0.3074274047225576,6.431103183435347e-06
1701566640.0,False,normal,3.387710016312838e-05,0.3074274047225576,2.4913501834326776e-05
1701566700.0,False,normal,1.3788830176279404e-05,0.3074274047225576,1.4376957784659795e-05
1701566760.0,False,normal,1.9782408740999338e-05,0.0005077935805808397,1.38073361604177e-05
1701566820.0,False,normal,1.160581931286479e-05,2.0884961337810493e-05,8.224322484989614e-06
1701566880.0,False,normal,6.969155223315955e-06,0.0005077935805808397,6.960276954286444e-06
1701566940.0,False,normal,1.2965140877146678e-05,0.0005077935805808397,9.084087940410846e-06
1701567000.0,False,normal,0.0018570841826201431,0.00017383342116793877,0.05862472043772125
1701567060.0,False,normal,0.00019429897826565666,0.0009076709543987719,1.3545734392148063e-05
1701567120.0,False,normal,6.990480041246313e-05,2.0884961337810493e-05,1.3728977935908097e-05
1701567180.0,False,normal,2.629836010730473e-05,0.3074274047225576,2.5999444624361088e-05
1701567240.0,False,normal,0.0002194372362638509,0.3074274047225576,0.02062780032652591
1701567300.0,False,normal,1.0923709495450541e-05,0.09218276940383535,8.850273487549686e-06
1701567360.0,True,discovery,1.8676958018032575e-05,4.381792667727091e-05,2.606907840408623e-05
1701567420.0,True,discovery,0.18592138247547665,0.005629148886888319,0.004445376991154234
1701567480.0,False,normal,0.0007280010800755165,0.0005077935805808397,0.021911738454634427
1701567540.0,False,normal,8.271840581789784e-06,0.0005077935805808397,7.825004105704943e-06
1701567600.0,False,normal,4.862461916014609e-05,0.0005077935805808397,2.5032401537512133e-05
1701567660.0,False,normal,8.293095556729725e-06,0.0005077935805808397,1.068657079163064e-05
1701567720.0,False,normal,1.4122294628792612e-05,2.0884961337810493e-05,1.7283910835214476e-05
1701567780.0,False,normal,1.386433046573818e-05,0.0005077935805808397,1.2102125015913361e-05
1701567840.0,False,normal,3.4818073162414974e-05,0.0005077935805808397,5.1235767563775424e-05
1701567900.0,False,normal,1.2664359869559106e-05,0.0005077935805808397,1.0969896824626087e-05
1701567960.0,False,normal,2.1954801682129606e-05,0.0009076709543987719,2.8712636230793556e-05
1701568020.0,False,normal,9.303209937602113e-06,2.0884961337810493e-05,8.773404735062182e-06
1701568080.0,False,normal,2.455179259134324e-05,0.0005077935805808397,1.486591783883507e-05
1701568140.0,False,normal,5.388429861340529e-06,0.0005077935805808397,5.957168120377492e-06
1701568200.0,False,normal,1.7215792348687533e-05,0.0005077935805808397,1.479884430264145e-05
1701568260.0,False,normal,8.476204488626498e-05,0.0005077935805808397,9.917467227192247e-06
1701568320.0,False,normal,6.671532525897157e-06,2.0884961337810493e-05,8.801181446654447e-06
1701568380.0,False,normal,4.6918880607303664e-05,0.0005077935805808397,9.116139862477802e-05
1701568440.0,False,normal,8.474189525810365e-06,0.0005077935805808397,8.111620774742594e-06
1701568500.0,False,normal,1.7029350366535202e-05,0.0005077935805808397,1.3740729237336475e-05
1701568560.0,False,normal,1.9454893232860362e-05,0.0005077935805808397,2.0318676967297362e-05
1701568620.0,False,normal,1.5348328076207737e-05,2.0884961337810493e-05,1.5789106799729156e-05
1701568680.0,False,normal,2.1612005756881844e-05,0.3074274047225576,1.4068231368077471e-05
1701568740.0,False,normal,0.00011763247614724112,0.3074274047225576,4.753827303721616e-05
1701568800.0,False,normal,8.508892902556739e-06,0.3074274047225576,1.2242536733117157e-05
1701568860.0,False,normal,8.627162533794157e-06,0.0009076709543987719,1.074619479168033e-05
1701568920.0,False,normal,0.00018347658983472033,2.0884961337810493e-05,0.00012042999553799045
1701568980.0,False,normal,0.0006180123860212251,0.0005077935805808397,3.4645016029587554e-05
1701569040.0,False,normal,0.29025422524388955,0.0005077935805808397,0.09194105451026874
1701569100.0,False,normal,6.595248931089543e-06,0.3074274047225576,7.038596275266938e-06
1701569160.0,False,normal,1.3875716334018451e-05,0.3074274047225576,1.472776120379571e-05
1701569220.0,False,normal,6.5952598004077355e-06,2.085358062744043e-05,6.4021180716084035e-06
1701569280.0,False,normal,0.026683744673284878,0.0005077935805808397,0.02071617039761299
1701569340.0,False,normal,0.0024779397379453127,0.9999068448295665,0.01338130024109018
1701569400.0,False,normal,1.028127952998909e-05,0.0005077935805808397,1.067608194191203e-05
1701569460.0,False,normal,1.0464544018890991e-05,0.0005077935805808397,8.734022823057385e-06
1701569520.0,False,normal,0.0018891103707010435,2.0884961337810493e-05,0.003404618436836049
1701569580.0,False,normal,8.392702399728997e-06,0.3074274047225576,8.694177823754465e-06
1701569640.0,False,normal,1.2729476332352413e-05,0.3074274047225576,1.1384910907964028e-05
1701569700.0,False,normal,0.004094581915906434,0.3074274047225576,0.007606552405128998
1701569760.0,False,normal,0.5352995914209295,0.0009076709543987719,0.13132819378166427
1701569820.0,False,normal,7.69169670596889e-05,0.0008428201326724821,0.00012102708174401388
1701569880.0,False,normal,1.1269429203632176e-05,0.0005077935805808397,7.798171113374515e-06
1701569940.0,False,normal,1.2730691779606198e-05,0.0005077935805808397,1.229303740095094e-05
1701570000.0,False,normal,3.1432967447869144e-05,0.3074274047225576,3.114203989545755e-05
1701570060.0,False,normal,0.0006929587510292423,0.3074274047225576,0.0001389455149416483
1701570120.0,False,normal,9.653413842178802e-06,2.085358062744043e-05,1.120846022902496e-05
1701570180.0,False,normal,5.7600402445922384e-06,0.0005077935805808397,6.870427844200292e-06
1701570240.0,False,normal,7.425809193180104e-06,0.9999068448295665,2.025676350463929e-05
1701570300.0,False,normal,1.5677967443557078e-05,0.0005077935805808397,8.010445888307694e-06
1701570360.0,False,normal,2.8648680521895262e-05,0.0005077935805808397,2.0317309060394148e-05
1701570420.0,False,normal,0.00010754937048040822,2.0884961337810493e-05,9.320629472328868e-05
1701570480.0,False,normal,2.1908546828609074e-05,0.3074274047225576,2.1826609525515707e-05
1701570540.0,False,normal,1.0003618311737616e-05,0.3074274047225576,8.75798642071825e-06
1701570600.0,False,normal,1.1310471471419475e-05,0.0058784535403235945,9.518755103505874e-06
1701570660.0,False,normal,3.1227628868381236e-05,4.511517985447913e-05,2.2699374056103783e-05
1701570720.0,False,normal,1.6296585983795962e-05,2.0884961337810493e-05,1.2405199151945012e-05
1701570780.0,False,normal,9.360242252789225e-06,0.0005077935805808397,9.370268657293806e-06
1701570840.0,False,normal,1.177255073092645e-05,0.0005077935805808397,2.0289969646562623e-05
1701570900.0,False,normal,7.646269248409705e-06,0.3074274047225576,6.6000924293023265e-06
1701570960.0,True,discovery,0.0036469548186444413,0.00043884470480518473,0.0005170148033450391
1701571020.0,True,discovery,3.2879517596264265e-05,2.085358062744043e-05,2.044554367539345e-05
1701571080.0,False,normal,7.562650841392606e-06,0.3074274047225576,7.459744696594433e-06
1701571140.0,False,normal,9.561992101164542e-06,0.0005077935805808397,2.045903493334618e-05
1701571200.0,False,normal,2.418899925179807e-05,0.0005077935805808397,7.362420029914536e-05
1701571260.0,False,normal,1.3236235238130114e-05,0.0005077935805808397,1.4837899749891653e-05
1701571320.0,False,normal,6.529975657655354e-06,2.0884961337810493e-05,6.4309766047661356e-06
1701571380.0,False,normal,7.978600908006072e-06,0.0005077935805808397,1.0136383278561288e-05
1701571440.0,False,normal,0.008036642656259545,0.0005077935805808397,0.00590772464290403
1701571500.0,False,normal,1.7136880387739964e-05,0.0005077935805808397,1.207388702505805e-05
1701571560.0,False,normal,0.0002074993295217721,2.9685406532470374e-05,0.00028271097787091785
1701571620.0,False,normal,6.442154823336724e-05,0.005629148886888319,6.10707171689155e-05
1701571680.0,False,normal,8.23922992785703e-06,0.0005077935805808397,8.284972005782763e-06
1701571740.0,False,normal,9.940462200545757e-06,0.0005077935805808397,1.1593919347363507e-05
1701571800.0,False,normal,2.429060512259088e-05,0.0005077935805808397,1.4188218324857019e-05
1701571860.0,False,normal,1.0385146957238634e-05,0.00017383342116793877,1.52625544845607e-05
1701571920.0,False,normal,0.0012970907082715444,2.0884961337810493e-05,0.0007236449140052783
1701571980.0,False,normal,1.4645377902673448e-05,0.3074274047225576,1.3227105937598999e-05
1701572040.0,False,normal,0.7225917783296821,0.0005077935805808397,0.2505726499894491
1701572100.0,False,normal,1.5013037214618746e-05,0.0005077935805808397,1.2871963198368938e-05
1701572160.0,False,normal,4.883450244800964e-05,0.0005077935805808397,3.110572024374558e-05
1701572220.0,False,normal,1.4337518097532463e-05,2.0884961337810493e-05,1.499809906019891e-05
1701572280.0,False,normal,7.181794602767064e-06,0.0005077935805808397,7.0387168057665165e-06
1701572340.0,False,normal,6.312835313671726e-06,0.0005077935805808397,1.0800113586181132e-05
1701572400.0,False,normal,1.4945417578666037e-05,0.0005077935805808397,1.315963892088332e-05
1701572460.0,False,normal,1.0717488284825144e-05,2.9685406532470374e-05,1.7658625650016298e-05
1701572520.0,False,normal,3.192076348405397e-05,2.0884961337810493e-05,2.6164608455530005e-05
1701572580.0,False,normal,1.948902759731435e-05,0.0005077935805808397,1.2083629860971686e-05
1701572640.0,False,normal,1.1836625952557121e-05,0.0005077935805808397,8.792855649474036e-06
1701572700.0,False,normal,7.85962137789896e-06,0.0005077935805808397,8.061318642273567e-06
1701572760.0,False,normal,1.146104213354425e-05,0.0005077935805808397,1.1939593843928872e-05
1701572820.0,False,normal,1.1778586679841548e-05,2.0884961337810493e-05,9.969667372160827e-06
1701572880.0,False,normal,5.191865276523501e-05,0.0005077935805808397,8.585532797387924e-05
1701572940.0,False,normal,9.783549238530993e-05,0.0005077935805808397,7.136145059522497e-05
1701573000.0,False,normal,4.313810738202163e-05,0.0005077935805808397,3.120039555189086e-05
1701573060.0,False,normal,1.4094724955730049e-05,0.0005077935805808397,1.1129253026071869e-05
1701573120.0,False,normal,1.128399229990214e-05,2.0884961337810493e-05,9.91013368472023e-06
1701573180.0,False,normal,1.3368323057002829e-05,0.0005077935805808397,7.802127674984286e-06
1701573240.0,False,normal,1.062202437907925e-05,0.0005077935805808397,7.480016677316836e-06
1701573300.0,False,normal,6.52563155308108e-06,0.0005077935805808397,6.875541695163316e-06
1701573360.0,False,normal,2.5179466722654276e-05,2.9685406532470374e-05,2.600555918072935e-05
1701573420.0,False,normal,7.757378952287338e-06,0.0008428201326724821,1.0413699957724674e-05
1701573480.0,False,normal,6.671539913186889e-06,0.0005077935805808397,8.801188960209292e-06
1701573540.0,False,normal,1.9340023392986822e-05,0.0005077935805808397,2.312048674306315e-05
1701573600.0,False,normal,4.005673047976378e-05,0.0005077935805808397,3.518057161237714e-05
1701573660.0,False,normal,3.616887977097058e-05,0.0005077935805808397,3.483239240012299e-05
1701573720.0,False,normal,1.6213733549566317e-05,2.0884961337810493e-05,1.3808271254218782e-05
1701573780.0,False,normal,4.0417611194787296e-05,0.0005077935805808397,1.83098950312951e-05
1701573840.0,False,normal,6.67152155976592e-06,0.0005077935805808397,6.959813298095478e-06
1701573900.0,False,normal,1.5830876628296276e-05,0.0005077935805808397,9.488186472673126e-06
1701573960.0,False,normal,1.0802116790446852e-05,0.0005077935805808397,1.1886137651810953e-05
1701574020.0,False,normal,1.527456356464765e-05,2.0884961337810493e-05,1.5895542841893472e-05
1701574080.0,False,normal,1.955317899174956e-05,0.0005077935805808397,2.194724387160249e-05
1701574140.0,False,normal,1.5777114893928184e-05,0.0005077935805808397,2.1800277956969752e-05
1701574200.0,False,normal,1.3982141452577312e-05,0.00027384316976907495,1.367032891345091e-05
1701574260.0,False,normal,1.6091519027806342e-05,0.0014010458852476177,2.1388266432041993e-05
1701574320.0,False,normal,1.2117065648334946e-05,0.00025156612963946496,1.9334536026109602e-05
1701574380.0,False,normal,9.780737036938257e-06,0.0005077935805808397,8.70563608758947e-06
1701574440.0,False,normal,3.6700286590846945e-05,0.0005077935805808397,2.5628606817784564e-05
1701574500.0,False,normal,1.1595362064729323e-05,0.0005077935805808397,1.1887801146943341e-05
1701574560.0,False,normal,6.117831032012398e-06,0.0005077935805808397,6.08377409033156e-06
1701574620.0,False,normal,0.00021311385998545282,2.0884961337810493e-05,0.00025805543841107067
1701574680.0,False,normal,6.63940585809645e-06,0.0005077935805808397,6.0837755288155244e-06
1701574740.0,False,normal,6.1178277236927e-06,0.0005077935805808397,8.391040915731137e-06
1701574800.0,False,normal,1.1601348394654176e-05,0.0005077935805808397,1.2795542109011454e-05
1701574860.0,False,normal,1.3033913727487077e-05,0.0005077935805808397,8.281099432338154e-06
1701574920.0,False,normal,3.185980362187396e-05,2.0884961337810493e-05,2.3766151014199388e-05
1701574980.0,False,normal,1.3189180983146132e-05,0.0005077935805808397,1.3613301802508555e-05
1701575040.0,False,normal,1.9487346939795955e-05,0.0005077935805808397,2.646671031958988e-05
1701575100.0,False,normal,9.097443351147603e-06,0.0005077935805808397,7.399554681983494e-06
1701575160.0,True,discovery,0.02640516881401617,3.1053894294218788e-06,0.12664540951463094
1701575220.0,True,discovery,0.9126870598213737,2.0884961337810493e-05,0.5217035285311047
1701575280.0,True,discovery,0.12316584107144486,0.0005077935805808397,0.3298982415386775
1701575340.0,False,normal,1.2352455786544452e-05,0.0005077935805808397,1.0268784473490203e-05
1701575400.0,False,normal,3.371657736446582e-05,0.0005077935805808397,2.282594675630475e-05
1701575460.0,False,normal,0.50387273166129,0.0005077935805808397,0.04030986073902735
1701575520.0,False,normal,1.1516557265882112e-05,2.0884961337810493e-05,8.555702785450974e-06
1701575580.0,False,normal,8.882219837809942e-06,0.0005077935805808397,1.2478387797667334e-05
1701575640.0,False,normal,1.880482752389455e-05,0.0005077935805808397,1.783793606694133e-05
1701575700.0,False,normal,1.1039062519773438e-05,0.0005077935805808397,7.894000076646652e-06
1701575760.0,False,normal,2.422495255284947e-05,0.0005077935805808397,1.9255180985820895e-05
1701575820.0,False,normal,2.776418563270776e-05,2.0884961337810493e-05,6.9771546726567756e-06
1701575880.0,False,normal,0.012344650067432255,0.0005077935805808397,0.002294448470315521
1701575940.0,False,normal,6.721914668446973e-06,0.0005077935805808397,6.600090868738137e-06
1701576000.0,False,normal,7.509627143310296e-05,1.1729254419427168e-05,9.044056908052536e-05
1701576060.0,False,normal,1.2589699531722772e-05,3.0940419999681086e-06,1.144941585376584e-05
1701576120.0,False,normal,3.419618186640407e-05,2.0884961337810493e-05,3.0480877042847397e-05
1701576180.0,False,normal,1.7825976171867687e-05,0.0005077935805808397,2.046537305436126e-05
1701576240.0,False,normal,6.9631747278098296e-06,0.0005077935805808397,1.260386999109969e-05
1701576300.0,False,normal,1.606886994190399e-05,0.3074274047225576,1.3912283694956793e-05
1701576360.0,False,normal,1.6179545894316115e-05,0.3074274047225576,1.5182761603249907e-05
1701576420.0,False,normal,5.743679001925511e-05,2.0884961337810493e-05,1.0009799413876027e-05
1701576480.0,False,normal,1.4370397030092234e-05,0.0005077935805808397,1.5682653811960765e-05
1701576540.0,False,normal,8.59598290198618e-06,0.0005077935805808397,9.8054427955626e-06
1701576600.0,False,normal,2.1560163932508383e-05,0.0005077935805808397,2.9376710133023526e-05
1701576660.0,False,normal,2.3519604434219008e-05,0.0005077935805808397,1.3295178555431737e-05
1701576720.0,False,normal,1.5231593972591645e-05,2.0884961337810493e-05,2.0649865731624743e-05
1701576780.0,False,normal,2.2970229179508265e-05,0.0005077935805808397,1.2409606175787236e-05
1701576840.0,False,normal,1.1310471471419475e-05,0.0005077935805808397,7.878238249574913e-06
1701576900.0,False,normal,2.2688888804705985e-05,0.0005077935805808397,1.6219394627705664e-05
1701576960.0,False,normal,0.0005988597053433896,0.0005720360578429258,0.06201900981823623
1701577020.0,False,normal,1.3788899648002881e-05,0.013605217826952403,1.782648159497965e-05
1701577080.0,False,normal,6.9691437679797545e-06,0.3074274047225576,8.80119215038489e-06
1701577140.0,False,normal,5.514053371835787e-06,0.3074274047225576,5.591667205120985e-06
1701577200.0,False,normal,2.9713315546596798e-05,0.3074274047225576,2.0035579653817818e-05
1701577260.0,False,normal,4.357524722754298e-05,4.583511108805717e-05,0.00012389445022497375
1701577320.0,False,normal,8.561888607875384e-06,2.085358062744043e-05,8.525161190890898e-06
1701577380.0,False,normal,1.177801772968055e-05,0.3074274047225576,9.27422840374073e-06
1701577440.0,False,normal,1.287128556294055e-05,0.3074274047225576,1.272964202161737e-05
1701577500.0,False,normal,8.093780870962191e-06,0.3074274047225576,7.215412201677714e-06
1701577560.0,False,normal,2.625717522012225e-05,0.0005077935805808397,2.3906128186317397e-05
1701577620.0,False,normal,2.1356901656856302e-05,2.0884961337810493e-05,1.2922466475721763e-05
1701577680.0,False,normal,7.889319688571881e-06,0.0005077935805808397,8.522347789843354e-06
1701577740.0,False,normal,2.1455151899987743e-05,0.0005077935805808397,8.416111419516705e-06
1701577800.0,False,normal,1.287128556294055e-05,0.0005077935805808397,1.571034510333618e-05
1701577860.0,False,normal,7.032896808506588e-06,0.0005077935805808397,7.5554343854929675e-06
1701577920.0,False,normal,0.0034555109419978705,2.0884961337810493e-05,0.3958397645071886
1701577980.0,False,normal,2.5588720686565746e-05,0.0005077935805808397,1.745487591730849e-05
1701578040.0,False,normal,2.9967239319809246e-05,0.0005077935805808397,2.4896896508980212e-05
1701578100.0,False,normal,1.5786400693607337e-05,0.0005077935805808397,1.8327560341093623e-05
1701578160.0,False,normal,1.5556074652104002e-05,2.9685406532470374e-05,2.2196855309616557e-05
1701578220.0,False,normal,0.4255237622284478,2.085358062744043e-05,0.020047451877163558
1701578280.0,False,normal,8.024781216606e-06,0.0005077935805808397,9.35994387842121e-06
1701578340.0,False,normal,1.7020177458820835e-05,0.0005077935805808397,1.4669263495683541e-05
1701578400.0,False,normal,1.373849233069471e-05,0.0005077935805808397,1.570951656230398e-05
1701578460.0,False,normal,1.0614048171809417e-05,0.0005077935805808397,1.1168749136006851e-05
1701578520.0,False,normal,0.001603969740750401,2.0884961337810493e-05,0.19388872482397035
1701578580.0,False,normal,3.382646598583445e-05,0.3074274047225576,1.8231741051198882e-05
1701578640.0,True,discovery,0.00517553413345861,0.003024771835545019,0.015317688686657357
1701578700.0,True,discovery,0.9024658298506179,0.0005077935805808397,0.3486597159654663
1701578760.0,False,normal,8.01157764551293e-06,0.0005077935805808397,8.856762882273025e-06
1701578820.0,False,normal,7.426103076429824e-06,2.0884961337810493e-05,8.619108566066884e-06
1701578880.0,False,normal,1.762971367314116e-05,0.0005077935805808397,3.9394972670898804e-05
1701578940.0,False,normal,1.7534436829307154e-05,0.0005077935805808397,9.812975220843797e-06
1701579000.0,False,normal,3.100594902967197e-05,0.0005077935805808397,1.9197985612339586e-05
1701579060.0,False,normal,8.190418957771529e-06,2.9685406532470374e-05,1.4158847208812855e-05
1701579120.0,False,normal,3.080631005922815e-05,2.085358062744043e-05,4.162152413108574e-05
1701579180.0,False,normal,3.821690459614006e-05,0.0005077935805808397,1.2383666346926462e-05
1701579240.0,False,normal,1.0360971070299893e-05,0.0005077935805808397,9.930472119461679e-06
1701579300.0,False,normal,8.325072744150345e-05,0.0005077935805808397,2.4021894673202537e-05
1701579360.0,False,normal,8.48090562673035e-06,0.0005077935805808397,9.158623441046046e-06
1701579420.0,False,normal,1.999057988125986e-05,2.0884961337810493e-05,1.714824869223984e-05
1701579480.0,False,normal,1.32583358726693e-05,0.0005077935805808397,1.0767633634959374e-05
1701579540.0,False,normal,0.00011952201321777429,0.0005077935805808397,3.67856507326447e-05
1701579600.0,False,normal,1.398482994484493e-05,0.0005077935805808397,1.8766643149894594e-05
1701579660.0,False,normal,1.3788899648002881e-05,0.0005077935805808397,1.3738253612727222e-05
1701579720.0,False,normal,1.3788353964645948e-05,2.0884961337810493e-05,1.2292795638542115e-05
1701579780.0,False,normal,6.552113242698269e-06,0.0005077935805808397,5.591668527248902e-06
1701579840.0,False,normal,1.176872649129673e-05,0.0005077935805808397,1.3500015979897248e-05
1701579900.0,False,normal,5.760043359433368e-06,0.0005077935805808397,5.897945826606455e-06
1701579960.0,False,normal,0.0007200399701040002,0.0009076709543987719,0.0004994998543620653
1701580020.0,False,normal,6.4348619259448736e-06,2.085358062744043e-05,6.003158126777676e-06
1701580080.0,False,normal,2.3804320627762063e-05,0.0005077935805808397,3.4241816454961235e-05
1701580140.0,False,normal,1.0039961812641203e-05,0.0005077935805808397,1.0559004676256019e-05
1701580200.0,False,normal,3.287690544324856e-05,0.0005077935805808397,7.651212247106653e-05
1701580260.0,False,normal,7.972291346846628e-06,0.0005077935805808397,7.1054961569298355e-06
1701580320.0,False,normal,0.0008900027526388553,2.0884961337810493e-05,0.0010593530146972264
1701580380.0,False,normal,0.001954327159918549,0.0005077935805808397,0.0003464568380851753
1701580440.0,False,normal,2.8415544918978387e-05,0.0005077935805808397,1.284160555919901e-05
1701580500.0,False,normal,1.1091150720555832e-05,0.0005077935805808397,8.086419932092707e-06
1701580560.0,False,normal,0.0009220280021186062,0.0005077935805808397,0.019667812405864814
1701580620.0,False,normal,7.662155191885708e-06,0.0008428201326724821,9.217015989066216e-06
1701580680.0,False,normal,3.517701616446525e-05,0.0005077935805808397,2.0606980389014687e-05
1701580740.0,False,normal,7.384997534149069e-06,0.0005077935805808397,1.2462363155775163e-05
1701580800.0,False,normal,6.0885935347835315e-05,0.0005077935805808397,6.486108311973164e-05
1701580860.0,False,normal,6.59524077213835e-06,2.9685406532470374e-05,9.625650893083747e-06
1701580920.0,False,normal,9.265960897359164e-06,2.085358062744043e-05,8.554290261148507e-06
1701580980.0,False,normal,1.5155496251037094e-05,0.0005077935805808397,1.7205825063035642e-05
1701581040.0,False,normal,1.1253109073307278e-05,0.0005077935805808397,1.284596036240277e-05
1701581100.0,False,normal,1.2150076720083505e-05,0.0005077935805808397,1.3570636745029157e-05
1701581160.0,False,normal,0.38267025363540214,0.0005077935805808397,0.003667457018360263
1701581220.0,False,normal,1.2555683020707395e-05,2.0884961337810493e-05,1.0751468533589465e-05
1701581280.0,False,normal,2.6860550183574454e-05,0.0005077935805808397,2.865355381065045e-05
1701581340.0,False,normal,1.2014117208867905e-05,0.0005077935805808397,7.866222441095234e-06
1701581400.0,False,normal,0.0029354313077916633,0.3074274047225576,0.0066061987736315084
1701581460.0,False,normal,6.3135940652239e-06,0.3074274047225576,7.2461885501393525e-06
1701581520.0,False,normal,2.8846220900628814e-05,2.085358062744043e-05,2.8650017990515634e-05
1701581580.0,False,normal,0.0007372812708829245,0.3074274047225576,0.0002673615740903936
1701581640.0,False,normal,6.434854800723215e-06,0.3074274047225576,6.708782701268499e-06
1701581700.0,True,discovery,7.67035166910042e-06,0.003024771835545019,1.1403053389065557e-05
1701581760.0,True,discovery,0.8600484755925674,0.0009076709543987719,0.11100559746411492
1701581820.0,True,discovery,0.00012573465622476467,2.0884961337810493e-05,4.458521877517063e-05
1701581880.0,False,normal,0.00047168696895586614,0.0005077935805808397,0.05206979406415022
1701581940.0,False,normal,1.9663886151860104e-05,0.0005077935805808397,1.2928644068616683e-05
1701582000.0,False,normal,4.101425711280698e-05,0.0005077935805808397,2.8569652954532366e-05
1701582060.0,False,normal,8.122950316675786e-06,0.0005077935805808397,7.10550143830226e-06
1701582120.0,False,normal,1.8247885612270364e-05,2.0884961337810493e-05,1.054504868350316e-05
1701582180.0,False,normal,1.2799424553506848e-05,0.0005077935805808397,8.632797079284074e-06
1701582240.0,False,normal,1.0966149650329085e-05,0.0005077935805808397,8.157654214221216e-06
1701582300.0,False,normal,8.178911878057254e-06,0.0005077935805808397,6.938574383057672e-06
1701582360.0,False,normal,1.0485833724273752e-05,0.0005077935805808397,2.8629067081930447e-05
1701582420.0,False,normal,1.794090272508885e-05,2.0884961337810493e-05,1.0737549648922669e-05
1701582480.0,False,normal,1.6189817458411644e-05,0.0005077935805808397,2.0438207564518907e-05
1701582540.0,False,normal,6.032227942188904e-05,0.0005077935805808397,2.6081699765657478e-05
1701582600.0,False,normal,8.504246616500672e-05,0.0005077935805808397,0.008667166077778706
1701582660.0,False,normal,8.014563348197383e-05,2.9685406532470374e-05,0.0002895178858894565
1701582720.0,False,normal,5.514053371835787e-06,2.085358062744043e-05,6.329002663940114e-06
1701582780.0,False,normal,1.7462695045823626e-05,0.0005077935805808397,1.2207460943801645e-05
1701582840.0,False,normal,4.9665815838852075e-05,0.0005077935805808397,3.230381356448728e-05
1701582900.0,False,normal,1.0788168360687219e-05,0.0005077935805808397,8.15782546085353e-06
1701582960.0,False,normal,3.29125066155109e-05,0.0005077935805808397,4.270041444746168e-05
1701583020.0,False,normal,2.2287479087432373e-05,2.0884961337810493e-05,3.4963075615323245e-05
1701583080.0,False,normal,9.663149730491027e-06,0.0005077935805808397,9.131339450441132e-06
1701583140.0,False,normal,1.5637524673454696e-05,0.0005077935805808397,9.185979492772324e-06
1701583200.0,False,normal,2.4089925475660045e-05,0.0005077935805808397,1.5170470066118856e-05
1701583260.0,False,normal,1.5472348588883233e-05,0.0005077935805808397,1.5048308837455136e-05
1701583320.0,False,normal,0.0015085424558026921,2.0884961337810493e-05,0.12923785499119253
1701583380.0,False,normal,1.1458276690560821e-05,0.0005077935805808397,9.805183087357536e-06
1701583440.0,False,normal,1.862398775026464e-05,0.0005077935805808397,1.697151196814226e-05
1701583500.0,False,normal,0.0010244559981042428,0.0005077935805808397,0.0016913245460343825
1701583560.0,False,normal,9.300497507367962e-06,2.9685406532470374e-05,1.4696294725204421e-05
1701583620.0,False,normal,1.4916479199032554e-05,0.005628597873298977,1.4978583834859145e-05
1701583680.0,False,normal,0.00032774043526552705,0.0005077935805808397,0.0003600895643017276
1701583740.0,False,normal,0.0007329638914304161,0.0005077935805808397,0.0005604966769935242
1701583800.0,False,normal,0.01730292980197993,0.0005077935805808397,0.001312261787169579
1701583860.0,False,normal,8.02478555613505e-06,0.0005077935805808397,9.356652972166561e-06
1701583920.0,False,normal,1.9950401738020475e-05,2.0884961337810493e-05,1.52805412995818e-05
1701583980.0,False,normal,8.657836981700885e-06,0.0005077935805808397,8.928591134978366e-06
1701584040.0,False,normal,0.005952641625512158,0.0005077935805808397,0.27255559915848243
1701584100.0,False,normal,1.2717148151349616e-05,0.0005077935805808397,9.43256805121939e-06
1701584160.0,False,normal,9.776685343595313e-06,0.0005077935805808397,9.629627275846309e-06
1701584220.0,False,normal,1.0893105938530413e-05,0.0008428201326724821,1.3108852795252256e-05
1701584280.0,False,normal,3.003739222378719e-05,0.0005077935805808397,2.507042791261949e-05
1701584340.0,False,normal,1.2368418423556477e-05,0.0005077935805808397,1.6509508095450998e-05
1701584400.0,False,normal,2.0524623656847165e-05,0.0005077935805808397,1.6676470898898797e-05
1701584460.0,False,normal,2.2387859401884212e-05,2.9685406532470374e-05,6.92226331308836e-05
1701584520.0,False,normal,0.0007167811867513981,2.085358062744043e-05,0.0004684826289033488
1701584580.0,False,normal,1.486351195280691e-05,0.3074274047225576,1.0802936666470637e-05
1701584640.0,False,normal,2.0888143757539856e-05,0.0005077935805808397,9.820148717723448e-06
1701584700.0,False,normal,1.1297405811107093e-05,0.0005077935805808397,1.215491545383647e-05
1701584760.0,True,discovery,9.15815716161286e-05,0.003024771835545019,7.147639027677725e-05
1701584820.0,True,discovery,3.741126973520501e-05,2.0884961337810493e-05,2.5818240067294066e-05
1701584880.0,False,normal,0.000344904970155989,0.0005077935805808397,0.00016743353548626528
1701584940.0,False,normal,1.5645291315774363e-05,0.0005077935805808397,1.2251233033044553e-05
1701585000.0,False,normal,2.3527353031620545e-05,0.0005077935805808397,1.8434310625049845e-05
1701585060.0,False,normal,1.0682272211462757e-05,0.0005077935805808397,8.215730072693022e-06
1701585120.0,False,normal,1.9137596041746524e-05,2.0884961337810493e-05,2.965407253252495e-05
1701585180.0,False,normal,2.5627980430918242e-05,0.0005077935805808397,1.3247760749421009e-05
1701585240.0,False,normal,1.2971806618499836e-05,0.0005077935805808397,1.3756583627331493e-05
1701585300.0,False,normal,1.7883732869185597e-05,0.0005077935805808397,1.3929711264929773e-05
1701585360.0,False,normal,2.9014905807129763e-05,2.9685406532470374e-05,4.916067225106737e-05
1701585420.0,False,normal,1.0175131102847091e-05,2.085358062744043e-05,1.0391321798469537e-05
1701585480.0,False,normal,1.6076344938759833e-05,0.0005077935805808397,1.8129213760045447e-05
1701585540.0,False,normal,1.0907949826723e-05,0.0005077935805808397,1.1884670889616856e-05
1701585600.0,False,normal,2.1330046260096388e-05,0.0005077935805808397,1.4796570416100756e-05
1701585660.0,False,normal,1.369617557456414e-05,0.0005077935805808397,9.37466581089774e-06
1701585720.0,False,normal,0.0008254173527415186,2.0884961337810493e-05,0.0146586905918983
1701585780.0,False,normal,9.360242252789225e-06,0.0005077935805808397,1.5473125975417908e-05
1701585840.0,False,normal,0.00013568012125904865,0.0005077935805808397,0.03007654171954684
1701585900.0,False,normal,1.0438412850900558e-05,0.0005077935805808397,1.0136380389408571e-05
1701585960.0,False,normal,2.375268022685399e-05,0.0005077935805808397,1.852669885991245e-05
1701586020.0,False,normal,9.776640875826977e-06,2.0884961337810493e-05,1.3849441318819148e-05
1701586080.0,False,normal,6.671512849726281e-06,0.0005077935805808397,8.66103082555942e-06
1701586140.0,False,normal,6.62159749455548e-06,0.0005077935805808397,9.145141976114374e-06
1701586200.0,False,normal,3.233979778664814e-05,0.0005077935805808397,4.334541979885306e-05
1701586260.0,False,normal,0.001624520942025172,2.9685406532470374e-05,0.005330927312980225
1701586320.0,False,normal,2.681747533368619e-05,2.085358062744043e-05,2.558251802284507e-05
1701586380.0,False,normal,1.3033913727487077e-05,0.0005077935805808397,9.524283663730087e-06
1701586440.0,False,normal,7.443878858384404e-06,0.0005077935805808397,9.571481727111176e-06
1701586500.0,False,normal,0.0006590603426565889,0.0005077935805808397,0.0010888854217646128
1701586560.0,False,normal,0.0016607106673944714,0.0005077935805808397,0.002456665063812526
1701586620.0,False,normal,1.4495284625963195e-05,2.0884961337810493e-05,1.1477066800175489e-05
1701586680.0,False,normal,9.928807319823018e-06,0.0005077935805808397,7.729632362634063e-06
1701586740.0,False,normal,7.443870615902444e-06,0.0005077935805808397,8.934081164132586e-06
1701586800.0,False,normal,7.085376650892136e-06,0.0005077935805808397,8.709096971220747e-06
1701586860.0,False,normal,0.001200835319036636,0.0005077935805808397,5.8918964078552613e-05
1701586920.0,False,normal,1.3164168499908685e-05,1.249473807216906e-05,1.0898389483004538e-05
1701586980.0,False,normal,8.882214805884621e-06,0.0005077935805808397,9.344412329512004e-06
1701587040.0,False,normal,8.447158594158768e-06,0.0005077935805808397,7.5567054795728205e-06
1701587100.0,False,normal,7.888205243117313e-05,0.0005077935805808397,3.3356015940322024e-05
1701587160.0,False,normal,0.9755475671279793,0.0005077935805808397,0.9976119305595187
1701587220.0,False,normal,1.6080533698930815e-05,2.085358062744043e-05,1.468911224785973e-05
1701587280.0,False,normal,6.5952598004077355e-06,0.0005077935805808397,9.042811000276332e-06
1701587340.0,False,normal,3.503809871663642e-05,0.0005077935805808397,1.961735984976256e-05
1701587400.0,False,normal,9.708831261683205e-06,0.00017383342116793877,1.407749295624398e-05
1701587460.0,False,normal,7.696603071348982e-06,0.0005077935805808397,9.558695717641177e-06
1701587520.0,False,normal,1.5462049924607002e-05,2.085358062744043e-05,1.571153675662645e-05
1701587580.0,False,normal,2.9392765519430173e-05,9.101735960146162e-05,1.753193183594344e-05
1701587640.0,False,normal,7.742320123906082e-06,0.005629148886888319,8.690349215865574e-06
1701587700.0,False,normal,1.2109041157918594e-05,0.3074274047225576,1.4556246507786683e-05
1701587760.0,False,normal,8.786922292182354e-06,0.9999068448295665,0.00039301893842106104
1701587820.0,False,normal,2.632557970680773e-05,1.113389467561958e-05,5.469132141289599e-05
1701587880.0,False,normal,2.9894017709680038e-05,0.3074274047225576,1.3360799425837245e-05
1701587940.0,False,normal,6.745378286552552e-05,0.0005077935805808397,7.738559512712768e-05
1701588000.0,False,normal,4.998839520464425e-05,0.3074274047225576,3.9875433370406306e-05
1701588060.0,False,normal,6.62079814787796e-06,0.0005077935805808397,1.1712639827396254e-05
1701588120.0,False,normal,1.032887968279575e-05,2.085358062744043e-05,1.0970646528253694e-05
1701588180.0,False,normal,5.5140502480222865e-06,0.0005077935805808397,8.002785968776728e-06
1701588240.0,True,discovery,5.300164260026374e-05,4.4991444165506475e-05,6.305894923420219e-05
1701588300.0,True,discovery,0.0005633831425467254,0.3074274047225576,0.0003120164263814689
1701588360.0,True,discovery,0.00020113151777879365,0.3074274047225576,0.0005104739107769559
1701588420.0,False,normal,1.108870856395386e-05,9.101735960146162e-05,8.078785588179969e-06
1701588480.0,False,normal,9.777405055403442e-06,0.3074274047225576,8.730983629268424e-06
1701588540.0,False,normal,1.0966161792932977e-05,0.3074274047225576,7.093009995664609e-06
1701588600.0,False,normal,1.6184880999321103e-05,0.0058784535403235945,2.5520086617036704e-05
1701588660.0,False,normal,1.5783265216772478e-05,0.3074274047225576,1.0848772240722773e-05
1701588720.0,False,normal,3.974781488580028e-05,0.8395407785850736,0.012864018996226538
1701588780.0,False,normal,2.8450249000276558e-05,0.0005077935805808397,1.4074583374271058e-05
1701588840.0,False,normal,8.186818663214505e-05,0.3074274047225576,1.6412573073312855e-05
1701588900.0,False,normal,1.6823658436941964e-05,0.735931043168581,3.253486669149645e-05
1701588960.0,False,normal,0.0008416266921298705,0.3074274047225576,0.0003593673168945343
1701589020.0,False,normal,9.359871827942833e-06,2.085358062744043e-05,9.882292807516519e-06
1701589080.0,False,normal,7.4549505711870386e-06,0.3074274047225576,7.652376030185111e-06
1701589140.0,False,normal,6.434854800723215e-06,0.0005077935805808397,7.375878806875689e-06
1701589200.0,False,normal,8.825858974953265e-06,0.3074274047225576,7.472628458352618e-06
1701589260.0,False,normal,1.607147992098108e-05,0.3074274047225576,1.3550838918685016e-05
1701589320.0,False,normal,1.535819777162118e-05,9.101735960146162e-05,8.16621616796508e-06
1701589380.0,False,normal,1.1270547140695676e-05,0.3074274047225576,9.950373847634918e-06
1701589440.0,False,normal,9.074538876258367e-06,0.3074274047225576,1.1360443500901861e-05
1701589500.0,False,normal,6.6619106511681906e-06,0.3074274047225576,6.99694401981459e-06
1701589560.0,False,normal,9.696239042597655e-06,0.0005077935805808397,9.682298352540019e-06
1701589620.0,False,normal,0.0001468486629037372,0.0010634412529991124,5.255402145775448e-05
1701589680.0,False,normal,0.0010468010255128342,0.9999068448295665,0.6220767187871993
1701589740.0,False,normal,0.00036167659985091846,0.0005077935805808397,0.00017515150260530602
1701589800.0,False,normal,2.479760976644329e-05,0.735931043168581,1.5764856587287582e-05
1701589860.0,False,normal,1.08539615020283e-05,0.3074274047225576,1.1557262988555718e-05
1701589920.0,False,normal,0.0007887910558443208,2.085358062744043e-05,6.79539119081414e-05
1701589980.0,False,normal,1.5155496251037094e-05,0.3074274047225576,1.6988470042042473e-05
1701590040.0,False,normal,3.515016105214346e-05,0.023442667870491127,1.5199388483075547e-05
1701590100.0,False,normal,1.1585492045044078e-05,0.735931043168581,2.729145892995042e-05
1701590160.0,False,normal,1.807184023059728e-05,0.3074274047225576,2.0273226582021033e-05
1701590220.0,False,normal,0.00048801806512082844,2.085358062744043e-05,0.00016962789876892706
1701590280.0,False,normal,5.126693368001498e-05,0.0005077935805808397,5.7784024196571715e-05
1701590340.0,False,normal,0.5099552750807105,0.3074274047225576,0.04587723125851943
1701590400.0,False,normal,0.008430306147164885,0.3074274047225576,0.7941833082451866
1701590460.0,False,normal,1.6795384556151216e-05,0.3074274047225576,1.0225943230677603e-05
1701590520.0,False,normal,2.9710364921206387e-05,0.0010634412529991124,6.532557063359569e-05
1701590580.0,False,normal,6.654078551543611e-05,0.3074274047225576,8.190474799317373e-05
1701590640.0,False,normal,3.0426002033538783e-05,0.0005077935805808397,1.7867330119186914e-05
1701590700.0,False,normal,7.69038173503545e-06,0.3074274047225576,7.895887774356153e-06
1701590760.0,False,normal,0.00024372102436435693,0.9999068448295665,0.0003220624068802315
1701590820.0,False,normal,9.337946564340832e-06,2.085358062744043e-05,9.190463820735854e-06
1701590880.0,False,normal,1.1413718605142553e-05,0.735931043168581,2.819998004657822e-05
1701590940.0,False,normal,5.514056353656003e-06,0.0005077935805808397,6.958337111358631e-06
1701591000.0,False,normal,1.928205825690919e-05,0.09218276940383535,2.7807490026649954e-05
1701591060.0,False,normal,7.2140477375433375e-06,0.3074274047225576,8.96885149641748e-06
1701591120.0,False,normal,1.3648058949124962e-05,2.085358062744043e-05,1.0514486785767766e-05
1701591180.0,False,normal,1.4094724955730049e-05,0.3074274047225576,1.109816820347638e-05
1701591240.0,False,normal,5.514047266205372e-06,0.0005077935805808397,6.87030293237954e-06
1701591300.0,False,normal,0.0007163696565203382,0.3074274047225576,0.016456351253052563
1701591360.0,False,normal,8.984955321893753e-06,0.0005077935805808397,9.478983649716267e-06
1701591420.0,False,normal,1.6427898504831484e-05,1.113389467561958e-05,2.0958167776873854e-05
1701591480.0,True,persistence,0.8568487537291098,0.003024771835545019,0.9368354356340356
1701591540.0,True,persistence,0.0011267474253573314,0.0005077935805808397,0.0003520655963666691
1701591600.0,False,normal,1.1618460481915199e-05,0.3074274047225576,1.176822190437994e-05
1701591660.0,False,normal,1.268419333548555e-05,0.0005077935805808397,2.1562414764812323e-05
1701591720.0,False,normal,7.92127926512609e-06,0.0010634412529991124,1.0801630155093085e-05
1701591780.0,False,normal,1.1058984189728478e-05,0.3074274047225576,7.987316140207691e-06
1701591840.0,False,normal,0.00026048731879186395,0.3074274047225576,0.028144331026281923
1701591900.0,False,normal,2.3553654071119138e-05,0.3074274047225576,1.433326862412202e-05
1701591960.0,False,normal,4.751185322034612e-05,0.3074274047225576,3.6593478188055884e-05
1701592020.0,False,normal,9.045075329487132e-06,0.0010634412529991124,1.2052455217441979e-05
1701592080.0,False,normal,2.2000184579233028e-05,0.9999068448295665,3.03221269072102e-05
1701592140.0,False,normal,9.602336889717488e-06,0.0005077935805808397,7.791158023588739e-06
1701592200.0,False,normal,6.302263612143142e-05,0.3074274047225576,6.150458629317169e-05
1701592260.0,False,normal,1.391252674422768e-05,0.0005077935805808397,1.30347538199661e-05
1701592320.0,False,normal,8.145500673788406e-06,2.085358062744043e-05,8.554456193638427e-06
1701592380.0,False,normal,0.0007597378093762461,0.0005077935805808397,0.00042913603735282623
1701592440.0,False,normal,4.167699285617261e-05,0.0005077935805808397,5.286433619099749e-05
1701592500.0,False,normal,2.395135561624918e-05,0.3074274047225576,1.4279351659616806e-05
1701592560.0,False,normal,0.0012145308715041743,0.0005077935805808397,0.0008240615953681777
1701592620.0,False,normal,6.671131504967576e-06,2.085358062744043e-05,7.532121835761952e-06
1701592680.0,False,normal,1.1624338867301775e-05,0.0005077935805808397,1.2604696240510847e-05
1701592740.0,False,normal,0.00013469288235634308,0.0005077935805808397,0.00022686031360257195
1701592800.0,False,normal,0.8342584175310485,0.3074274047225576,0.421203707076176
1701592860.0,False,normal,1.3996824689843414e-05,0.0005077935805808397,9.761039517309852e-06
1701592920.0,False,normal,0.02501284122063262,0.0010634412529991124,0.09074367972365859
1701592980.0,False,normal,7.367915384980801e-06,0.0005077935805808397,9.83699038588239e-06
1701593040.0,False,normal,0.0007487534122388133,0.3074274047225576,0.0018587713978379437
1701593100.0,False,normal,1.2870180032950321e-05,0.3074274047225576,1.387638879276005e-05
1701593160.0,False,normal,1.7769780992019037e-05,0.3074274047225576,1.8423240597448926e-05
1701593220.0,False,normal,0.2175053899156999,2.085358062744043e-05,0.002846559751431761
1701593280.0,False,normal,9.075096565053156e-06,0.3074274047225576,1.2208000526763895e-05
1701593340.0,False,normal,0.0007447227155708842,0.3074274047225576,0.0013529054362296361
1701593400.0,False,normal,0.0005696290728432272,0.735931043168581,0.03749064350370632
1701593460.0,False,normal,1.1728882580158056e-05,0.0005077935805808397,1.3271876135342108e-05
1701593520.0,False,normal,7.661075571470002e-06,2.085358062744043e-05,7.63270562238899e-06
1701593580.0,False,normal,6.338570137424996e-06,0.0005077935805808397,6.630515396450376e-06
1701593640.0,False,normal,1.0982157854229746e-05,0.0005077935805808397,9.131318103194206e-06
1701593700.0,False,normal,6.621604826553253e-06,0.3074274047225576,7.3249613587470085e-06
1701593760.0,False,normal,0.0013141779330205937,0.0005077935805808397,0.11548347570782885
1701593820.0,False,normal,1.2614083457033813e-05,0.0010634412529991124,1.0086915412431763e-05
1701593880.0,False,normal,1.6054897004314592e-05,0.0005077935805808397,3.3973575211233864e-05
1701593940.0,False,normal,1.8541274440694045e-05,0.0005077935805808397,1.543144745136687e-05
1701594000.0,False,normal,8.60335999405532e-06,0.3074274047225576,8.00533210300098e-06
1701594060.0,False,normal,1.6068196776331404e-05,0.0005077935805808397,1.57539829597582e-05
1701594120.0,False,normal,0.00047798831759591755,2.085358062744043e-05,0.0002586573724488391
1701594180.0,False,normal,2.472165608891905e-05,0.0005077935805808397,2.3645094270649173e-05
1701594240.0,False,normal,7.941770046994622e-06,0.0005077935805808397,6.96040263131359e-06
1701594300.0,False,normal,1.0923709495450541e-05,0.3074274047225576,9.415029306001086e-06
1701594360.0,False,normal,8.762891515275665e-06,0.0005077935805808397,7.872738469461659e-06
1701594420.0,False,normal,2.1729433440658173e-05,2.085358062744043e-05,6.626253329364899e-06
1701594480.0,False,normal,3.562643769632387e-05,0.0005077935805808397,3.709032144432835e-05
1701594540.0,False,normal,1.54465661717204e-05,0.0005077935805808397,1.592980653715169e-05
1701594600.0,False,normal,1.9710109345320605e-05,0.3074274047225576,3.961539392746057e-05
1701594660.0,False,normal,1.0175898104497641e-05,0.0005077935805808397,8.078773331993826e-06
1701594720.0,False,normal,7.927480280699248e-06,0.0010634412529991124,1.1069385411969285e-05
1701594780.0,False,normal,1.6886973856482463e-05,0.3074274047225576,1.582720671329956e-05
1701594840.0,False,normal,7.980370984837373e-05,0.0005077935805808397,3.072906802077663e-05
1701594900.0,True,persistence,1.6217349712256225e-05,1.1351187062714469e-05,1.3399791536721706e-05
1701594960.0,True,credential_access,6.94763728891358e-05,0.0005077935805808397,8.88347111394878e-05
1701595020.0,True,credential_access,0.0012218353475243597,0.0008428201326724821,0.00040423487350741143
1701595080.0,False,normal,0.00010440664625276344,0.3074274047225576,0.03889495947675549
1701595140.0,False,normal,5.514047266205372e-06,0.9999068448295665,1.6971227353210244e-05
1701595200.0,False,normal,1.0614229004505014e-05,0.3074274047225576,1.2649951889344762e-05
1701595260.0,False,normal,1.4344460555633192e-05,0.0005077935805808397,1.8243760511702517e-05
1701595320.0,False,normal,0.0001432767991396408,2.085358062744043e-05,0.00010246565689685
1701595380.0,False,normal,6.528780500087102e-05,0.0005077935805808397,9.210698208001945e-06
1701595440.0,False,normal,1.0250404544829444e-05,0.0005077935805808397,1.024161155738255e-05
1701595500.0,False,normal,1.1778004688135979e-05,0.0005077935805808397,9.274045866449959e-06
1701595560.0,False,normal,1.3445402311943322e-05,0.3074274047225576,1.2728511949107418e-05
1701595620.0,False,normal,2.073782822537101e-05,0.0010634412529991124,3.1263956432432583e-05
1701595680.0,False,normal,7.979411688259388e-06,0.3074274047225576,1.1260944043435986e-05
1701595740.0,False,normal,6.117831032012398e-06,0.3074274047225576,6.1839637255451445e-06
1701595800.0,False,normal,4.666861511988381e-05,0.3074274047225576,2.946642318267168e-05
1701595860.0,False,normal,0.00022353249956514584,0.0005077935805808397,0.00010211761011929571
1701595920.0,False,normal,0.14680693083663884,2.0884961337810493e-05,0.0037591357471867663
1701595980.0,False,normal,7.5012714273473685e-06,0.3074274047225576,8.201201389889325e-06
1701596040.0,False,normal,1.2436083729511293e-05,0.3074274047225576,1.1593076567894776e-05
1701596100.0,False,normal,6.595248931089543e-06,0.3074274047225576,8.098080914325066e-06
1701596160.0,False,normal,1.0290311942145967e-05,0.3074274047225576,8.761688958948846e-06
1701596220.0,False,normal,9.564526968568644e-06,2.085358062744043e-05,7.898652013212762e-06
1701596280.0,False,normal,1.131368085559612e-05,0.9999068448295665,1.724227631350845e-05
1701596340.0,False,normal,1.8424790051104828e-05,0.0005077935805808397,1.683948972797059e-05
1701596400.0,False,normal,5.1882250605982074e-05,0.0005077935805808397,4.8762152355858566e-05
1701596460.0,False,normal,2.3543725594904295e-05,0.3074274047225576,1.6823438460468902e-05
1701596520.0,False,normal,1.897624713420315e-05,0.0010634412529991124,1.6282525893651405e-05
1701596580.0,False,normal,1.3696741960681177e-05,0.3074274047225576,1.1242475917044738e-05
1701596640.0,False,normal,1.3416994352291127e-05,0.3074274047225576,1.0695003278305934e-05
1701596700.0,False,normal,1.9368382127908626e-05,0.3074274047225576,1.6393886607704412e-05
1701596760.0,False,normal,7.779755318112886e-06,0.0005077935805808397,8.592478659828851e-06
1701596820.0,False,normal,1.3844156906794434e-05,2.0884961337810493e-05,7.71593306880773e-06
1701596880.0,False,normal,1.8885545608300367e-05,0.3074274047225576,1.4988060633505035e-05
1701596940.0,False,normal,1.3657377943334896e-05,0.3074274047225576,1.186079884940875e-05
1701597000.0,False,normal,1.7328370955626935e-05,0.3074274047225576,2.086804091696918e-05
1701597060.0,False,normal,0.00016085195546818392,4.366576684214688e-05,6.367759652068901e-05
1701597120.0,False,normal,3.0788841838906985e-05,2.0884961337810493e-05,2.3312650090375377e-05
1701597180.0,False,normal,1.9315416740566115e-05,0.9999068448295665,2.4114529260301024e-05
1701597240.0,False,normal,1.7136644125145538e-05,0.3074274047225576,1.5598247432315084e-05
1701597300.0,False,normal,1.0857355711861768e-05,0.735931043168581,5.425224275688887e-05
1701597360.0,False,normal,3.4344787080520546e-05,0.3074274047225576,6.757873483737329e-06
1701597420.0,False,normal,9.3481453013082e-06,0.0010634412529991124,7.646774522674414e-06
1701597480.0,False,normal,2.5514234165441093e-05,0.3074274047225576,2.064824060323103e-05
1701597540.0,False,normal,1.123423094106539e-05,0.3074274047225576,1.0918015897303645e-05
1701597600.0,False,normal,2.7827390685659042e-05,0.3074274047225576,1.836413395279982e-05
1701597660.0,False,normal,1.571755383255941e-05,0.0005077935805808397,1.7884161890419605e-05
1701597720.0,False,normal,3.04432130554453e-05,0.005629148886888319,2.0234345563607107e-05
1701597780.0,False,normal,7.646265113567739e-06,0.3074274047225576,6.003155950801759e-06
1701597840.0,False,normal,1.414802255842165e-05,0.3074274047225576,1.2125697926662941e-05
1701597900.0,False,normal,3.370260562936556e-05,0.3074274047225576,6.429517539015537e-05
1701597960.0,False,normal,9.360247314483473e-06,0.3074274047225576,1.1045439517679618e-05
1701598020.0,False,normal,1.3676677872477513e-05,0.00025156612963946496,1.707594923206228e-05
1701598080.0,False,normal,3.310053318002937e-05,0.3074274047225576,1.656415018708681e-05
1701598140.0,False,normal,0.02249476472249058,0.9999068448295665,0.33405643802409735
1701598200.0,False,normal,9.941661044627654e-06,0.0005077935805808397,9.272672113236704e-06
1701598260.0,False,normal,1.4217900857377037e-05,0.0005077935805808397,2.123286251692814e-05
1701598320.0,False,normal,1.4048661208252718e-05,0.0010634412529991124,1.868522831637493e-05
1701598380.0,False,normal,9.941661044627654e-06,0.3074274047225576,9.950373847634918e-06
1701598440.0,False,normal,0.0004940859631385053,0.3074274047225576,0.0003114778726316204
1701598500.0,False,normal,0.00014411239534082253,1.2198825587226047e-05,2.0770413765951632e-05
1701598560.0,False,normal,3.1833621302719686e-05,1.250455282646657e-05,2.0025280612963664e-05
1701598620.0,False,normal,6.117831032012398e-06,0.015065928155406067,9.977379801739161e-06
1701598680.0,False,normal,6.5952598004077355e-06,1.2661287789056176e-05,1.1378718342145252e-05
1701598740.0,False,normal,7.1817866504845105e-06,0.0005077935805808397,7.038589379378771e-06
1701598800.0,False,normal,1.3871835945436043e-05,0.0005077935805808397,1.7156486405214175e-05
1701598860.0,False,normal,2.0192941277904093e-05,0.3074274047225576,1.4847027861755189e-05
1701598920.0,False,normal,0.8983137565166861,2.085358062744043e-05,0.8732794151860748
1701598980.0,False,normal,1.2489612457236675e-05,0.0005077935805808397,1.3787853991039325e-05
1701599040.0,False,normal,0.9583166153260647,0.0005077935805808397,0.3601784374669876
1701599100.0,False,normal,4.6337184178167516e-05,0.0058784535403235945,3.773044987328656e-05
1701599160.0,False,normal,0.008302147336422556,0.0005077935805808397,0.6285641637413107
1701599220.0,False,normal,2.3076386842604208e-05,0.04433446915870924,1.5334440334817077e-05
1701599280.0,False,normal,2.315584958211108e-05,0.9271512959599716,2.9716025919901328e-05
1701599340.0,True,credential_access,9.479427751906695e-06,0.0001743114369212552,1.2036620962511401e-05
1701599400.0,True,command_and_control,0.00017338436539166596,0.0005077935805808397,0.0004884300873287547
1701599460.0,True,command_and_control,0.9653837722682347,0.999960102323307,0.3034466459462535
1701599520.0,False,normal,4.379078530674413e-05,0.005629148886888319,2.9478250992773584e-05
1701599580.0,False,normal,9.68229938722115e-06,0.735931043168581,0.00032545670535716765
1701599640.0,False,normal,1.5720751603522145e-05,0.735931043168581,0.0006705154849680866
1701599700.0,False,normal,1.5553705123291975e-05,0.735931043168581,0.0005330590732965806
1701599760.0,False,normal,2.0718444174047227e-05,0.9999068448295665,2.6079757668168672e-05
1701599820.0,False,normal,1.7045094440292955e-05,9.101735960146162e-05,1.2910096781479473e-05
1701599880.0,False,normal,4.8015947328639606e-05,0.9999068448295665,3.7837690673342564e-05
1701599940.0,False,normal,8.391881777149725e-06,0.9999068448295665,1.6395776013897145e-05
1701600000.0,False,normal,1.0923324670777778e-05,0.9999068448295665,2.3992651610844672e-05
1701600060.0,False,normal,1.1089210361243929e-05,0.9999068448295665,1.691946961782904e-05
1701600120.0,False,normal,2.2215477729030383e-05,0.0016919288715343127,1.3430791615353096e-05
1701600180.0,False,normal,4.808676589502051e-05,0.9999068448295665,0.00039642811233929893
1701600240.0,False,normal,1.6914336108069983e-05,0.9999068448295665,3.693373928835154e-05
1701600300.0,False,normal,1.2401804900373868e-05,0.3074274047225576,1.0380421586750418e-05
1701600360.0,False,normal,0.0002808779488007348,0.9999068448295665,0.00030956958292290275
1701600420.0,False,normal,9.77781467534844e-06,0.5600137295816688,1.54212914149251e-05
1701600480.0,False,normal,7.588945437326009e-06,0.0005077935805808397,8.80119215038489e-06
1701600540.0,False,normal,2.230285152137719e-05,0.0005077935805808397,9.75650058927039e-06
1701600600.0,False,normal,0.00010592765591710231,0.0005077935805808397,0.047002217561525124
1701600660.0,False,normal,3.338435597282903e-05,0.3074274047225576,8.237639662857472e-06
1701600720.0,False,normal,0.00031657425198072694,2.085358062744043e-05,0.019469553400818435
1701600780.0,False,normal,1.5851342804751065e-05,0.735931043168581,3.990514975459192e-05
1701600840.0,False,normal,7.699234850793129e-06,0.3074274047225576,9.707023331952939e-06
1701600900.0,False,normal,1.6257347266478862e-05,0.735931043168581,3.229331913232339e-05
1701600960.0,False,normal,3.6304159240347765e-05,0.3074274047225576,2.2318742194231623e-05
1701601020.0,False,normal,0.00028296874264979835,0.0010634412529991124,0.0006173761736494665
1701601080.0,False,normal,0.002588251572911622,0.735931043168581,0.3482209748408059
1701601140.0,False,normal,6.836210293357054e-06,0.735931043168581,1.532440023895026e-05
1701601200.0,False,normal,7.658364210808882e-06,0.735931043168581,1.425275155892351e-05
1701601260.0,False,normal,9.820638748190366e-06,0.735931043168581,1.864473974584924e-05
1701601320.0,False,normal,7.190717665583003e-05,9.101735960146162e-05,5.636885727731476e-05
1701601380.0,False,normal,0.004793939699579012,0.3074274047225576,0.002926600500639552
1701601440.0,False,normal,0.0007051417952192736,0.0005077935805808397,0.0006332167508294002
1701601500.0,False,normal,6.732559454841968e-06,0.9999068448295665,1.9115145915823765e-05
1701601560.0,False,normal,9.96135987107142e-06,0.9999068448295665,2.507440361788279e-05
1701601620.0,False,normal,1.3188651900867302e-05,0.005629148886888319,1.54083798404042e-05
1701601680.0,False,normal,7.638923951618133e-06,0.999960102323307,2.1643304176193283e-05
1701601740.0,False,normal,0.005395423705876056,0.999960102323307,0.5906113114797507
1701601800.0,False,normal,1.0611321570264646e-05,0.9999068448295665,2.0528988263221844e-05
1701601860.0,False,normal,2.3594133926353024e-05,0.999960102323307,3.7471828056140916e-05
1701601920.0,False,normal,0.025538790003466344,0.0010634412529991124,0.04390387055212607
1701601980.0,False,normal,1.0717494080463092e-05,0.999960102323307,3.361673391372149e-05
1701602040.0,False,normal,1.0020022063162192e-05,0.9999068448295665,2.3262465475742425e-05
1701602100.0,False,normal,1.529552831849279e-05,0.735931043168581,2.3747915219995915e-05
1701602160.0,False,normal,0.0002447033267932492,0.9999663160115337,0.00038254703918933896
1701602220.0,False,normal,1.4284520719073049e-05,0.01128931763995575,1.7985385682884726e-05
1701602280.0,False,normal,0.0017708638931528597,0.735931043168581,0.03748246393633989
1701602340.0,False,normal,7.976873057110645e-06,0.735931043168581,1.7916107796054078e-05
1701602400.0,False,normal,2.404048330158832e-05,0.735931043168581,0.0015005084757902401
1701602460.0,False,normal,6.38679080582154e-06,0.999960102323307,0.0035239232610004964
1701602520.0,False,normal,3.2868700763708906e-05,0.005629148886888319,2.9147335154815285e-05
1701602580.0,False,normal,7.2204704928406606e-06,0.999960102323307,1.7150917444245527e-05
1701602640.0,False,normal,2.4586411365254514e-05,0.999971884323676,2.4369653325776762e-05
1701602700.0,False,normal,6.51303173731809e-06,0.9999068448295665,0.0002432378600189765
1701602760.0,False,normal,1.6975552179424935e-05,0.8557683092939948,1.3807341165151333e-05
1701602820.0,False,normal,1.3303261025442649e-05,0.8395407785850736,1.3393263967857235e-05
1701602880.0,False,normal,9.385258744940342e-06,0.0005077935805808397,1.0420836242687628e-05
1701602940.0,False,normal,1.9184182187715714e-05,0.3074274047225576,1.2169090281936183e-05
1701603000.0,False,normal,2.0988450692235986e-05,0.9655379823030841,2.2744978349879606e-05
1701603060.0,False,normal,1.1736806045690145e-05,0.735931043168581,2.0447490755764042e-05
1701603120.0,False,normal,7.662474960707426e-06,9.101735960146162e-05,1.0588325650453495e-05
1701603180.0,False,normal,6.529972126462996e-06,0.3074274047225576,7.1870316164372345e-06
1701603240.0,False,normal,2.0521619099528955e-05,0.3074274047225576,1.9474658733433093e-05
1701603300.0,False,normal,1.6179545894316115e-05,4.382704302343643e-05,1.913594936880498e-05
1701603360.0,False,normal,1.3098889687817627e-05,0.735931043168581,2.6785687864404784e-05
1701603420.0,True,command_and_control,0.0009777120900096511,1.1326852158608143e-05,0.0019656288791018908
1701603480.0,True,credential_access,0.057806069055438336,0.735931043168581,0.7879689888316485
1701603540.0,False,normal,0.00019269897679982664,0.3074274047225576,8.978814375442559e-05
1701603600.0,False,normal,8.911728174607044e-06,0.9999068448295665,3.35398417259336e-05
1701603660.0,False,normal,0.0001371799642639618,0.3074274047225576,0.00031589221119595587
1701603720.0,False,normal,0.002147481759077913,1.20601636246195e-05,0.1763650891497504
1701603780.0,False,normal,2.020900928829567e-05,1.249473807216906e-05,2.1908508710566108e-05
1701603840.0,False,normal,8.813581919543829e-06,0.9999068448295665,1.4535474289907532e-05
1701603900.0,False,normal,7.443874641297116e-06,0.999960102323307,1.5648820227238767e-05
1701603960.0,False,normal,1.2102334515944638e-05,0.9999068448295665,2.729149685993109e-05
1701604020.0,False,normal,6.931825209403583e-05,2.0884961337810493e-05,2.4428485135054193e-05
1701604080.0,False,normal,9.077002231673228e-06,0.735931043168581,2.0226483065172094e-05
1701604140.0,False,normal,1.1960534092257764e-05,0.3074274047225576,9.162684257585546e-06
1701604200.0,False,normal,1.5013037214618746e-05,0.3074274047225576,1.499188292651915e-05
1701604260.0,False,normal,0.0017142963000868982,0.735931043168581,0.7294142404212346
1701604320.0,False,normal,1.0434694362045492e-05,2.0884961337810493e-05,1.190600535108267e-05
1701604380.0,False,normal,0.05553024067070787,0.735931043168581,0.2503864979583408
1701604440.0,False,normal,9.093337826900583e-06,0.3074274047225576,8.405907257013563e-06
1701604500.0,False,normal,1.2507216639758003e-05,0.0005077935805808397,1.4797288224910084e-05
1701604560.0,False,normal,1.1053151458129891e-05,0.0005077935805808397,1.232199732156281e-05
1701604620.0,False,normal,7.6108991897316795e-06,2.085358062744043e-05,1.0831242717414579e-05
1701604680.0,False,normal,2.8783044672328393e-05,2.9685406532470374e-05,3.45095532925741e-05
1701604740.0,False,normal,0.0006807594558555426,0.735931043168581,0.006538435783464894
1701604800.0,False,normal,1.7676090088955266e-05,0.3074274047225576,2.1931533248156413e-05
1701604860.0,False,normal,9.360242252789225e-06,0.3074274047225576,1.0605857532154863e-05
1701604920.0,False,normal,0.018269367430602527,2.085358062744043e-05,0.026423079901533687
1701604980.0,False,normal,3.220729364148482e-05,0.9999068448295665,3.1364032133014816e-05
1701605040.0,False,normal,7.828047541620016e-05,0.0005077935805808397,9.77553974065651e-06
1701605100.0,False,normal,1.006298921027476e-05,0.0005077935805808397,8.54113055861139e-06
1701605160.0,False,normal,7.785626331527433e-06,0.3074274047225576,9.727517783753314e-06
1701605220.0,False,normal,1.722841592571381e-05,2.0884961337810493e-05,1.2812515368910507e-05
1701605280.0,False,normal,1.1291274937032204e-05,0.735931043168581,1.1596898024066285e-05
1701605340.0,False,normal,2.5628678425419324e-05,0.3074274047225576,3.801726790456425e-05
1701605400.0,False,normal,9.776640875826977e-06,0.3074274047225576,1.220158132608168e-05
1701605460.0,False,normal,1.0350587438646964e-05,0.3074274047225576,9.845269237450415e-06
1701605520.0,False,normal,1.7534818282268193e-05,2.0884961337810493e-05,1.5982054094612362e-05
1701605580.0,False,normal,4.3403421825757264e-05,2.9685406532470374e-05,1.1589772756293408e-05
1701605640.0,False,normal,0.0004876270130897595,0.3074274047225576,0.010107234808303915
1701605700.0,False,normal,2.8121453666617315e-05,0.735931043168581,2.8271428043165102e-05
1701605760.0,False,normal,5.208680704263791e-05,0.3074274047225576,3.989826576726072e-05
1701605820.0,False,normal,1.6922222956341918e-05,0.0008428201326724821,1.6641871923460264e-05
1701605880.0,False,normal,0.009696863686679949,0.3074274047225576,0.5393124908252421
1701605940.0,False,normal,1.529728267918361e-05,0.3074274047225576,1.7526981216721387e-05
1701606000.0,False,normal,1.378890710452837e-05,0.3074274047225576,1.0828812898693312e-05
1701606060.0,False,normal,7.05331313662206e-05,0.3074274047225576,5.326015644552525e-05
1701606120.0,False,normal,3.085792074580262e-05,2.085358062744043e-05,1.7774513015033164e-05
1701606180.0,False,normal,7.090185966514398e-05,0.3074274047225576,4.0698320352426677e-05
1701606240.0,False,normal,3.997797503915026e-05,0.9999068448295665,8.763224655930295e-05
1701606300.0,False,normal,6.36345880832559e-06,0.3074274047225576,7.0930079739522375e-06
1701606360.0,False,normal,7.865377100321173e-06,0.3074274047225576,1.0315966606630934e-05
1701606420.0,False,normal,8.467497427208148e-06,9.101735960146162e-05,7.545540820841598e-06
1701606480.0,False,normal,1.3718422340483834e-05,0.0009076709543987719,2.404470306231482e-05
1701606540.0,False,normal,7.060227614240298e-06,0.3074274047225576,8.875599795022689e-06
1701606600.0,False,normal,8.852234348714755e-06,0.00027384316976907495,1.2397229648473227e-05
1701606660.0,False,normal,1.3592327234159206e-05,0.3074274047225576,1.0526741804425685e-05
1701606720.0,False,normal,1.0353732690278546e-05,0.00025156612963946496,9.194821848765436e-06
1701606780.0,False,normal,8.941673763579449e-06,0.3074274047225576,1.0526727675523665e-05
1701606840.0,False,normal,2.871875899777077e-05,0.0005077935805808397,2.1597060293093997e-05
1701606900.0,False,normal,8.4036820600653e-06,0.3074274047225576,1.0855995246226903e-05
1701606960.0,False,normal,9.93285298501941e-05,0.0005077935805808397,1.5146428047686389e-05
1701607020.0,False,normal,1.1427311013855684e-05,2.085358062744043e-05,1.4394144410242919e-05
1701607080.0,False,normal,0.0002715636380348403,9.101735960146162e-05,0.0005717460591881271
1701607140.0,False,normal,1.1005417826329691e-05,0.003374654764222421,8.965451192069505e-06
1701607200.0,True,credential_access,0.0010701564510187912,1.243457132265436e-05,0.0005690505806198512
1701607260.0,True,credential_access,6.059741700080649e-05,0.735931043168581,0.00016291845826099308
1701607320.0,True,credential_access,0.6112824385706516,2.085358062744043e-05,0.01947315484052943
1701607380.0,False,normal,0.3649816860515316,0.9998869949070547,0.18072471618753694
1701607440.0,False,normal,0.5761353148822571,0.735931043168581,0.99198006878337
1701607500.0,False,normal,8.256017956908257e-06,0.3074274047225576,8.146371708430858e-06
1701607560.0,False,normal,0.012060186688313127,0.0005077935805808397,0.03588396158321103
1701607620.0,False,normal,9.128289888906763e-06,2.085358062744043e-05,9.386505181395591e-06
1701607680.0,False,normal,1.349110832641043e-05,0.3074274047225576,1.529379649080127e-05
1701607740.0,False,normal,1.0277269266935172e-05,0.3074274047225576,1.00315621540136e-05
1701607800.0,False,normal,0.6668371292119192,0.735931043168581,0.9961868463685587
1701607860.0,False,normal,9.337940302539215e-06,0.0005077935805808397,9.9863034089813e-06
1701607920.0,False,normal,6.671532525897157e-06,2.0884961337810493e-05,7.878089043852314e-06
1701607980.0,False,normal,8.174299322154317e-06,0.3074274047225576,7.115114061177667e-06
1701608040.0,False,normal,1.015225049332081e-05,0.3074274047225576,1.0125501965743925e-05
1701608100.0,False,normal,6.338820992458773e-06,0.3074274047225576,9.414865128863418e-06
1701608160.0,False,normal,0.0001975174366827547,0.3074274047225576,8.030510708461416e-05
1701608220.0,False,normal,1.1119158342792806e-05,2.085358062744043e-05,8.431764223726251e-06
1701608280.0,False,normal,5.759348764965255e-06,0.0005720360578429258,9.795993709586715e-06
1701608340.0,False,normal,1.1897159274451221e-05,0.3074274047225576,1.7884161890419605e-05
1701608400.0,False,normal,1.713670275909726e-05,0.3074274047225576,2.0687977568099346e-05
1701608460.0,False,normal,5.514053371835787e-06,0.3074274047225576,8.157830743044944e-06
1701608520.0,False,normal,7.008544576332045e-06,0.005629148886888319,7.2227942317180345e-06
1701608580.0,False,normal,1.4121073244273608e-05,0.3074274047225576,1.700836566695449e-05
1701608640.0,False,normal,7.399138707687815e-06,0.0005077935805808397,8.183081953403856e-06
1701608700.0,False,normal,1.3741413462492072e-05,0.0005077935805808397,2.0418350361669578e-05
1701608760.0,False,normal,2.8121100028932844e-05,0.735931043168581,2.098383134938817e-05
1701608820.0,False,normal,1.1584498699940159e-05,2.085358062744043e-05,9.266875615781649e-06
1701608880.0,False,normal,1.0923324670777778e-05,0.735931043168581,2.681328206720406e-05
1701608940.0,False,normal,1.3847448977109419e-05,0.3074274047225576,8.692175674143597e-06
1701609000.0,False,normal,2.7733889355665372e-05,0.3074274047225576,2.8575629013974947e-05
1701609060.0,False,normal,7.945364455199836e-06,0.0005077935805808397,8.042606725358882e-06
1701609120.0,False,normal,1.4690348277658806e-05,2.0884961337810493e-05,1.687392046650696e-05
1701609180.0,False,normal,1.1238980243369886e-05,0.0005720360578429258,2.0794092069707877e-05
1701609240.0,False,normal,6.671207754946547e-06,0.0005077935805808397,7.878238249574913e-06
1701609300.0,False,normal,4.238545104014251e-05,0.0005077935805808397,4.972466607618079e-05
1701609360.0,False,normal,6.671539913186889e-06,0.0005077935805808397,9.990004873797044e-06
1701609420.0,False,normal,1.2619835202222003e-05,0.0008428201326724821,1.0489081732212578e-05
1701609480.0,False,normal,8.638139368459338e-06,0.3074274047225576,9.350606053350588e-06
1701609540.0,False,normal,3.846552452891209e-05,0.3074274047225576,1.9122299776745624e-05
1701609600.0,False,normal,6.117820155353407e-06,0.3074274047225576,6.99694922050296e-06
1701609660.0,False,normal,7.999039674209285e-06,0.3074274047225576,1.2125626282659083e-05
1701609720.0,False,normal,1.3872587742538082e-05,2.085358062744043e-05,1.3411435533133998e-05
1701609780.0,False,normal,7.443870615902444e-06,0.9999068448295665,1.9242622049714388e-05
1701609840.0,False,normal,8.352789611888631e-06,0.0005077935805808397,1.0993673156490791e-05
1701609900.0,False,normal,1.1473091518713437e-05,0.0005077935805808397,1.2621996139494418e-05
1701609960.0,False,normal,1.8624068203401907e-05,0.0005077935805808397,1.9210695989889223e-05
1701610020.0,False,normal,7.032896808506588e-06,2.0884961337810493e-05,7.778300698976943e-06
1701610080.0,False,normal,1.0438535776957499e-05,0.0005720360578429258,1.4579293779900259e-05
1701610140.0,False,normal,1.2697148407023279e-05,0.3074274047225576,9.167191208727471e-06
1701610200.0,False,normal,1.2150076720083505e-05,0.00027384316976907495,2.2399826066838235e-05
1701610260.0,False,normal,0.9024623820678888,0.3074274047225576,0.27120917552759555
1701610320.0,False,normal,0.015835863092668306,0.00025156612963946496,0.006134167009024864
1701610380.0,True,collection,0.9997466942780668,4.511517985447913e-05,0.9583640850199535
1701610440.0,True,collection,0.9997095751622118,0.3074274047225576,0.9999456036214727
1701610500.0,False,normal,1.4159074363348972e-05,0.0005077935805808397,1.5898879687766606e-05
1701610560.0,False,normal,0.6741804874849692,0.0005077935805808397,0.2527542793925712
1701610620.0,False,normal,0.005071304238491955,2.0884961337810493e-05,0.006528981665431368
1701610680.0,False,normal,7.515573377884178e-06,0.0005077935805808397,6.04857624000738e-06
1701610740.0,False,normal,7.757387541909503e-06,0.3074274047225576,8.619116184886282e-06
1701610800.0,False,normal,1.6992173567022604e-05,0.735931043168581,3.485341108308646e-05
1701610860.0,False,normal,5.514056353656003e-06,0.3074274047225576,6.870438158096201e-06
1701610920.0,False,normal,1.2335527771251054e-05,0.005629148886888319,2.412976805307151e-05
1701610980.0,False,normal,1.08021226318484e-05,2.9685406532470374e-05,1.9564245659263762e-05
1701611040.0,False,normal,2.6980339596665793e-05,0.3074274047225576,6.807868971577606e-05
1701611100.0,False,normal,6.721922984104983e-06,0.0005077935805808397,6.708911249332488e-06
1701611160.0,False,normal,3.7413333885275746e-05,0.3074274047225576,1.6302792306842134e-05
1701611220.0,False,normal,0.00017857803504639974,2.0884961337810493e-05,1.4698299696128619e-05
1701611280.0,False,normal,1.0389815925237332e-05,0.0005077935805808397,8.333178671518042e-06
1701611340.0,False,normal,1.4094724955730049e-05,0.3074274047225576,8.525379369624139e-06
1701611400.0,False,normal,6.435648851839443e-06,0.3074274047225576,7.162991979209494e-06
1701611460.0,False,normal,3.981631225859708e-05,0.0005077935805808397,1.1897809007142673e-05
1701611520.0,False,normal,1.1618836113371584e-05,2.0884961337810493e-05,9.433984178917065e-06
1701611580.0,False,normal,5.7600402445922384e-06,1.2128242125150436e-05,8.545922904899539e-06
1701611640.0,False,normal,5.514056353656003e-06,0.3074274047225576,8.002942475997276e-06
1701611700.0,False,normal,6.251115238381879e-06,0.3074274047225576,7.187175681312438e-06
1701611760.0,False,normal,1.1589445319243517e-05,0.0005077935805808397,9.04604434219861e-06
1701611820.0,False,normal,7.321197475813404e-06,2.0884961337810493e-05,7.267019458010384e-06
1701611880.0,False,normal,9.732116846931886e-06,0.3074274047225576,8.91997673155503e-06
1701611940.0,False,normal,1.1249375382320873e-05,0.9999068448295665,1.9484826727308524e-05
1701612000.0,False,normal,1.6178905604805247e-05,0.0005077935805808397,1.6693774024624398e-05
1701612060.0,False,normal,7.515544400880004e-05,0.0005077935805808397,2.7030201482554433e-05
1701612120.0,False,normal,1.4752297209335673e-05,2.0884961337810493e-05,1.2860894119488901e-05
1701612180.0,False,normal,6.721915541027254e-06,0.3074274047225576,7.37589347570758e-06
1701612240.0,False,normal,1.5043855140583915e-05,0.0005077935805808397,6.611491018428708e-06
1701612300.0,False,normal,1.2270700724746273e-05,0.3074274047225576,2.522665199172466e-05
1701612360.0,False,normal,2.2136954249816917e-05,0.3074274047225576,1.9167872441179967e-05
1701612420.0,False,normal,1.4725520111086265e-05,2.0884961337810493e-05,1.1499420262015641e-05
1701612480.0,False,normal,9.278801315914061e-06,2.9685406532470374e-05,1.1698693443444724e-05
1701612540.0,False,normal,3.466387645270354e-05,0.3074274047225576,3.0425525729026828e-05
1701612600.0,False,normal,9.317873530491853e-06,0.3074274047225576,9.605905984281634e-06
1701612660.0,False,normal,1.5909349391916196e-05,0.3074274047225576,1.4118268076444001e-05
1701612720.0,False,normal,2.032557350516866e-05,2.0884961337810493e-05,3.1997882031990244e-05
1701612780.0,False,normal,1.2150083290405108e-05,0.735931043168581,2.073512496213774e-05
1701612840.0,False,normal,3.713036850623105e-05,0.3074274047225576,3.2362907733148535e-05
1701612900.0,False,normal,0.1107569987903393,0.3074274047225576,0.011832618903307848
1701612960.0,False,normal,1.4788976080214436e-05,0.3074274047225576,1.3874676434838221e-05
1701613020.0,False,normal,0.0009294618888314787,1.113389467561958e-05,0.0005303805804040985
1701613080.0,False,normal,0.9486299818048944,0.9999068448295665,0.9974589354440306
1701613140.0,False,normal,1.0328235951143952e-05,0.3074274047225576,1.0592830228688955e-05
1701613200.0,False,normal,1.3438651965507518e-05,0.3074274047225576,1.072705796491626e-05
1701613260.0,False,normal,0.0025739142319081802,0.3074274047225576,0.37853583135421515
1701613320.0,False,normal,8.689363220795884e-06,2.0884961337810493e-05,9.165609252168807e-06
1701613380.0,False,normal,5.76002674086919e-06,2.9685406532470374e-05,8.892598847901632e-06
1701613440.0,False,normal,0.0017169927703092772,0.0005077935805808397,0.002910908645932704
1701613500.0,False,normal,1.2304643892926903e-05,0.3074274047225576,9.399029009507705e-06
1701613560.0,False,normal,7.641616201822117e-06,0.0005077935805808397,7.65006854616492e-06
1701613620.0,False,normal,6.4348584461865084e-06,2.0884961337810493e-05,7.614977196160947e-06
1701613680.0,False,normal,5.129076320749221e-05,0.735931043168581,4.1379811466975535e-05
1701613740.0,False,normal,8.002846593807457e-06,0.3074274047225576,8.391677801149762e-06
1701613800.0,False,normal,6.251108316618771e-06,0.00027384316976907495,8.755788933525142e-06
1701613860.0,False,normal,9.360242252789225e-06,4.366576684214688e-05,1.5423221673049994e-05
1701613920.0,False,normal,1.478125275406188e-05,2.085358062744043e-05,1.5170719525449832e-05
1701613980.0,False,normal,8.944185251109703e-05,0.3074274047225576,4.2834229851517373e-05
1701614040.0,False,normal,1.414223094720006e-05,0.01602758178253106,1.6619462586127977e-05
1701614100.0,False,normal,2.3824541036505505e-05,0.3074274047225576,2.87040815644227e-05
1701614160.0,False,normal,2.0141257785012746e-05,0.3074274047225576,1.817437678383567e-05
1701614220.0,False,normal,1.9927606022835356e-05,2.085358062744043e-05,1.862643271179542e-05
1701614280.0,False,normal,1.4666548388366132e-05,2.9685406532470374e-05,1.3891033598669036e-05
1701614340.0,False,normal,4.54744591192888e-05,0.3074274047225576,1.3330815529582946e-05
1701614400.0,False,normal,0.0007337420038116746,0.3074274047225576,0.10085310937279038
1701614460.0,False,normal,6.251108316618771e-06,0.9999068448295665,1.2429431400527178e-05
1701614520.0,True,collection,8.983954225362407e-06,0.6436652143340637,1.5561757055744173e-05
1701614580.0,True,collection,0.4182011304893427,0.735931043168581,0.8961686093090486
1701614640.0,False,normal,4.278823053431835e-05,0.3074274047225576,1.2117931628505548e-05
1701614700.0,False,normal,0.0004834486621517057,0.3074274047225576,6.196831771448722e-05
1701614760.0,False,normal,1.618768985010764e-05,0.3074274047225576,1.2619279564683493e-05
1701614820.0,False,normal,1.0760299538520105e-05,2.0884961337810493e-05,1.0843474341842991e-05
1701614880.0,False,normal,0.00011177314336773124,0.3074274047225576,0.017838250258077705
1701614940.0,False,normal,9.360242252789225e-06,0.0005077935805808397,1.0471876662266328e-05
1701615000.0,False,normal,1.0633637048363478e-05,0.3074274047225576,6.147687661012148e-06
1701615060.0,False,normal,2.0882375408293526e-05,0.3074274047225576,1.1890477489698832e-05
1701615120.0,False,normal,7.763794026136644e-06,2.085358062744043e-05,1.0372940585499461e-05
1701615180.0,False,normal,6.746727955513936e-05,0.0014010458852476177,1.1519943088070968e-05
1701615240.0,False,normal,1.41112210074931e-05,0.3074274047225576,1.2860418289887396e-05
1701615300.0,False,normal,1.9345953114866835e-05,0.3074274047225576,2.073827998407715e-05
1701615360.0,False,normal,8.418902315448255e-06,0.735931043168581,2.0664172123220435e-05
1701615420.0,False,normal,1.5481583795978647e-05,2.085358062744043e-05,6.649842632541024e-06
1701615480.0,False,normal,9.81951243551311e-06,0.3074274047225576,1.3176914555869868e-05
1701615540.0,False,normal,0.0003296713117090598,0.9999068448295665,0.13490047504577826
1701615600.0,False,normal,3.5309922921546035e-05,0.0005077935805808397,2.746152544780057e-05
1701615660.0,False,normal,1.0092622341768037e-05,0.0005077935805808397,9.804999705984783e-06
1701615720.0,False,normal,0.006790361180020863,2.0884961337810493e-05,0.17234266921816707
1701615780.0,False,normal,1.009216018309019e-05,0.735931043168581,1.9794590209321433e-05
1701615840.0,False,normal,2.986789296416452e-05,0.3074274047225576,2.3399240158547238e-05
1701615900.0,False,normal,9.364859928232365e-06,0.3074274047225576,1.0045219984739363e-05
1701615960.0,False,normal,9.8680843078954e-06,0.3074274047225576,1.0804005776498519e-05
1701616020.0,False,normal,0.0029858249704857627,2.085358062744043e-05,0.0015466235601634872
1701616080.0,False,normal,1.6820452893100777e-05,2.9685406532470374e-05,2.4045218111746503e-05
1701616140.0,False,normal,2.009775696449159e-05,0.0005077935805808397,2.4834665164420004e-05
1701616200.0,False,normal,2.508442432959121e-05,0.0005077935805808397,2.0758544669226056e-05
1701616260.0,False,normal,8.805069526872298e-06,0.0005077935805808397,9.93944586340168e-06
1701616320.0,False,normal,0.0002595640519102223,2.0884961337810493e-05,0.00033585665211937585
1701616380.0,False,normal,1.3622263585663564e-05,0.3074274047225576,1.2398566613851308e-05
1701616440.0,False,normal,1.693479836169595e-05,0.3074274047225576,1.3789853627944133e-05
1701616500.0,False,normal,1.5788304561054628e-05,0.0005077935805808397,1.5729446287038844e-05
1701616560.0,False,normal,1.3435651926651695e-05,0.0005077935805808397,1.4089022513384703e-05
1701616620.0,False,normal,8.560328352564134e-06,0.01128931763995575,1.1868931690761251e-05
1701616680.0,False,normal,4.1564416213628847e-05,0.3074274047225576,2.42072484287127e-05
1701616740.0,False,normal,1.5961465755020135e-05,0.0005077935805808397,1.2760829874057929e-05
1701616800.0,False,normal,1.6992143357612303e-05,0.0005077935805808397,1.914102304963206e-05
1701616860.0,False,normal,9.479422381656362e-06,0.3074274047225576,8.634116950588939e-06
1701616920.0,False,normal,9.50238009328649e-06,2.0884961337810493e-05,8.96885149641748e-06
1701616980.0,False,normal,0.0001713697397991117,0.0005720360578429258,2.586719293958759e-05
1701617040.0,False,normal,1.2118522065268264e-05,0.3074274047225576,1.1986464700843705e-05
1701617100.0,False,normal,1.571554463234163e-05,0.0005077935805808397,1.1219532199078873e-05
1701617160.0,False,normal,9.239948122945446e-06,0.3074274047225576,6.462846043578683e-06
1701617220.0,False,normal,9.146177402380158e-06,2.085358062744043e-05,9.186571510286199e-06
1701617280.0,False,normal,0.0002352172474005319,0.3074274047225576,0.0054774003761081476
1701617340.0,False,normal,1.2215334513523697e-05,0.3074274047225576,1.1411470773119526e-05
1701617400.0,True,collection,1.6836291635117127e-05,0.0006344936275716001,1.808898684621504e-05
1701617460.0,False,normal,3.344534217056094e-05,0.0005077935805808397,1.748724919566225e-05
1701617520.0,True,credential_access,0.0019149191428829953,2.0884961337810493e-05,0.00023801532550984817
1701617580.0,False,normal,9.50238009328649e-06,0.01602758178253106,7.070462974290901e-06
1701617640.0,False,normal,1.5245880312312302e-05,0.0005077935805808397,1.7008392007483573e-05
1701617700.0,False,normal,6.272300505984955e-06,0.0005077935805808397,7.093008318552954e-06
1701617760.0,False,normal,1.3051780129105842e-05,0.0005077935805808397,1.1957119158440948e-05
1701617820.0,False,normal,6.4348584461865084e-06,0.005629148886888319,8.483339712007063e-06
1701617880.0,False,normal,1.3985635509321844e-05,0.0005720360578429258,6.856139943806151e-05
1701617940.0,False,normal,6.926292956333637e-05,0.3074274047225576,1.267660353470055e-05
1701618000.0,False,normal,5.0332300593192134e-05,0.3074274047225576,5.839669041702308e-05
1701618060.0,False,normal,1.2797401782981347e-05,0.3074274047225576,7.61483224695141e-06
1701618120.0,False,normal,8.856238674418258e-06,2.085358062744043e-05,7.472469465194317e-06
1701618180.0,False,normal,1.4880611493726946e-05,0.3074274047225576,1.3626315667153181e-05
1701618240.0,False,normal,1.5454736574111652e-05,0.0005077935805808397,1.4842727993354968e-05
1701618300.0,False,normal,1.1294128143015178e-05,0.3074274047225576,7.631985773868262e-06
1701618360.0,False,normal,8.638104327451142e-06,0.3074274047225576,8.72431073048726e-06
1701618420.0,False,normal,2.8871613028484565e-05,2.085358062744043e-05,1.6905559372487337e-05
1701618480.0,False,normal,1.2443874320919913e-05,0.3074274047225576,1.3270343781093696e-05
1701618540.0,False,normal,1.2975654986790003e-05,0.0005077935805808397,1.1434244784088005e-05
1701618600.0,False,normal,2.8897767515342403e-05,0.0005077935805808397,1.9252763889436628e-05
1701618660.0,False,normal,2.2513061329814422e-05,0.3074274047225576,1.8249378222393283e-05
1701618720.0,False,normal,1.0352754401036361e-05,2.0884961337810493e-05,1.122276731121787e-05
1701618780.0,False,normal,1.1473091518713437e-05,2.9685406532470374e-05,2.0775437996301913e-05
1701618840.0,False,normal,0.005974220200763613,0.0005077935805808397,0.0012199185165369755
1701618900.0,False,normal,9.956068855959106e-06,0.0005077935805808397,9.11178210114476e-06
1701618960.0,False,normal,2.69129043173712e-05,0.9999068448295665,1.933179180836091e-05
1701619020.0,False,normal,1.2446202122926986e-05,2.0884961337810493e-05,8.717417416181386e-06
1701619080.0,False,normal,0.001360330426784518,0.735931043168581,0.6026248113681916
1701619140.0,False,normal,6.313597479406919e-06,0.0005077935805808397,7.96672511254513e-06
1701619200.0,False,normal,7.63385993636545e-06,0.0005077935805808397,9.791088623370198e-06
1701619260.0,False,normal,8.914515624397246e-06,0.3074274047225576,1.0646818212013397e-05
1701619320.0,False,normal,0.0023442680350009345,2.085358062744043e-05,0.0035736076948325603
1701619380.0,False,normal,0.00024911073648205045,0.735931043168581,0.05482515884664528
1701619440.0,False,normal,0.0017674655516769682,0.0005077935805808397,0.3368700117561942
1701619500.0,False,normal,8.560686842758944e-06,0.0005077935805808397,8.391501237915165e-06
1701619560.0,False,normal,9.933704928703133e-06,0.0005077935805808397,9.127190055767317e-06
1701619620.0,False,normal,1.1285813064430012e-05,2.0884961337810493e-05,8.678949800648213e-06
1701619680.0,False,normal,2.573633443952881e-05,0.0005720360578429258,4.1060588030992304e-05
1701619740.0,False,normal,1.3101569887437071e-05,0.3074274047225576,9.835872477258263e-06
1701619800.0,False,normal,0.00012229978483209266,0.3074274047225576,1.7373108799261607e-05
1701619860.0,False,normal,1.4882387819017947e-05,0.735931043168581,2.1806517071660538e-05
1701619920.0,False,normal,1.4773122883674384e-05,0.005629148886888319,1.56309868375057e-05
1701619980.0,False,normal,8.3212101154556e-06,0.3074274047225576,9.025476419534478e-06
1701620040.0,False,normal,7.561424101035622e-06,0.0005077935805808397,7.2673259489059165e-06
1701620100.0,False,normal,2.2958323294675406e-05,0.0005077935805808397,2.0486529308393387e-05
1701620160.0,False,normal,1.1606917483381105e-05,0.0005077935805808397,9.998381580075283e-06
1701620220.0,False,normal,8.41874135137629e-06,0.0008428201326724821,1.144941585376584e-05
1701620280.0,False,normal,1.9528215766021928e-05,0.735931043168581,3.706929831176747e-05
1701620340.0,False,normal,1.570958471874576e-05,0.3074274047225576,8.159531973350944e-06
1701620400.0,False,normal,1.6009990452133865e-05,0.3074274047225576,1.728604394014586e-05
1701620460.0,False,normal,8.789593212925904e-06,0.3074274047225576,9.374070685246205e-06
1701620520.0,False,normal,7.008540786347442e-06,2.085358062744043e-05,7.2227916136615375e-06
1701620580.0,False,normal,6.338824420283592e-06,2.9685406532470374e-05,8.247492015855024e-06
1701620640.0,False,normal,7.621354922925613e-05,0.3074274047225576,0.010139024441646044
1701620700.0,True,discovery,5.8519721561292236e-05,0.09218276940383535,9.760999492241655e-05
1701620760.0,True,discovery,3.711399113989098e-05,0.0005077935805808397,8.835273371329499e-05
1701620820.0,False,normal,1.8621198749655e-05,2.0884961337810493e-05,1.5474948552365138e-05
1701620880.0,False,normal,7.27382308882691e-06,0.3074274047225576,7.440107773619488e-06
1701620940.0,False,normal,6.434854800723215e-06,0.9999068448295665,1.4438087760824666e-05
1701621000.0,False,normal,1.3659010277855558e-05,1.2321114467143654e-05,1.1246511880522258e-05
1701621060.0,False,normal,6.4348619259448736e-06,0.3074274047225576,6.794751287827317e-06
1701621120.0,False,normal,1.6306352451463952e-05,2.0884961337810493e-05,1.1144310494081736e-05
1701621180.0,False,normal,7.319730129841465e-06,4.583511108805717e-05,1.00871263768082e-05
1701621240.0,False,normal,1.6359759962183255e-05,0.3074274047225576,2.055228818298852e-05
1701621300.0,False,normal,5.856564522706319e-06,0.3074274047225576,6.7208269847438446e-06
1701621360.0,False,normal,1.880678314495824e-05,0.3074274047225576,2.3175885601589652e-05
1701621420.0,False,normal,0.00010114984464239089,2.0884961337810493e-05,0.00011594075482838
1701621480.0,False,normal,0.0006725969850388409,0.3074274047225576,0.00037231086114817923
1701621540.0,False,normal,6.639394916023827e-06,0.0005077935805808397,7.508190262216412e-06
1701621600.0,False,normal,4.2848379438175325e-05,0.0005077935805808397,3.3984282421139994e-05
1701621660.0,False,normal,1.1428682993273369e-05,0.0005077935805808397,1.0732069096467002e-05
1701621720.0,False,normal,1.615499177685173e-05,0.0009766678554971612,1.899937723259389e-05
1701621780.0,False,normal,0.002600329070398133,0.3074274047225576,0.0019242144779600054
1701621840.0,False,normal,7.1575256618318426e-06,0.3074274047225576,9.046952137100626e-06
1701621900.0,False,normal,1.849348057469928e-05,0.3074274047225576,1.4433935568765758e-05
1701621960.0,False,normal,1.279057283360926e-05,0.3074274047225576,1.164457974903712e-05
1701622020.0,False,normal,1.1646786128222284e-05,2.0884961337810493e-05,7.563047633603224e-06
1701622080.0,False,normal,9.240603565533744e-06,2.9685406532470374e-05,1.1275988894379579e-05
1701622140.0,False,normal,0.0005559909286448814,0.3074274047225576,0.00012189258394379109
1701622200.0,False,normal,3.103497955832346e-05,0.3074274047225576,2.5506022881841583e-05
1701622260.0,False,normal,0.00030957762995633016,0.9999068448295665,0.19285691523389994
1701622320.0,False,normal,7.1575256618318426e-06,2.0884961337810493e-05,7.154630729369839e-06
1701622380.0,False,normal,0.0047094284090107635,0.735931043168581,0.6190412291133803
1701622440.0,False,normal,1.4511639903864516e-05,0.3074274047225576,1.012694696832012e-05
1701622500.0,False,normal,6.734943046593177e-06,0.3074274047225576,7.73036324891494e-06
1701622560.0,False,normal,0.00018624846763615497,0.3074274047225576,0.00036762519045040453
1701622620.0,False,normal,1.320232758769352e-05,2.0884961337810493e-05,8.63598493882145e-06
1701622680.0,False,normal,3.005706981989633e-05,0.3074274047225576,2.912239616167693e-05
1701622740.0,False,normal,1.4256880595375079e-05,0.0005077935805808397,1.209292439836084e-05
1701622800.0,False,normal,2.016529545098639e-05,0.0005077935805808397,1.316738335436088e-05
1701622860.0,False,normal,5.514056353656003e-06,0.0005077935805808397,7.279131238502969e-06
1701622920.0,False,normal,3.444007267282087e-05,2.0884961337810493e-05,6.55399952500399e-05
1701622980.0,False,normal,7.58827662047939e-06,2.9685406532470374e-05,1.1877602732492568e-05
1701623040.0,False,normal,0.0027926548697934143,0.0005077935805808397,0.07391335461939876
1701623100.0,False,normal,8.418745903943804e-06,0.0005077935805808397,7.802122254879449e-06
1701623160.0,False,normal,8.843894590525095e-06,0.0005077935805808397,1.190013033427376e-05
1701623220.0,False,normal,3.48201814265534e-05,2.0884961337810493e-05,3.297158445780748e-05
1701623280.0,False,normal,1.211854198464922e-05,0.3074274047225576,1.4373862137208449e-05
1701623340.0,False,normal,7.527753767032505e-06,0.3074274047225576,6.873433846865372e-06
1701623400.0,False,normal,1.1897165708005853e-05,0.3074274047225576,1.229303740095094e-05
1701623460.0,False,normal,0.00010239679080567724,0.3074274047225576,1.78219591990311e-05
1701623520.0,False,normal,9.175760726080634e-06,2.085358062744043e-05,7.666967424829362e-06
1701623580.0,True,lateral_movement,0.030703791139406005,0.9959268110611182,0.006900092441289902
1701623640.0,True,lateral_movement,0.004033470498391371,0.0005077935805808397,0.0016155899117158959
1701623700.0,False,normal,1.4807686698756483e-05,0.0005077935805808397,7.236942419390197e-06
1701623760.0,False,normal,1.5446919247310806e-05,0.0005077935805808397,8.844974873616253e-06
1701623820.0,False,normal,1.2401804900373868e-05,0.0008428201326724821,1.2342854152353305e-05
1701623880.0,False,normal,9.545609358590296e-05,2.9685406532470374e-05,8.619722386959327e-05
1701623940.0,False,normal,1.3487430198224044e-05,0.9999068448295665,2.5099159324111976e-05
1701624000.0,False,normal,1.1469286506057722e-05,0.0005077935805808397,1.3853218814460357e-05
1701624060.0,False,normal,1.5051764584644218e-05,0.0005077935805808397,1.5177508733739624e-05
1701624120.0,False,normal,5.2523882067564096e-05,2.0884961337810493e-05,2.3541237407354867e-05
1701624180.0,False,normal,1.3947269007866335e-05,0.3074274047225576,9.324661652801066e-06
1701624240.0,False,normal,2.179718322553071e-05,0.0005077935805808397,2.3178705235847338e-05
1701624300.0,False,normal,1.1292784820587565e-05,0.0005077935805808397,8.776263939943381e-06
1701624360.0,False,normal,0.00016769929200645688,0.3074274047225576,0.0002583778717405834
1701624420.0,False,normal,7.059380967588802e-06,2.0884961337810493e-05,8.77610230319339e-06
1701624480.0,False,normal,1.2557947066240852e-05,0.3074274047225576,2.003297105518415e-05
1701624540.0,False,normal,3.442121145630698e-05,0.3074274047225576,3.128612413881597e-05
1701624600.0,False,normal,0.001262375549101624,0.00027384316976907495,0.0022945525230831493
1701624660.0,False,normal,0.00018429817833265352,0.3074274047225576,1.459657402756752e-05
1701624720.0,False,normal,1.8240343929685545e-05,2.0884961337810493e-05,1.740998373361602e-05
1701624780.0,False,normal,0.06482307652255045,2.9685406532470374e-05,0.7441923152674059
1701624840.0,False,normal,1.8907322573956692e-05,0.01602758178253106,1.647497849417288e-05
1701624900.0,False,normal,1.2870186992672713e-05,0.0005077935805808397,1.387638879276005e-05
1701624960.0,False,normal,2.0440792089451386e-05,0.0005077935805808397,1.7022655710454694e-05
1701625020.0,False,normal,2.302063514087782e-05,2.0884961337810493e-05,1.529759194175363e-05
1701625080.0,False,normal,2.833551502775027e-05,0.3074274047225576,2.0583314171846334e-05
1701625140.0,False,normal,8.085437522545628e-06,0.0005077935805808397,8.804730765516334e-06
1701625200.0,False,normal,7.979693616951938e-06,0.3074274047225576,7.426477004550838e-06
1701625260.0,False,normal,7.611212941680087e-06,0.3074274047225576,1.0268973601922587e-05
1701625320.0,False,normal,4.951555267135946e-05,2.085358062744043e-05,4.684406268577854e-05
1701625380.0,False,normal,0.0003344836319548143,0.3074274047225576,0.0007109672616901682
1701625440.0,False,normal,1.1417966468906438e-05,0.0005077935805808397,8.636149325622312e-06
1701625500.0,False,normal,3.626302122724339e-05,0.735931043168581,3.152615381601077e-05
1701625560.0,False,normal,9.777760124746776e-06,0.3074274047225576,1.4677929774963625e-05
1701625620.0,False,normal,1.3826710815530052e-05,0.005629148886888319,1.3277006147888998e-05
1701625680.0,False,normal,0.00011645109359886831,0.0010634412529991124,8.441137306325233e-05
1701625740.0,False,normal,1.1243557507676982e-05,0.0005077935805808397,1.7387087802926176e-05
1701625800.0,False,normal,3.0379651085946257e-05,0.3074274047225576,9.190948255058783e-06
1701625860.0,False,normal,0.00012047011213145027,0.3074274047225576,3.168888527940427e-05
1701625920.0,False,normal,2.1074740440830697e-05,2.085358062744043e-05,3.76398050870193e-05
1701625980.0,False,normal,1.1284006259227366e-05,0.735931043168581,2.7426620174044963e-05
1701626040.0,False,normal,0.0007516777925953016,0.0005077935805808397,8.146610475553662e-05
1701626100.0,False,normal,1.3168344118033824e-05,0.0005077935805808397,1.4674694614831135e-05
1701626160.0,False,normal,1.6509152494894686e-05,0.3074274047225576,1.8571098558225744e-05
1701626220.0,False,normal,2.0680665447165333e-05,2.085358062744043e-05,9.767192589146175e-06
1701626280.0,False,normal,2.6814526364551762e-05,0.735931043168581,3.374175710230571e-05
1701626340.0,False,normal,2.8617469990364817e-05,0.0005077935805808397,5.755168829119849e-05
1701626400.0,False,normal,4.1146956846439323e-05,0.0005077935805808397,0.0001347784537270447
1701626460.0,True,lateral_movement,1.1768156724301903e-05,2.278633448703471e-05,2.368447389485882e-05
1701626520.0,True,lateral_movement,4.5345149744197355e-05,0.00025156612963946496,3.7962673086630804e-05
1701626580.0,False,normal,0.03736865671148823,2.9685406532470374e-05,0.0014617023693106127
1701626640.0,False,normal,0.08171515333807254,0.735931043168581,0.03575888421085733
1701626700.0,False,normal,6.11707895197584e-06,0.3074274047225576,8.04569526575754e-06
1701626760.0,False,normal,0.00293445732474384,0.3074274047225576,0.000402093920800088
1701626820.0,False,normal,1.4811838643309589e-05,2.085358062744043e-05,7.917163354368636e-06
1701626880.0,False,normal,0.00041972017068330793,0.3074274047225576,0.0002458584289056858
1701626940.0,False,normal,3.4500895717962866e-05,0.3074274047225576,4.584961803346105e-05
1701627000.0,False,normal,1.7538633703749652e-05,0.3074274047225576,1.8812945931324686e-05
1701627060.0,False,normal,0.0004075504418756729,0.3074274047225576,0.0004129527272540927
1701627120.0,False,normal,8.07485015336092e-06,2.085358062744043e-05,9.50034256274815e-06
1701627180.0,False,normal,1.4645377902673448e-05,0.9999068448295665,2.509983009748272e-05
1701627240.0,False,normal,2.0539061751634592e-05,0.0005077935805808397,1.702150911253563e-05
1701627300.0,False,normal,1.353970864065275e-05,0.3074274047225576,9.358930671570445e-06
1701627360.0,False,normal,1.0434294244629027e-05,0.3074274047225576,1.0139779842370168e-05
1701627420.0,False,normal,1.3876614924992911e-05,0.0008428201326724821,1.6443779387281728e-05
1701627480.0,False,normal,1.842480001450171e-05,0.0005720360578429258,2.779536773593736e-05
1701627540.0,False,normal,1.3318393611926425e-05,0.3074274047225576,1.7514196134969938e-05
1701627600.0,False,normal,9.60757414679826e-06,0.0005077935805808397,1.1168757437479786e-05
1701627660.0,False,normal,0.006392190049738624,0.3074274047225576,0.010433655849593415
1701627720.0,False,normal,0.00718968500291375,2.085358062744043e-05,0.0014341896023267538
1701627780.0,False,normal,1.6890957191282842e-05,0.3074274047225576,2.4099147599000775e-05
1701627840.0,False,normal,0.001172662919121019,0.0005077935805808397,0.0012657250677409154
1701627900.0,False,normal,7.742324510066733e-06,0.3074274047225576,9.836489925101177e-06
1701627960.0,False,normal,2.179044541606601e-05,0.3074274047225576,2.06108048903976e-05
1701628020.0,False,normal,6.836210293357054e-06,2.085358062744043e-05,7.919421647192369e-06
1701628080.0,False,normal,0.0029035133159875273,0.3074274047225576,0.007207244498680858
1701628140.0,False,normal,7.085945201169737e-06,0.3074274047225576,7.3913288055550955e-06
1701628200.0,False,normal,2.862142113506545e-05,0.00027384316976907495,3.73379868603896e-05
1701628260.0,False,normal,1.2210703856757742e-05,0.3074274047225576,1.1892858208046606e-05
1701628320.0,False,normal,6.732559454841968e-06,0.08082067990664282,1.0503060876808093e-05
1701628380.0,False,normal,0.0011718773140980438,0.0005720360578429258,0.11566381515357636
1701628440.0,False,normal,5.806026647056998e-05,0.3074274047225576,8.055306299573231e-05
1701628500.0,False,normal,0.015842849276692418,0.3074274047225576,0.522493885305328
1701628560.0,False,normal,1.8102928042219916e-05,0.3074274047225576,2.3848521484586046e-05
1701628620.0,False,normal,7.257960601377295e-06,2.0884961337810493e-05,8.146369782258395e-06
1701628680.0,False,normal,1.6682911055791058e-05,0.3074274047225576,1.3944426568720783e-05
1701628740.0,False,normal,0.2304745088995182,0.3074274047225576,0.02799876494350968
1701628800.0,False,normal,2.4299458804351355e-05,0.0005077935805808397,1.608530517004856e-05
1701628860.0,False,normal,0.7812242898516611,0.0005077935805808397,0.9212489888727988
1701628920.0,False,normal,0.7086944478814412,2.085358062744043e-05,0.9718699086120616
1701628980.0,False,normal,0.874654105496624,0.3074274047225576,0.3467206592923231
1701629040.0,False,normal,0.0016678765745495477,0.0005077935805808397,0.26529771653307493
1701629100.0,False,normal,1.5637695456930826e-05,0.0005077935805808397,1.397576346592081e-05
1701629160.0,False,normal,7.696616754849427e-06,0.3074274047225576,9.19302211027763e-06
1701629220.0,False,normal,0.20071293514868083,2.085358062744043e-05,0.015584375402053914
1701629280.0,False,normal,9.509480245643324e-06,2.9685406532470374e-05,1.39493711395028e-05
1701629340.0,False,normal,1.2066722763549659e-05,0.3074274047225576,1.1458702463869086e-05
1701629400.0,False,normal,0.0007840964063891511,0.3074274047225576,0.17686575498297596
1701629460.0,False,normal,0.0002976952029577117,0.3074274047225576,0.07675969445774687
1701629520.0,False,normal,9.748468385848386e-06,2.085358062744043e-05,1.2402682601073802e-05
1701629580.0,False,normal,4.57188839258894e-05,0.9999068448295665,4.9286812860325534e-05
1701629640.0,False,normal,0.00033756727397059083,0.3074274047225576,0.00010243057311506583
1701629700.0,False,normal,1.4361147331342029e-05,0.3074274047225576,1.2517242873923735e-05
1701629760.0,False,normal,1.2885907885310905e-05,0.3074274047225576,1.9693066231649477e-05
1701629820.0,False,normal,8.872186795954183e-06,2.0884961337810493e-05,1.0559910953164134e-05
1701629880.0,False,normal,2.6092327265692594e-05,0.3074274047225576,2.1637854295521676e-05
1701629940.0,False,normal,1.773524682560287e-05,0.3074274047225576,2.1671528141832974e-05
1701630000.0,False,normal,3.07211622894885e-05,0.0005077935805808397,5.10552155296604e-05
1701630060.0,False,normal,1.3809779654894496e-05,0.0005077935805808397,1.2861782992564009e-05
1701630120.0,False,normal,0.004679490854719149,2.0884961337810493e-05,0.040871080063727534
1701630180.0,False,normal,1.4452466002793267e-05,2.9685406532470374e-05,1.9573811359376664e-05
1701630240.0,False,normal,1.1975431241229957e-05,0.3074274047225576,6.884257805225817e-06
1701630300.0,False,normal,8.536868777169753e-06,0.3074274047225576,1.0691583107215609e-05
1701630360.0,False,normal,2.6246676001599088e-05,0.3074274047225576,1.535779764330031e-05
1701630420.0,False,normal,1.5153561010893342e-05,2.085358062744043e-05,1.0767432253555347e-05
1701630480.0,False,normal,1.1768143693676081e-05,0.3074274047225576,1.922926674159535e-05
1701630540.0,False,normal,5.5140502480222865e-06,0.3074274047225576,7.481516358274124e-06
1701630600.0,False,normal,0.000254547369106054,0.0005077935805808397,0.04282598381453408
1701630660.0,False,normal,0.00026530187676057046,0.0005077935805808397,0.0006200152586181341
1701630720.0,False,normal,2.5306278898066765e-05,2.0884961337810493e-05,2.2108164550401438e-05
1701630780.0,False,normal,2.943572332318996e-05,0.3074274047225576,2.342395501157656e-05
1701630840.0,False,normal,0.0001543235423234039,0.9999068448295665,0.08901231805349635
1701630900.0,False,normal,8.031090168223387e-06,0.3074274047225576,8.875584242261416e-06
1701630960.0,False,normal,2.2832467494829155e-05,0.3074274047225576,1.9246455909133164e-05
1701631020.0,False,normal,0.00043140500047408686,0.0008428201326724821,0.1685578763517322
1701631080.0,False,normal,0.00018406259855093484,0.0005720360578429258,0.0004009108474228693
1701631140.0,False,normal,3.6406399754753534e-05,0.3074274047225576,2.472745106237559e-05
1701631200.0,False,normal,1.3849268616062411e-05,0.3074274047225576,9.218649914617395e-06
1701631260.0,False,normal,4.597708790530788e-05,0.3074274047225576,4.146444679801985e-05
1701631320.0,False,normal,0.2217432536907951,2.085358062744043e-05,0.00772165798223252
1701631380.0,False,normal,1.8970152964823587e-05,0.0005077935805808397,1.6276454418388346e-05
1701631440.0,False,normal,0.8622680651818753,0.0005077935805808397,0.9847305953256791
1701631500.0,False,normal,2.9887987330661385e-05,0.0005077935805808397,3.19064827559107e-05
1701631560.0,False,normal,0.00041211845252149326,0.735931043168581,0.3629172588851958
1701631620.0,False,normal,0.006163275375585435,2.0884961337810493e-05,0.004270201487396149
1701631680.0,False,normal,2.000527231802098e-05,0.0005077935805808397,2.0408013326352857e-05
1701631740.0,False,normal,1.1767413834659074e-05,0.0005077935805808397,2.4736104111363057e-05
1701631800.0,False,normal,2.553475312761226e-05,0.000520034918226521,6.189496864638835e-05
1701631860.0,False,normal,0.00023529493616896173,0.0005077935805808397,0.0005681391582135699
1701631920.0,False,normal,0.028427823403637635,2.085358062744043e-05,0.09024141044484407
1701631980.0,False,normal,8.68511714442746e-06,0.9866887163524796,1.0268642873094244e-05
1701632040.0,False,normal,6.73493558909864e-06,0.3074274047225576,9.52482570591789e-06
1701632100.0,False,normal,8.560323502994135e-06,0.3074274047225576,8.678781453351971e-06
1701632160.0,False,normal,1.1768143693676081e-05,0.3074274047225576,1.7212443456524947e-05
1701632220.0,False,normal,1.891296900801212e-05,9.101735960146162e-05,3.458069714624066e-05
1701632280.0,False,normal,1.0982138329564175e-05,0.08828989381754124,9.754124003942407e-06
1701632340.0,False,normal,1.2439057581998159e-05,0.09236335426431752,2.367491313956338e-05
1701632400.0,False,normal,1.5442409041747158e-05,0.3074274047225576,1.858457388692684e-05
1701632460.0,False,normal,6.715343424687628e-05,1.2128242125150436e-05,3.9764662680130484e-05
1701632520.0,False,normal,2.0099338086942365e-05,2.085358062744043e-05,1.932369016683318e-05
1701632580.0,False,normal,1.589281170193487e-05,0.735931043168581,2.865634439586928e-05
1701632640.0,False,normal,1.1768143693676081e-05,0.3074274047225576,1.831183426285476e-05
1701632700.0,False,normal,8.05611644699853e-05,0.3074274047225576,6.534456893845538e-05
1701632760.0,False,normal,0.001555201533574399,0.3074274047225576,0.0002812896717324801
1701632820.0,False,normal,7.4279230064896235e-06,0.005629148886888319,6.4309766047661356e-06
1701632880.0,False,normal,2.966934356106224e-05,0.0005077935805808397,2.5930390103151917e-05
1701632940.0,False,normal,1.0923330577723533e-05,0.0005077935805808397,1.1241108280317334e-05
1701633000.0,False,normal,1.7014500110448032e-05,0.3074274047225576,1.932451316627544e-05
1701633060.0,False,normal,1.4957667198690428e-05,0.3074274047225576,1.932455834277073e-05
1701633120.0,False,normal,6.67047583487455e-06,2.0884961337810493e-05,9.555851244369233e-06
1701633180.0,False,normal,7.917968340987945e-06,0.3074274047225576,7.648132861597538e-06
1701633240.0,False,normal,4.092787583296885e-05,0.0014010458852476177,2.9578485358323746e-05
1701633300.0,False,normal,8.033455790547361e-06,0.0005077935805808397,9.98424692641626e-06
1701633360.0,False,normal,2.94206687048668e-05,0.3074274047225576,5.5278917756169985e-05
1701633420.0,False,normal,0.002197509050360751,2.085358062744043e-05,0.04093593934658001
1701633480.0,False,normal,1.7606213264578012e-05,0.3074274047225576,1.3659727471269655e-05
1701633540.0,False,normal,1.249913638426889e-05,0.3074274047225576,2.1859085187587136e-05
1701633600.0,False,normal,2.9867805859258932e-05,0.3074274047225576,2.8877716126013105e-05
1701633660.0,False,normal,7.688126648339107e-06,0.3074274047225576,6.739774690050249e-06
1701633720.0,False,normal,0.00432554581460859,2.085358062744043e-05,0.22173301489254252
1701633780.0,False,normal,2.0921714095320888e-05,0.3074274047225576,2.57615841360326e-05
1701633840.0,False,normal,7.085716697257977e-06,0.9999068448295665,1.8258254345315734e-05
1701633900.0,False,normal,1.532744042871331e-05,0.0005077935805808397,1.7839529299900428e-05
1701633960.0,False,normal,5.263871487081677e-05,0.0005077935805808397,4.190228937200367e-05
1701634020.0,False,normal,3.563957312361527e-05,2.0884961337810493e-05,3.388553696488598e-05
1701634080.0,False,normal,6.117585614281308e-06,0.0005077935805808397,6.3641217895987845e-06
1701634140.0,False,normal,1.1858401908584188e-05,0.0005720360578429258,1.3765568151949027e-05
1701634200.0,False,normal,4.5445585875928565e-05,0.0005077935805808397,2.3402291330953685e-05
1701634260.0,False,normal,3.896564702650207e-05,0.3074274047225576,3.6486245577030705e-05
1701634320.0,False,normal,2.6984720819870404e-05,2.0884961337810493e-05,1.8874500892581995e-05
1701634380.0,False,normal,1.6138465416469328e-05,0.0005077935805808397,1.173835388195224e-05
1701634440.0,False,normal,3.280432622431508e-05,0.0005077935805808397,2.602074853207124e-05
1701634500.0,False,normal,1.2507657263658866e-05,0.0005077935805808397,8.146371077554854e-06
1701634560.0,False,normal,0.03736053277290054,0.0005077935805808397,0.03617320788795571
1701634620.0,False,normal,3.4228583192478696e-05,0.0008428201326724821,1.902816342587753e-05
1701634680.0,False,normal,2.3120622652552306e-05,0.3074274047225576,2.0478862357502552e-05
1701634740.0,False,normal,1.2960921409355888e-05,0.3074274047225576,1.279053294761842e-05
1701634800.0,False,normal,5.719918007577596e-05,0.3074274047225576,5.6713623023795996e-05
1701634860.0,False,normal,0.0013115817387647556,0.3074274047225576,0.026082279739121778
1701634920.0,False,normal,8.930068368995212e-05,2.0884961337810493e-05,4.6420054484225656e-05
1701634980.0,False,normal,9.961694785745794e-05,0.0005077935805808397,0.0001574260604039753
1701635040.0,False,normal,1.6583515384486194e-05,2.9685406532470374e-05,2.2832719071543812e-05
1701635100.0,False,normal,8.395571111811614e-06,0.0005077935805808397,1.0154722685818748e-05
1701635160.0,False,normal,2.0227983949441592e-05,0.0005077935805808397,3.410564224120766e-05
1701635220.0,False,normal,7.407547643132184e-05,2.0884961337810493e-05,1.7259831770840347e-05
1701635280.0,False,normal,7.875583591263824e-05,0.3074274047225576,4.530094606233071e-05
1701635340.0,False,normal,6.251111857986962e-06,0.3074274047225576,6.147687661012148e-06
1701635400.0,False,normal,7.927494374664326e-06,0.000520034918226521,1.0465058360048316e-05
1701635460.0,False,normal,1.6183918181173373e-05,0.0005077935805808397,1.906263821500041e-05
1701635520.0,False,normal,6.762135467020539e-05,0.00025156612963946496,6.423018369460529e-05
1701635580.0,False,normal,6.203276197857844e-05,0.3074274047225576,3.0916283365276495e-05
1701635640.0,False,normal,8.646570995868492e-06,0.3074274047225576,8.916546810793445e-06
1701635700.0,False,normal,8.692420982363741e-06,0.9999068448295665,1.6031394627871985e-05
1701635760.0,False,normal,2.2307961818056418e-05,0.0005077935805808397,2.5375277381783775e-05
1701635820.0,False,normal,0.001774069186931266,2.0884961337810493e-05,0.016434658122636593
1701635880.0,False,normal,3.2231052315974764e-05,0.0005077935805808397,8.365562898655527e-05
1701635940.0,False,normal,6.532513037957111e-05,2.9685406532470374e-05,8.963273809557275e-05
1701636000.0,False,normal,1.3002358249665913e-05,0.735931043168581,3.0149829301279357e-05
1701636060.0,False,normal,1.847641357419392e-05,0.0005077935805808397,1.3809951217613116e-05
1701636120.0,False,normal,1.2013009028139656e-05,2.0884961337810493e-05,1.0578453839139185e-05
1701636180.0,False,normal,0.0009304000715633808,0.3074274047225576,0.002437393950077278
1701636240.0,False,normal,0.006371745741113144,0.3074274047225576,0.0032929808246076535
1701636300.0,False,normal,3.151213821924945e-05,0.0005077935805808397,2.4726985488100555e-05
1701636360.0,False,normal,4.2683998991140846e-05,0.0005077935805808397,3.933203628383654e-05
1701636420.0,False,normal,6.399076835994007e-05,2.0884961337810493e-05,6.202706970163022e-05
1701636480.0,False,normal,0.00017454700798491787,0.735931043168581,0.19829662556167288
1701636540.0,False,normal,1.5125742530502428e-05,0.003024771835545019,2.2198777382554765e-05
1701636600.0,False,normal,0.0010658471975467244,0.3074274047225576,0.20604561549509787
1701636660.0,False,normal,2.679160945477323e-05,0.3074274047225576,2.9013824161363726e-05
1701636720.0,False,normal,0.0015574457417248928,2.085358062744043e-05,0.0015656395962730671
1701636780.0,False,normal,0.0004921519960473044,0.3074274047225576,0.0004697867346553999
1701636840.0,False,normal,2.4296451077780548e-05,0.9998869949070547,2.825677770621253e-05
1701636900.0,False,normal,9.608715761210674e-06,0.0005077935805808397,7.556544697543281e-06
1701636960.0,False,normal,9.952181403220452e-06,0.3074274047225576,1.0606060468354389e-05
1701637020.0,False,normal,0.7381464562685623,2.0884961337810493e-05,0.009610449010283333
1701637080.0,False,normal,2.4614283156752825e-05,9.101735960146162e-05,3.21622961449231e-05
1701637140.0,False,normal,2.799893179072048e-05,0.003374654764222421,2.338308237010426e-05
1701637200.0,False,normal,1.4293744188202456e-05,0.0005077935805808397,1.3005521272561349e-05
1701637260.0,False,normal,1.3622256219251432e-05,0.3074274047225576,1.5729418724434396e-05
1701637320.0,False,normal,1.1322904176359509e-05,2.085358062744043e-05,1.692431118298769e-05
1701637380.0,False,normal,0.8428500663560653,0.0005077935805808397,0.5987348427333145
1701637440.0,False,normal,1.2794346449024108e-05,0.3074274047225576,1.1009005118871677e-05
1701637500.0,False,normal,0.0002016362023376547,0.3074274047225576,0.01836133636857133
1701637560.0,False,normal,8.39088364470675e-06,0.3074274047225576,8.242343463898578e-06
1701637620.0,False,normal,1.8700229564425734e-05,2.085358062744043e-05,7.901735853284938e-06
1701637680.0,False,normal,1.9494184148141607e-05,0.3074274047225576,1.4703548483397902e-05
1701637740.0,False,normal,0.00012371516332873944,2.9685406532470374e-05,0.0007087515815772875
1701637800.0,False,normal,3.3600312031657155e-05,0.0005077935805808397,2.4068177038785247e-05
1701637860.0,False,normal,3.378627596351059e-05,0.0005077935805808397,2.5679823711918887e-05
1701637920.0,False,normal,8.177826362947646e-05,2.0884961337810493e-05,0.012582587947678841
1701637980.0,False,normal,0.00023602421361642884,0.9999068448295665,0.062033149923488504
1701638040.0,False,normal,0.00021222352328605323,0.0005077935805808397,0.018845807823947236
1701638100.0,False,normal,6.721922984104983e-06,0.3074274047225576,8.372189972302865e-06
1701638160.0,False,normal,1.699211542757521e-05,0.3074274047225576,1.662649026465133e-05
1701638220.0,False,normal,2.0743302099591255e-05,0.0008428201326724821,1.5629968806346137e-05
1701638280.0,False,normal,1.9460778681743444e-05,0.3074274047225576,2.5340570238204842e-05
1701638340.0,False,normal,1.2057887631349739e-05,0.3074274047225576,7.329733217183591e-06
1701638400.0,False,normal,2.4228463228901017e-05,0.0005077935805808397,5.4695852023801634e-05
1701638460.0,False,normal,1.0413770593911059e-05,0.0005077935805808397,1.0080732539948776e-05
1701638520.0,False,normal,1.3585993136074977e-05,2.0884961337810493e-05,1.4176377262372497e-05
1701638580.0,False,normal,1.8263454474720398e-05,0.735931043168581,4.0313141252017764e-05
1701638640.0,False,normal,4.9241025197270565e-05,0.0005720360578429258,4.6220979779831094e-05
1701638700.0,False,normal,0.00014993588457667143,0.3074274047225576,0.05338788427319248
1701638760.0,False,normal,3.123172564338375e-05,0.3074274047225576,3.297252624965256e-05
1701638820.0,False,normal,1.1778024098808491e-05,2.085358062744043e-05,8.060865876667152e-06
1701638880.0,False,normal,1.2178664814477406e-05,0.9999068448295665,3.26559628429441e-05
1701638940.0,False,normal,0.0016224272096782154,0.0005077935805808397,0.0007611758273875145
1701639000.0,False,normal,0.03640128844063202,0.9986357594134618,0.7570955718066082
1701639060.0,False,normal,1.3880121168801127e-05,0.01602758178253106,1.3150497502567987e-05
1701639120.0,False,normal,5.0663442970263985e-05,2.0884961337810493e-05,4.01336251430936e-05
1701639180.0,False,normal,0.1734410592115165,0.0005077935805808397,0.7819475131549519
1701639240.0,False,normal,0.00030079042947753714,0.0005077935805808397,0.0004700236704731783
1701639300.0,False,normal,0.00137628922825238,0.0005077935805808397,0.0007286727331334774
1701639360.0,False,normal,2.8295897502633054e-05,0.3074274047225576,3.236474304719869e-05
1701639420.0,False,normal,0.002658406640858687,2.085358062744043e-05,0.007268060388524717
1701639480.0,False,normal,8.70500120036874e-06,0.3074274047225576,1.278263745738637e-05
1701639540.0,False,normal,8.847839627122701e-06,0.0005720360578429258,1.196044032895658e-05
1701639600.0,False,normal,1.2368433724398899e-05,0.3074274047225576,1.2177262950728554e-05
1701639660.0,False,normal,0.1148189106098222,0.3074274047225576,0.03570221994389523
1701639720.0,False,normal,2.2282581628715552e-05,2.085358062744043e-05,2.855265513657561e-05
1701639780.0,False,normal,7.502180351372153e-06,0.3074274047225576,7.038717350863519e-06
1701639840.0,False,normal,1.9275835552464485e-05,0.9999068448295665,4.214347436981014e-05
1701639900.0,False,normal,9.208907035267282e-06,0.0005077935805808397,1.2579461096145131e-05
1701639960.0,False,normal,1.3470305620036343e-05,0.0005077935805808397,1.8229644369358535e-05
1701640020.0,False,normal,0.0003400096182392862,2.0884961337810493e-05,0.0003322003153613263
1701640080.0,False,normal,1.652986840686023e-05,0.0005077935805808397,2.098155157132656e-05
1701640140.0,False,normal,6.734943046593177e-06,0.0005077935805808397,7.632704660471623e-06
1701640200.0,False,normal,7.861534998893819e-06,0.3074274047225576,8.890675072878135e-06
1701640260.0,False,normal,0.00011738545972802765,0.0005077935805808397,1.5756647375298333e-05
1701640320.0,False,normal,8.077558836207503e-05,2.0884961337810493e-05,5.186179243764784e-05
1701640380.0,False,normal,0.0003456510698320469,0.0005077935805808397,0.0002031341811457816
1701640440.0,False,normal,1.531101405253602e-05,2.9685406532470374e-05,2.9053162463934956e-05
1701640500.0,False,normal,6.272300505984955e-06,0.0005077935805808397,6.4311013503842905e-06
1701640560.0,False,normal,7.917993325221763e-06,0.735931043168581,1.9824168516172315e-05
1701640620.0,False,normal,5.26818844733531e-05,2.0884961337810493e-05,0.007090921877815238
1701640680.0,False,normal,0.00037308188889567006,0.3074274047225576,0.21400744090573856
1701640740.0,False,normal,1.4221133299549535e-05,0.3074274047225576,2.2394596255420976e-05
1701640800.0,False,normal,6.968538897223407e-06,0.0005077935805808397,9.436493635342476e-06
1701640860.0,False,normal,1.760119254146639e-05,0.0005077935805808397,2.5200881861030657e-05
1701640920.0,False,normal,1.877805374339542e-05,2.085358062744043e-05,9.755138474450897e-06
1701640980.0,False,normal,3.002357327945145e-05,0.0005077935805808397,6.572555994705256e-05
1701641040.0,False,normal,0.0002479914894273709,0.0005077935805808397,0.027756556358558695
1701641100.0,False,normal,1.2109041157918594e-05,0.0005077935805808397,1.4554450256078258e-05
1701641160.0,False,normal,1.5783293277017805e-05,0.0005077935805808397,1.0848543804131991e-05
1701641220.0,False,normal,5.005389174047445e-05,0.00075903580559275,3.8974284553293705e-05
1701641280.0,False,normal,0.00010266605711313201,0.735931043168581,0.010549144624392222
1701641340.0,False,normal,2.8062755034048677e-05,2.9685406532470374e-05,2.6101040956213603e-05
1701641400.0,False,normal,1.0968040640397168e-05,0.3074274047225576,9.811103922297078e-06
1701641460.0,False,normal,7.906485161966689e-05,0.9999068448295665,0.0014510812552985784
1701641520.0,False,normal,2.0603501054659893e-05,2.0884961337810493e-05,1.776001649581554e-05
1701641580.0,False,normal,1.0638184167794642e-05,0.735931043168581,2.6512236601055398e-05
1701641640.0,False,normal,3.153366334084438e-05,0.0005077935805808397,1.360573125755034e-05
1701641700.0,False,normal,5.0753078998952745e-05,0.3074274047225576,5.683687846906764e-05
1701641760.0,False,normal,2.874397507478571e-05,0.005629148886888319,2.7987471858440133e-05
1701641820.0,False,normal,0.003877579242818923,0.0008428201326724821,0.000232271961990831
1701641880.0,False,normal,0.0009750050379944185,0.3074274047225576,0.0013970074678262138
1701641940.0,False,normal,7.0859247572127045e-06,0.3074274047225576,9.621701748523755e-06
1701642000.0,False,normal,2.1894522982835235e-05,0.0005077935805808397,2.3400917064595554e-05
1701642060.0,False,normal,0.29544530678737063,0.3074274047225576,0.9023792147284636
1701642120.0,False,normal,6.458851238586621e-05,2.0884961337810493e-05,4.979850188193624e-05
1701642180.0,False,normal,1.5087473448255611e-05,0.0005077935805808397,7.5567027404839525e-06
1701642240.0,False,normal,1.4493002873404189e-05,2.9685406532470374e-05,2.8245476219837867e-05
1701642300.0,False,normal,0.001651870103317926,0.3074274047225576,0.0027612261367927307
1701642360.0,False,normal,1.2919662434507618e-05,0.735931043168581,3.3652481570322874e-05
1701642420.0,False,normal,8.322784132728623e-06,2.085358062744043e-05,6.8722526765384225e-06
1701642480.0,False,normal,1.8530795679253747e-05,0.3074274047225576,2.470391780685493e-05
1701642540.0,False,normal,1.753116438080314e-05,0.9999068448295665,2.2469615316550375e-05
1701642600.0,False,normal,6.856940429252876e-05,0.00027384316976907495,8.537901834136784e-05
1701642660.0,False,normal,7.979702452737626e-06,0.3074274047225576,1.0494695080485231e-05
1701642720.0,False,normal,1.8429710399963487e-05,0.00025156612963946496,1.3958068869779397e-05
1701642780.0,False,normal,1.6587932078737884e-05,0.0005077935805808397,2.0343871349222835e-05
1701642840.0,False,normal,8.148398985116549e-06,0.0005077935805808397,9.62197281055235e-06
1701642900.0,False,normal,1.2797401782981347e-05,0.0005077935805808397,9.628864820067703e-06
1701642960.0,False,normal,2.283918508856756e-05,0.0005077935805808397,1.8201403517854378e-05
1701643020.0,False,normal,6.552113242698269e-06,2.0884961337810493e-05,6.249038832845218e-06
1701643080.0,False,normal,1.9532195559622453e-05,0.0005077935805808397,1.6325053362083222e-05
1701643140.0,False,normal,1.3648058949124962e-05,2.9685406532470374e-05,1.437913184885387e-05
1701643200.0,False,normal,3.749527814616008e-05,0.735931043168581,2.518391814172023e-05
1701643260.0,False,normal,1.9829667018921334e-05,0.3074274047225576,1.5146841866546675e-05
1701643320.0,False,normal,3.9035566735873815e-05,2.0884961337810493e-05,3.0476195254408942e-05
1701643380.0,False,normal,0.00013792365682259284,0.735931043168581,2.2316995978320228e-05
1701643440.0,False,normal,7.074300485565766e-05,0.3074274047225576,0.009041360849362927
1701643500.0,False,normal,1.2972163827849358e-05,0.3074274047225576,1.2513120506355691e-05
1701643560.0,False,normal,5.6864834992337036e-05,0.3074274047225576,3.6544628089599497e-05
1701643620.0,False,normal,1.731605125228074e-05,2.0884961337810493e-05,1.2863370344774393e-05
1701643680.0,False,normal,7.875046431485654e-06,0.0005077935805808397,7.530145335336858e-06
1701643740.0,False,normal,1.6979172458912447e-05,0.9999068448295665,1.6738513123117534e-05
1701643800.0,False,normal,3.1816649728007976e-05,0.735931043168581,1.911038309883751e-05
1701643860.0,False,normal,0.0003966540911298767,0.735931043168581,0.07149846112372107
1701643920.0,False,normal,8.410966547629312e-05,2.0884961337810493e-05,2.3126435249847094e-05
1701643980.0,False,normal,2.2616583566910844e-05,0.3074274047225576,3.1783887846362114e-05
1701644040.0,False,normal,1.2425838671824612e-05,2.9685406532470374e-05,8.850273487549686e-06
1701644100.0,False,normal,1.700689367208641e-05,0.0005077935805808397,4.689118521621963e-05
1701644160.0,False,normal,3.198966582397825e-05,0.3074274047225576,2.0317310633799857e-05
1701644220.0,False,normal,2.0325627107592545e-05,2.085358062744043e-05,2.9850405568991084e-05
1701644280.0,False,normal,0.0407038789548572,0.0005077935805808397,0.8771850083292472
1701644340.0,False,normal,0.0005781887924478222,0.0005077935805808397,0.05280889519734414
1701644400.0,False,normal,1.1833837546068014e-05,0.0005077935805808397,1.0801650958694761e-05
1701644460.0,False,normal,0.0005826112545887421,0.3074274047225576,0.000493323199471729
1701644520.0,False,normal,0.09875421376220156,2.0884961337810493e-05,0.7598384195112928
1701644580.0,False,normal,1.1600445479357713e-05,0.735931043168581,2.3259419316598478e-05
1701644640.0,False,normal,0.002900801251918789,0.0005077935805808397,0.41760744301513253
1701644700.0,False,normal,9.606922911148494e-06,0.0005077935805808397,1.2183269953781671e-05
1701644760.0,False,normal,3.202445859850013e-05,0.3074274047225576,2.484506244013176e-05
1701644820.0,False,normal,4.619208573565455e-05,2.0884961337810493e-05,3.9318523292276155e-05
1701644880.0,False,normal,0.019862347596161293,0.9999068448295665,0.035573129191718386
1701644940.0,False,normal,0.33489442376340445,2.9685406532470374e-05,0.1419130120401424
1701645000.0,False,normal,0.006250812529729648,0.3074274047225576,0.0039312094425846475
1701645060.0,False,normal,0.0017707385639588325,0.735931043168581,0.0018314360141909254
1701645120.0,False,normal,0.11210466897895081,2.085358062744043e-05,0.7868359305195782
1701645180.0,False,normal,1.3416608359865637e-05,0.3074274047225576,1.1932036595848348e-05
1701645240.0,False,normal,1.0717488284825144e-05,4.583511108805717e-05,1.97346283661832e-05
1701645300.0,False,normal,3.265451323704633e-05,0.3074274047225576,3.468881682961805e-05
1701645360.0,False,normal,2.51891990919815e-05,0.735931043168581,3.725344411055745e-05
1701645420.0,False,normal,3.0193189883242014e-05,0.0008428201326724821,3.359193969049409e-05
1701645480.0,False,normal,2.2314085491619965e-05,4.366576684214688e-05,3.102767242216681e-05
1701645540.0,False,normal,5.514053371835787e-06,0.3074274047225576,6.329002663940114e-06
1701645600.0,False,normal,1.9829105070442543e-05,0.3074274047225576,2.4044987817437208e-05
1701645660.0,False,normal,6.929858409966631e-05,0.3074274047225576,5.219706267034299e-05
1701645720.0,False,normal,7.077198104179171e-05,2.085358062744043e-05,2.2006188854855422e-05
1701645780.0,False,normal,2.6317580170093027e-05,0.735931043168581,4.1721626419363994e-05
1701645840.0,False,normal,9.245370301206955e-06,0.9999068448295665,2.8560774022701918e-05
1701645900.0,False,normal,6.621593054259935e-06,0.0005077935805808397,7.5918194986836844e-06
1701645960.0,False,normal,5.5739823288260376e-05,0.3074274047225576,3.648842045232403e-05
1701646020.0,False,normal,5.5829934140069134e-05,2.0884961337810493e-05,0.013508636064452644
1701646080.0,False,normal,1.1298087112725588e-05,0.3074274047225576,1.83587100914056e-05
1701646140.0,False,normal,7.757387541909503e-06,0.0005720360578429258,1.0413904926132004e-05
1701646200.0,False,normal,0.00018083951633380215,0.00027384316976907495,0.00021686358190602966
1701646260.0,False,normal,5.5140502480222865e-06,0.735931043168581,1.572232640883947e-05
1701646320.0,False,normal,2.7159659575653994e-05,0.00025156612963946496,1.5122641995437706e-05
1701646380.0,False,normal,6.195074124157882e-05,0.3074274047225576,3.2691426580875335e-05
1701646440.0,False,normal,3.2687664923140474e-05,0.3074274047225576,6.101938980781964e-05
1701646500.0,False,normal,1.3528372700448135e-05,0.735931043168581,1.8970957957240967e-05
1701646560.0,False,normal,6.25471776110777e-05,0.3074274047225576,4.492601045743851e-05
1701646620.0,False,normal,4.01452657650793e-05,2.085358062744043e-05,2.8273956684197504e-05
1701646680.0,False,normal,1.3390323749192428e-05,0.3074274047225576,1.8637825827287808e-05
1701646740.0,False,normal,0.00012943214219294933,0.9999068448295665,0.0498310363532715
1701646800.0,False,normal,2.4712604105662148e-05,0.0005077935805808397,2.4726976577764297e-05
1701646860.0,False,normal,1.24178396357675e-05,0.0005077935805808397,1.3932589606861152e-05
1701646920.0,False,normal,1.344278799134666e-05,2.0884961337810493e-05,1.4830953498164214e-05
1701646980.0,False,normal,1.436866114990912e-05,0.735931043168581,2.4330467293779825e-05
1701647040.0,False,normal,1.657684012658504e-05,0.0005720360578429258,2.434031662465533e-05
1701647100.0,False,normal,1.5886777909302143e-05,0.3074274047225576,2.211907588933106e-05
1701647160.0,False,normal,0.00620917534541767,0.735931043168581,0.588766016442567
1701647220.0,False,normal,3.712900581142809e-05,2.0884961337810493e-05,3.646733567996926e-05
1701647280.0,False,normal,8.06033094190686e-06,0.3074274047225576,7.391329164649072e-06
1701647340.0,False,normal,7.1575256618318426e-06,0.0005077935805808397,8.095240431209e-06
1701647400.0,False,normal,0.0009912116351993411,0.0005077935805808397,0.0012371704492780847
1701647460.0,False,normal,5.855520283978021e-05,0.3074274047225576,3.815715079281268e-05
1701647520.0,False,normal,1.8842269361161848e-05,2.0884961337810493e-05,1.1385749980631284e-05
1701647580.0,False,normal,1.4412957666247073e-05,0.3074274047225576,1.3257443026457574e-05
1701647640.0,False,normal,0.7699485441864498,0.0005077935805808397,0.24735589980593925
1701647700.0,False,normal,0.035121904584262335,0.0005077935805808397,0.049870439254009254
1701647760.0,False,normal,9.901512575214733e-06,0.3074274047225576,8.761523021725828e-06
1701647820.0,False,normal,2.3722672089587303e-05,2.085358062744043e-05,2.1268678461550582e-05
1701647880.0,False,normal,2.7998913015662828e-05,0.3074274047225576,2.1791375696704014e-05
1701647940.0,False,normal,9.639459298169278e-06,0.9998869949070547,1.3108640357384405e-05
