window,rows,new_processes,new_artifacts,new_edges,unique_processes,attack_present,tactic,new_sockets,socket_fan_out,graph_density_proxy,edges_per_minute
28357813,1967,660,0,1307,311,0,normal,0,0,0.003000459136822773,1307.0
28357814,4272,1576,0,2696,777,0,normal,0,0,0.001085444098018501,2696.0
28357815,417,80,0,337,29,0,normal,0,0,0.05265625,337.0
28357816,266,69,0,197,37,0,normal,0,0,0.04137786179374081,197.0
28357817,60,10,0,50,8,0,normal,0,0,0.5,50.0
28357818,91,5,0,86,5,0,normal,0,0,3.44,86.0
28357819,50,8,0,42,6,0,normal,0,0,0.65625,42.0
28357820,31,3,0,28,4,1,initialAccess,0,0,3.111111111111111,28.0
28357821,22,0,0,22,1,0,normal,0,0,22.0,22.0
28357822,36,0,0,36,2,0,normal,0,0,36.0,36.0
28357823,22,0,0,22,1,0,normal,0,0,22.0,22.0
28357824,22,0,0,22,1,0,normal,0,0,22.0,22.0
28357825,39,4,0,35,3,1,collection,0,0,2.1875,35.0
28357826,22,0,0,22,1,0,normal,0,0,22.0,22.0
28357827,33,0,0,33,1,0,normal,0,0,33.0,33.0
28357828,28,2,0,26,2,0,normal,0,0,6.5,26.0
28357829,23,0,0,23,1,0,normal,0,0,23.0,23.0
28357830,32,3,0,29,3,0,normal,0,0,3.2222222222222223,29.0
28357831,22,0,0,22,1,0,normal,0,0,22.0,22.0
28357832,37,2,0,35,2,0,normal,0,0,8.75,35.0
28357833,33,4,0,29,3,0,normal,0,0,1.8125,29.0
28357834,23,0,0,23,1,0,normal,0,0,23.0,23.0
28357835,22,0,0,22,1,0,normal,0,0,22.0,22.0
28357836,22,0,0,22,1,0,normal,0,0,22.0,22.0
28357837,33,0,0,33,1,0,normal,0,0,33.0,33.0
28357838,23,0,0,23,1,0,normal,0,0,23.0,23.0
28357839,23,0,0,23,1,0,normal,0,0,23.0,23.0
28357840,22,0,0,22,1,0,normal,0,0,22.0,22.0
28357841,22,0,0,22,1,0,normal,0,0,22.0,22.0
28357842,33,0,0,33,1,0,normal,0,0,33.0,33.0
28357843,23,0,0,23,1,0,normal,0,0,23.0,23.0
28357844,23,0,0,23,1,0,normal,0,0,23.0,23.0
28357845,22,0,0,22,1,0,normal,0,0,22.0,22.0
28357846,22,0,0,22,1,0,normal,0,0,22.0,22.0
28357847,33,0,0,33,1,0,normal,0,0,33.0,33.0
28357848,33,4,0,29,3,0,normal,0,0,1.8125,29.0
28357849,23,0,0,23,1,0,normal,0,0,23.0,23.0
28357850,22,0,0,22,1,0,normal,0,0,22.0,22.0
28357851,22,0,0,22,1,0,normal,0,0,22.0,22.0
28357852,33,0,0,33,1,0,normal,0,0,33.0,33.0
28357853,23,0,0,23,1,0,normal,0,0,23.0,23.0
28357854,23,0,0,23,1,0,normal,0,0,23.0,23.0
28357855,22,0,0,22,1,0,normal,0,0,22.0,22.0
28357856,22,0,0,22,1,0,normal,0,0,22.0,22.0
28357857,33,0,0,33,1,0,normal,0,0,33.0,33.0
28357858,23,0,0,23,1,0,normal,0,0,23.0,23.0
28357859,32,4,0,28,3,0,normal,0,0,1.75,28.0
28357860,22,0,0,22,1,0,normal,0,0,22.0,22.0
28357861,22,0,0,22,1,0,normal,0,0,22.0,22.0
28357862,33,0,0,33,1,0,normal,0,0,33.0,33.0
28357863,33,4,0,29,3,0,normal,0,0,1.8125,29.0
28357864,23,0,0,23,1,0,normal,0,0,23.0,23.0
28357865,22,0,0,22,1,0,normal,0,0,22.0,22.0
28357866,22,0,0,22,1,0,normal,0,0,22.0,22.0
28357867,33,0,0,33,1,0,normal,0,0,33.0,33.0
28357868,23,0,0,23,1,0,normal,0,0,23.0,23.0
28357869,23,0,0,23,1,0,normal,0,0,23.0,23.0
28357870,22,0,0,22,1,0,normal,0,0,22.0,22.0
28357871,22,0,0,22,1,0,normal,0,0,22.0,22.0
28357872,33,0,0,33,1,0,normal,0,0,33.0,33.0
28357873,23,0,0,23,1,0,normal,0,0,23.0,23.0
28357874,23,0,0,23,1,0,normal,0,0,23.0,23.0
28357875,22,0,0,22,1,0,normal,0,0,22.0,22.0
28357876,23,0,0,23,1,0,normal,0,0,23.0,23.0
28357877,42,3,0,39,3,0,normal,0,0,4.333333333333333,39.0
28357878,33,4,0,29,3,0,normal,0,0,1.8125,29.0
28357879,23,0,0,23,1,0,normal,0,0,23.0,23.0
28357880,22,0,0,22,1,0,normal,0,0,22.0,22.0
28357881,22,0,0,22,1,0,normal,0,0,22.0,22.0
28357882,33,0,0,33,1,0,normal,0,0,33.0,33.0
28357883,21,0,0,21,1,0,normal,0,0,21.0,21.0
28357884,30,4,0,26,3,1,collection,0,0,1.625,26.0
28357885,15,0,0,15,0,0,normal,0,0,15.0,15.0
28357886,21,0,0,21,1,0,normal,0,0,21.0,21.0
28357887,32,0,0,32,1,0,normal,0,0,32.0,32.0
28357888,22,0,0,22,1,0,normal,0,0,22.0,22.0
28357889,23,0,0,23,1,0,normal,0,0,23.0,23.0
28357890,31,3,0,28,3,0,normal,0,0,3.111111111111111,28.0
28357891,21,0,0,21,1,0,normal,0,0,21.0,21.0
28357892,33,0,0,33,1,0,normal,0,0,33.0,33.0
28357893,37,6,0,31,4,0,normal,0,0,0.8611111111111112,31.0
28357894,22,0,0,22,1,0,normal,0,0,22.0,22.0
28357895,22,0,0,22,1,0,normal,0,0,22.0,22.0
28357896,22,0,0,22,1,0,normal,0,0,22.0,22.0
28357897,33,0,0,33,1,0,normal,0,0,33.0,33.0
28357898,21,0,0,21,1,0,normal,0,0,21.0,21.0
28357899,23,0,0,23,1,0,normal,0,0,23.0,23.0
28357900,22,0,0,22,1,0,normal,0,0,22.0,22.0
28357901,21,0,0,21,1,0,normal,0,0,21.0,21.0
28357902,275,91,0,184,45,0,normal,0,0,0.022219538703055187,184.0
28357903,23,0,0,23,1,0,normal,0,0,23.0,23.0
28357904,22,0,0,22,1,0,normal,0,0,22.0,22.0
28357905,22,0,0,22,1,0,normal,0,0,22.0,22.0
28357906,21,0,0,21,1,0,normal,0,0,21.0,21.0
28357907,32,0,0,32,1,0,normal,0,0,32.0,32.0
28357908,33,4,0,29,3,0,normal,0,0,1.8125,29.0
28357909,22,0,0,22,1,0,normal,0,0,22.0,22.0
28357910,21,0,0,21,1,0,normal,0,0,21.0,21.0
28357911,22,0,0,22,1,0,normal,0,0,22.0,22.0
28357912,31,0,0,31,1,0,normal,0,0,31.0,31.0
28357913,22,0,0,22,1,0,normal,0,0,22.0,22.0
28357914,22,0,0,22,1,0,normal,0,0,22.0,22.0
28357915,22,0,0,22,1,0,normal,0,0,22.0,22.0
28357916,22,0,0,22,1,0,normal,0,0,22.0,22.0
28357917,33,0,0,33,1,0,normal,0,0,33.0,33.0
28357918,22,0,0,22,1,0,normal,0,0,22.0,22.0
28357919,22,0,0,22,1,0,normal,0,0,22.0,22.0
28357920,22,0,0,22,1,0,normal,0,0,22.0,22.0
28357921,14,0,0,14,0,0,normal,0,0,14.0,14.0
28357922,33,0,0,33,1,0,normal,0,0,33.0,33.0
28357923,32,4,0,28,3,0,normal,0,0,1.75,28.0
28357924,22,0,0,22,1,0,normal,0,0,22.0,22.0
28357925,22,0,0,22,1,0,normal,0,0,22.0,22.0
28357926,21,0,0,21,1,0,normal,0,0,21.0,21.0
28357927,32,0,0,32,1,0,normal,0,0,32.0,32.0
28357928,23,0,0,23,1,0,normal,0,0,23.0,23.0
28357929,23,0,0,23,1,0,normal,0,0,23.0,23.0
28357930,22,0,0,22,1,0,normal,0,0,22.0,22.0
28357931,22,0,0,22,1,0,normal,0,0,22.0,22.0
28357932,31,0,0,31,1,0,normal,0,0,31.0,31.0
28357933,22,0,0,22,1,0,normal,0,0,22.0,22.0
28357934,22,0,0,22,1,0,normal,0,0,22.0,22.0
28357935,21,0,0,21,1,0,normal,0,0,21.0,21.0
28357936,21,0,0,21,1,0,normal,0,0,21.0,21.0
28357937,42,3,0,39,3,0,normal,0,0,4.333333333333333,39.0
28357938,32,4,0,28,3,0,normal,0,0,1.75,28.0
28357939,21,0,0,21,1,0,normal,0,0,21.0,21.0
28357940,21,0,0,21,1,0,normal,0,0,21.0,21.0
28357941,15,0,0,15,0,0,normal,0,0,15.0,15.0
28357942,33,0,0,33,1,0,normal,0,0,33.0,33.0
28357943,22,0,0,22,1,0,normal,0,0,22.0,22.0
28357944,23,0,0,23,1,0,normal,0,0,23.0,23.0
28357945,22,0,0,22,1,0,normal,0,0,22.0,22.0
28357946,22,0,0,22,1,0,normal,0,0,22.0,22.0
28357947,32,0,0,32,1,0,normal,0,0,32.0,32.0
28357948,22,0,0,22,1,0,normal,0,0,22.0,22.0
28357949,21,0,0,21,1,0,normal,0,0,21.0,21.0
28357950,44,9,0,35,6,1,collection,0,0,0.43209876543209874,35.0
28357951,20,0,0,20,1,0,normal,0,0,20.0,20.0
28357952,32,0,0,32,1,0,normal,0,0,32.0,32.0
28357953,32,4,0,28,3,0,normal,0,0,1.75,28.0
28357954,22,0,0,22,1,0,normal,0,0,22.0,22.0
28357955,22,0,0,22,1,0,normal,0,0,22.0,22.0
28357956,27,0,0,27,1,0,normal,0,0,27.0,27.0
28357957,26,0,0,26,0,0,normal,0,0,26.0,26.0
28357958,22,0,0,22,1,0,normal,0,0,22.0,22.0
28357959,22,0,0,22,1,0,normal,0,0,22.0,22.0
28357960,22,0,0,22,1,0,normal,0,0,22.0,22.0
28357961,22,0,0,22,1,0,normal,0,0,22.0,22.0
28357962,33,0,0,33,1,0,normal,0,0,33.0,33.0
28357963,22,0,0,22,1,0,normal,0,0,22.0,22.0
28357964,22,0,0,22,1,0,normal,0,0,22.0,22.0
28357965,21,0,0,21,1,0,normal,0,0,21.0,21.0
28357966,28,2,0,26,2,0,normal,0,0,6.5,26.0
28357967,32,0,0,32,1,0,normal,0,0,32.0,32.0
28357968,32,4,0,28,3,0,normal,0,0,1.75,28.0
28357969,22,0,0,22,1,0,normal,0,0,22.0,22.0
28357970,21,0,0,21,1,0,normal,0,0,21.0,21.0
28357971,22,0,0,22,1,0,normal,0,0,22.0,22.0
28357972,33,0,0,33,1,0,normal,0,0,33.0,33.0
28357973,33,4,0,29,3,0,normal,0,0,1.8125,29.0
28357974,23,0,0,23,1,0,normal,0,0,23.0,23.0
28357975,22,0,0,22,1,0,normal,0,0,22.0,22.0
28357976,21,0,0,21,1,0,normal,0,0,21.0,21.0
28357977,25,0,0,25,0,0,normal,0,0,25.0,25.0
28357978,23,0,0,23,1,0,normal,0,0,23.0,23.0
28357979,22,0,0,22,1,0,normal,0,0,22.0,22.0
28357980,22,0,0,22,1,0,normal,0,0,22.0,22.0
28357981,21,0,0,21,1,0,normal,0,0,21.0,21.0
28357982,32,0,0,32,1,0,normal,0,0,32.0,32.0
28357983,21,0,0,21,1,0,normal,0,0,21.0,21.0
28357984,21,0,0,21,1,0,normal,0,0,21.0,21.0
28357985,22,0,0,22,1,0,normal,0,0,22.0,22.0
28357986,20,0,0,20,1,0,normal,0,0,20.0,20.0
28357987,33,0,0,33,1,0,normal,0,0,33.0,33.0
28357988,32,4,0,28,3,0,normal,0,0,1.75,28.0
28357989,22,0,0,22,1,0,normal,0,0,22.0,22.0
28357990,21,0,0,21,1,0,normal,0,0,21.0,21.0
28357991,25,1,0,24,3,0,normal,0,0,24.0,24.0
28357992,32,0,0,32,1,0,normal,0,0,32.0,32.0
28357993,21,0,0,21,1,0,normal,0,0,21.0,21.0
28357994,22,0,0,22,1,0,normal,0,0,22.0,22.0
28357995,22,0,0,22,1,0,normal,0,0,22.0,22.0
28357996,14,0,0,14,0,0,normal,0,0,14.0,14.0
28357997,41,3,0,38,3,0,normal,0,0,4.222222222222222,38.0
28357998,21,0,0,21,1,0,normal,0,0,21.0,21.0
28357999,22,0,0,22,1,0,normal,0,0,22.0,22.0
28358000,22,0,0,22,1,0,normal,0,0,22.0,22.0
28358001,21,0,0,21,1,0,normal,0,0,21.0,21.0
28358002,31,0,0,31,1,0,normal,0,0,31.0,31.0
28358003,34,4,0,30,3,0,normal,0,0,1.875,30.0
28358004,22,0,0,22,1,0,normal,0,0,22.0,22.0
28358005,21,0,0,21,1,0,normal,0,0,21.0,21.0
28358006,21,0,0,21,1,0,normal,0,0,21.0,21.0
28358007,32,0,0,32,1,0,normal,0,0,32.0,32.0
28358008,21,0,0,21,1,0,normal,0,0,21.0,21.0
28358009,20,0,0,20,1,0,normal,0,0,20.0,20.0
28358010,32,3,0,29,3,0,normal,0,0,3.2222222222222223,29.0
28358011,21,0,0,21,1,0,normal,0,0,21.0,21.0
28358012,32,0,0,32,1,0,normal,0,0,32.0,32.0
28358013,27,5,0,22,4,1,collection,0,0,0.88,22.0
28358014,27,2,0,25,2,0,normal,0,0,6.25,25.0
28358015,21,0,0,21,1,0,normal,0,0,21.0,21.0
28358016,22,0,0,22,1,0,normal,0,0,22.0,22.0
28358017,32,0,0,32,1,0,normal,0,0,32.0,32.0
28358018,32,4,0,28,3,0,normal,0,0,1.75,28.0
28358019,22,0,0,22,1,0,normal,0,0,22.0,22.0
28358020,23,0,0,23,1,0,normal,0,0,23.0,23.0
28358021,21,0,0,21,1,0,normal,0,0,21.0,21.0
28358022,31,0,0,31,1,0,normal,0,0,31.0,31.0
28358023,22,0,0,22,1,0,normal,0,0,22.0,22.0
28358024,21,0,0,21,1,0,normal,0,0,21.0,21.0
28358025,22,0,0,22,1,0,normal,0,0,22.0,22.0
28358026,21,0,0,21,1,0,normal,0,0,21.0,21.0
28358027,35,0,0,35,1,0,normal,0,0,35.0,35.0
28358028,21,0,0,21,1,0,normal,0,0,21.0,21.0
28358029,22,0,0,22,1,0,normal,0,0,22.0,22.0
28358030,22,0,0,22,1,0,normal,0,0,22.0,22.0
28358031,22,0,0,22,1,0,normal,0,0,22.0,22.0
28358032,32,0,0,32,1,0,normal,0,0,32.0,32.0
28358033,26,4,0,22,2,0,normal,0,0,1.375,22.0
28358034,21,0,0,21,1,0,normal,0,0,21.0,21.0
28358035,22,0,0,22,1,0,normal,0,0,22.0,22.0
28358036,21,0,0,21,1,0,normal,0,0,21.0,21.0
28358037,31,0,0,31,1,0,normal,0,0,31.0,31.0
28358038,22,0,0,22,1,0,normal,0,0,22.0,22.0
28358039,22,0,0,22,1,0,normal,0,0,22.0,22.0
28358040,21,0,0,21,1,0,normal,0,0,21.0,21.0
28358041,22,0,0,22,1,0,normal,0,0,22.0,22.0
28358042,32,0,0,32,1,0,normal,0,0,32.0,32.0
28358043,23,0,0,23,1,0,normal,0,0,23.0,23.0
28358044,22,0,0,22,1,0,normal,0,0,22.0,22.0
28358045,21,0,0,21,1,0,normal,0,0,21.0,21.0
28358046,22,0,0,22,1,0,normal,0,0,22.0,22.0
28358047,33,0,0,33,1,0,normal,0,0,33.0,33.0
28358048,33,4,0,29,3,0,normal,0,0,1.8125,29.0
28358049,23,0,0,23,1,0,normal,0,0,23.0,23.0
28358050,21,0,0,21,1,0,normal,0,0,21.0,21.0
28358051,22,0,0,22,1,0,normal,0,0,22.0,22.0
28358052,31,0,0,31,1,0,normal,0,0,31.0,31.0
28358053,22,0,0,22,1,0,normal,0,0,22.0,22.0
28358054,21,0,0,21,1,0,normal,0,0,21.0,21.0
28358055,16,0,0,16,0,0,normal,0,0,16.0,16.0
28358056,20,0,0,20,1,0,normal,0,0,20.0,20.0
28358057,42,3,0,39,3,0,normal,0,0,4.333333333333333,39.0
28358058,21,0,0,21,1,0,normal,0,0,21.0,21.0
28358059,22,0,0,22,1,0,normal,0,0,22.0,22.0
28358060,22,0,0,22,1,0,normal,0,0,22.0,22.0
28358061,22,0,0,22,1,0,normal,0,0,22.0,22.0
28358062,32,0,0,32,1,0,normal,0,0,32.0,32.0
28358063,33,4,0,29,3,0,normal,0,0,1.8125,29.0
28358064,22,0,0,22,1,0,normal,0,0,22.0,22.0
28358065,22,0,0,22,1,0,normal,0,0,22.0,22.0
28358066,21,0,0,21,1,0,normal,0,0,21.0,21.0
28358067,37,1,0,36,3,0,normal,0,0,36.0,36.0
28358068,21,0,0,21,1,0,normal,0,0,21.0,21.0
28358069,22,0,0,22,1,0,normal,0,0,22.0,22.0
28358070,31,3,0,28,3,0,normal,0,0,3.111111111111111,28.0
28358071,27,2,0,25,2,0,normal,0,0,6.25,25.0
28358072,32,0,0,32,1,0,normal,0,0,32.0,32.0
28358073,22,0,0,22,1,0,normal,0,0,22.0,22.0
28358074,22,0,0,22,1,0,normal,0,0,22.0,22.0
28358075,21,0,0,21,1,0,normal,0,0,21.0,21.0
28358076,21,0,0,21,1,0,normal,0,0,21.0,21.0
28358077,34,0,0,34,1,0,normal,0,0,34.0,34.0
28358078,32,4,0,28,3,0,normal,0,0,1.75,28.0
28358079,14,0,0,14,0,0,normal,0,0,14.0,14.0
28358080,22,0,0,22,1,0,normal,0,0,22.0,22.0
28358081,21,0,0,21,1,0,normal,0,0,21.0,21.0
28358082,33,0,0,33,1,0,normal,0,0,33.0,33.0
28358083,23,0,0,23,1,0,normal,0,0,23.0,23.0
28358084,22,0,0,22,1,0,normal,0,0,22.0,22.0
28358085,34,5,0,29,5,1,collection,0,0,1.16,29.0
28358086,21,0,0,21,1,0,normal,0,0,21.0,21.0
28358087,33,0,0,33,1,0,normal,0,0,33.0,33.0
28358088,21,0,0,21,1,0,normal,0,0,21.0,21.0
28358089,21,0,0,21,1,0,normal,0,0,21.0,21.0
28358090,21,0,0,21,1,0,normal,0,0,21.0,21.0
28358091,38,5,0,33,4,0,normal,0,0,1.32,33.0
28358092,32,0,0,32,1,0,normal,0,0,32.0,32.0
28358093,33,4,0,29,3,0,normal,0,0,1.8125,29.0
28358094,21,0,0,21,1,0,normal,0,0,21.0,21.0
28358095,21,0,0,21,1,0,normal,0,0,21.0,21.0
28358096,21,0,0,21,1,0,normal,0,0,21.0,21.0
28358097,33,0,0,33,1,0,normal,0,0,33.0,33.0
28358098,22,0,0,22,1,0,normal,0,0,22.0,22.0
28358099,22,0,0,22,1,0,normal,0,0,22.0,22.0
28358100,14,0,0,14,0,0,normal,0,0,14.0,14.0
28358101,20,0,0,20,1,0,normal,0,0,20.0,20.0
28358102,33,0,0,33,1,0,normal,0,0,33.0,33.0
28358103,21,0,0,21,1,0,normal,0,0,21.0,21.0
28358104,21,0,0,21,1,0,normal,0,0,21.0,21.0
28358105,22,0,0,22,1,0,normal,0,0,22.0,22.0
28358106,21,0,0,21,1,0,normal,0,0,21.0,21.0
28358107,30,0,0,30,1,0,normal,0,0,30.0,30.0
28358108,33,4,0,29,3,0,normal,0,0,1.8125,29.0
28358109,21,0,0,21,1,0,normal,0,0,21.0,21.0
28358110,21,0,0,21,1,0,normal,0,0,21.0,21.0
28358111,22,0,0,22,1,0,normal,0,0,22.0,22.0
28358112,32,0,0,32,1,0,normal,0,0,32.0,32.0
28358113,21,0,0,21,1,0,normal,0,0,21.0,21.0
28358114,22,0,0,22,1,0,normal,0,0,22.0,22.0
28358115,22,0,0,22,1,0,normal,0,0,22.0,22.0
28358116,21,0,0,21,1,0,normal,0,0,21.0,21.0
28358117,39,3,0,36,3,0,normal,0,0,4.0,36.0
28358118,22,0,0,22,1,0,normal,0,0,22.0,22.0
28358119,15,0,0,15,0,0,normal,0,0,15.0,15.0
28358120,21,0,0,21,1,0,normal,0,0,21.0,21.0
28358121,22,0,0,22,1,0,normal,0,0,22.0,22.0
28358122,32,0,0,32,1,0,normal,0,0,32.0,32.0
28358123,32,4,0,28,3,0,normal,0,0,1.75,28.0
28358124,21,0,0,21,1,0,normal,0,0,21.0,21.0
28358125,21,0,0,21,1,0,normal,0,0,21.0,21.0
28358126,22,0,0,22,1,0,normal,0,0,22.0,22.0
28358127,33,0,0,33,1,0,normal,0,0,33.0,33.0
28358128,21,0,0,21,1,0,normal,0,0,21.0,21.0
28358129,21,0,0,21,1,0,normal,0,0,21.0,21.0
28358130,32,3,0,29,3,0,normal,0,0,3.2222222222222223,29.0
28358131,21,0,0,21,1,0,normal,0,0,21.0,21.0
28358132,32,0,0,32,1,0,normal,0,0,32.0,32.0
28358133,23,0,0,23,1,0,normal,0,0,23.0,23.0
28358134,26,2,0,24,2,0,normal,0,0,6.0,24.0
28358135,22,0,0,22,1,0,normal,0,0,22.0,22.0
28358136,22,0,0,22,1,0,normal,0,0,22.0,22.0
28358137,31,0,0,31,1,0,normal,0,0,31.0,31.0
28358138,26,4,0,22,2,0,normal,0,0,1.375,22.0
28358139,22,0,0,22,1,0,normal,0,0,22.0,22.0
28358140,22,0,0,22,1,0,normal,0,0,22.0,22.0
28358141,23,0,0,23,1,0,normal,0,0,23.0,23.0
28358142,32,0,0,32,1,0,normal,0,0,32.0,32.0
28358143,22,0,0,22,1,0,normal,0,0,22.0,22.0
28358144,21,0,0,21,1,0,normal,0,0,21.0,21.0
28358145,21,0,0,21,1,0,normal,0,0,21.0,21.0
28358146,22,0,0,22,1,0,normal,0,0,22.0,22.0
28358147,32,0,0,32,1,0,normal,0,0,32.0,32.0
28358148,21,0,0,21,1,0,normal,0,0,21.0,21.0
28358149,22,0,0,22,1,0,normal,0,0,22.0,22.0
28358150,22,0,0,22,1,0,normal,0,0,22.0,22.0
28358151,35,5,0,30,5,1,collection,0,0,1.2,30.0
28358152,33,0,0,33,1,0,normal,0,0,33.0,33.0
28358153,31,4,0,27,3,0,normal,0,0,1.6875,27.0
28358154,22,0,0,22,1,0,normal,0,0,22.0,22.0
28358155,21,0,0,21,1,0,normal,0,0,21.0,21.0
28358156,21,0,0,21,1,0,normal,0,0,21.0,21.0
28358157,33,0,0,33,1,0,normal,0,0,33.0,33.0
28358158,14,0,0,14,0,0,normal,0,0,14.0,14.0
28358159,21,0,0,21,1,0,normal,0,0,21.0,21.0
28358160,192,59,0,133,25,0,normal,0,0,0.03820741166331514,133.0
28358161,22,0,0,22,1,0,normal,0,0,22.0,22.0
28358162,32,0,0,32,1,0,normal,0,0,32.0,32.0
28358163,21,0,0,21,1,0,normal,0,0,21.0,21.0
28358164,22,0,0,22,1,0,normal,0,0,22.0,22.0
28358165,20,0,0,20,1,0,normal,0,0,20.0,20.0
28358166,22,0,0,22,1,0,normal,0,0,22.0,22.0
28358167,33,0,0,33,1,0,normal,0,0,33.0,33.0
28358168,32,4,0,28,3,0,normal,0,0,1.75,28.0
28358169,21,0,0,21,1,0,normal,0,0,21.0,21.0
28358170,21,0,0,21,1,0,normal,0,0,21.0,21.0
28358171,21,0,0,21,1,0,normal,0,0,21.0,21.0
28358172,32,0,0,32,1,0,normal,0,0,32.0,32.0
28358173,20,0,0,20,1,0,normal,0,0,20.0,20.0
28358174,22,0,0,22,1,0,normal,0,0,22.0,22.0
28358175,21,0,0,21,1,0,normal,0,0,21.0,21.0
28358176,21,0,0,21,1,0,normal,0,0,21.0,21.0
28358177,41,3,0,38,3,0,normal,0,0,4.222222222222222,38.0
28358178,21,0,0,21,1,0,normal,0,0,21.0,21.0
28358179,14,0,0,14,0,0,normal,0,0,14.0,14.0
28358180,22,0,0,22,1,0,normal,0,0,22.0,22.0
28358181,21,0,0,21,1,0,normal,0,0,21.0,21.0
28358182,31,0,0,31,1,0,normal,0,0,31.0,31.0
28358183,33,4,0,29,3,0,normal,0,0,1.8125,29.0
28358184,21,0,0,21,1,0,normal,0,0,21.0,21.0
28358185,21,0,0,21,1,0,normal,0,0,21.0,21.0
28358186,21,0,0,21,1,0,normal,0,0,21.0,21.0
28358187,32,0,0,32,1,0,normal,0,0,32.0,32.0
28358188,21,0,0,21,1,0,normal,0,0,21.0,21.0
28358189,22,0,0,22,1,0,normal,0,0,22.0,22.0
28358190,21,0,0,21,1,0,normal,0,0,21.0,21.0
28358191,22,0,0,22,1,0,normal,0,0,22.0,22.0
28358192,31,0,0,31,1,0,normal,0,0,31.0,31.0
28358193,21,0,0,21,1,0,normal,0,0,21.0,21.0
28358194,21,0,0,21,1,0,normal,0,0,21.0,21.0
28358195,22,0,0,22,1,0,normal,0,0,22.0,22.0
28358196,14,0,0,14,0,0,normal,0,0,14.0,14.0
28358197,32,0,0,32,1,0,normal,0,0,32.0,32.0
28358198,31,4,0,27,3,0,normal,0,0,1.6875,27.0
28358199,22,0,0,22,1,0,normal,0,0,22.0,22.0
28358200,21,0,0,21,1,0,normal,0,0,21.0,21.0
28358201,21,0,0,21,1,0,normal,0,0,21.0,21.0
28358202,33,0,0,33,1,0,normal,0,0,33.0,33.0
28358203,20,0,0,20,1,0,normal,0,0,20.0,20.0
28358204,39,7,0,32,3,0,normal,0,0,0.6530612244897959,32.0
28358205,19,0,0,19,1,0,normal,0,0,19.0,19.0
28358206,22,0,0,22,1,0,normal,0,0,22.0,22.0
28358207,33,0,0,33,1,0,normal,0,0,33.0,33.0
28358208,21,0,0,21,1,0,normal,0,0,21.0,21.0
28358209,20,0,0,20,1,0,normal,0,0,20.0,20.0
28358210,22,0,0,22,1,0,normal,0,0,22.0,22.0
28358211,21,0,0,21,1,0,normal,0,0,21.0,21.0
28358212,31,0,0,31,1,0,normal,0,0,31.0,31.0
28358213,31,4,0,27,3,0,normal,0,0,1.6875,27.0
28358214,21,0,0,21,1,0,normal,0,0,21.0,21.0
28358215,23,1,0,22,3,0,normal,0,0,22.0,22.0
28358216,15,0,0,15,0,0,normal,0,0,15.0,15.0
28358217,31,0,0,31,1,0,normal,0,0,31.0,31.0
28358218,21,0,0,21,1,0,normal,0,0,21.0,21.0
28358219,22,0,0,22,1,0,normal,0,0,22.0,22.0
28358220,21,0,0,21,1,0,normal,0,0,21.0,21.0
28358221,34,5,0,29,5,1,collection,0,0,1.16,29.0
28358222,32,0,0,32,1,0,normal,0,0,32.0,32.0
28358223,21,0,0,21,1,0,normal,0,0,21.0,21.0
28358224,21,0,0,21,1,0,normal,0,0,21.0,21.0
28358225,21,0,0,21,1,0,normal,0,0,21.0,21.0
28358226,21,0,0,21,1,0,normal,0,0,21.0,21.0
28358227,31,0,0,31,1,0,normal,0,0,31.0,31.0
28358228,32,4,0,28,3,0,normal,0,0,1.75,28.0
28358229,20,0,0,20,1,0,normal,0,0,20.0,20.0
28358230,21,0,0,21,1,0,normal,0,0,21.0,21.0
28358231,15,0,0,15,0,0,normal,0,0,15.0,15.0
28358232,32,0,0,32,1,0,normal,0,0,32.0,32.0
28358233,21,0,0,21,1,0,normal,0,0,21.0,21.0
28358234,21,0,0,21,1,0,normal,0,0,21.0,21.0
28358235,21,0,0,21,1,0,normal,0,0,21.0,21.0
28358236,22,0,0,22,1,0,normal,0,0,22.0,22.0
28358237,41,3,0,38,3,0,normal,0,0,4.222222222222222,38.0
28358238,21,0,0,21,1,0,normal,0,0,21.0,21.0
28358239,21,0,0,21,1,0,normal,0,0,21.0,21.0
28358240,21,0,0,21,1,0,normal,0,0,21.0,21.0
28358241,21,0,0,21,1,0,normal,0,0,21.0,21.0
28358242,32,0,0,32,1,0,normal,0,0,32.0,32.0
28358243,31,4,0,27,3,0,normal,0,0,1.6875,27.0
28358244,22,0,0,22,1,0,normal,0,0,22.0,22.0
28358245,21,0,0,21,1,0,normal,0,0,21.0,21.0
28358246,21,0,0,21,1,0,normal,0,0,21.0,21.0
28358247,32,0,0,32,1,0,normal,0,0,32.0,32.0
28358248,20,0,0,20,1,0,normal,0,0,20.0,20.0
28358249,21,0,0,21,1,0,normal,0,0,21.0,21.0
28358250,14,0,0,14,0,0,normal,0,0,14.0,14.0
28358251,25,1,0,24,3,0,normal,0,0,24.0,24.0
28358252,37,1,0,36,3,0,normal,0,0,36.0,36.0
28358253,21,0,0,21,1,0,normal,0,0,21.0,21.0
28358254,23,0,0,23,1,0,normal,0,0,23.0,23.0
28358255,21,0,0,21,1,0,normal,0,0,21.0,21.0
28358256,21,0,0,21,1,0,normal,0,0,21.0,21.0
28358257,31,0,0,31,1,0,normal,0,0,31.0,31.0
28358258,32,4,0,28,3,0,normal,0,0,1.75,28.0
28358259,31,4,0,27,3,0,normal,0,0,1.6875,27.0
28358260,21,0,0,21,1,0,normal,0,0,21.0,21.0
28358261,20,0,0,20,1,0,normal,0,0,20.0,20.0
28358262,36,1,0,35,3,0,normal,0,0,35.0,35.0
28358263,22,0,0,22,1,0,normal,0,0,22.0,22.0
28358264,14,0,0,14,0,0,normal,0,0,14.0,14.0
28358265,21,0,0,21,1,0,normal,0,0,21.0,21.0
28358266,20,0,0,20,1,0,normal,0,0,20.0,20.0
28358267,31,0,0,31,1,0,normal,0,0,31.0,31.0
28358268,21,0,0,21,1,0,normal,0,0,21.0,21.0
28358269,21,0,0,21,1,0,normal,0,0,21.0,21.0
28358270,21,0,0,21,1,0,normal,0,0,21.0,21.0
28358271,21,0,0,21,1,0,normal,0,0,21.0,21.0
28358272,32,0,0,32,1,0,normal,0,0,32.0,32.0
28358273,32,4,0,28,3,0,normal,0,0,1.75,28.0
28358274,21,0,0,21,1,0,normal,0,0,21.0,21.0
28358275,21,0,0,21,1,0,normal,0,0,21.0,21.0
28358276,20,0,0,20,1,0,normal,0,0,20.0,20.0
28358277,31,0,0,31,1,0,normal,0,0,31.0,31.0
28358278,21,0,0,21,1,0,normal,0,0,21.0,21.0
28358279,21,0,0,21,1,0,normal,0,0,21.0,21.0
28358280,22,0,0,22,1,0,normal,0,0,22.0,22.0
28358281,14,0,0,14,0,0,normal,0,0,14.0,14.0
28358282,36,1,0,35,3,0,normal,0,0,35.0,35.0
28358283,31,4,0,27,3,1,collection,0,0,1.6875,27.0
28358284,22,0,0,22,1,0,normal,0,0,22.0,22.0
28358285,21,0,0,21,1,0,normal,0,0,21.0,21.0
28358286,20,0,0,20,1,0,normal,0,0,20.0,20.0
28358287,32,0,0,32,1,0,normal,0,0,32.0,32.0
28358288,31,4,0,27,3,0,normal,0,0,1.6875,27.0
28358289,21,0,0,21,1,0,normal,0,0,21.0,21.0
28358290,20,0,0,20,1,0,normal,0,0,20.0,20.0
28358291,21,0,0,21,1,0,normal,0,0,21.0,21.0
28358292,36,0,0,36,1,0,normal,0,0,36.0,36.0
28358293,24,1,0,23,3,0,normal,0,0,23.0,23.0
28358294,20,0,0,20,1,0,normal,0,0,20.0,20.0
28358295,14,0,0,14,0,0,normal,0,0,14.0,14.0
28358296,23,1,0,22,3,0,normal,0,0,22.0,22.0
28358297,40,3,0,37,3,0,normal,0,0,4.111111111111111,37.0
28358298,21,0,0,21,1,0,normal,0,0,21.0,21.0
28358299,21,0,0,21,1,0,normal,0,0,21.0,21.0
28358300,20,0,0,20,1,0,normal,0,0,20.0,20.0
28358301,21,0,0,21,1,0,normal,0,0,21.0,21.0
28358302,32,0,0,32,1,0,normal,0,0,32.0,32.0
28358303,31,4,0,27,3,0,normal,0,0,1.6875,27.0
28358304,21,0,0,21,1,0,normal,0,0,21.0,21.0
28358305,20,0,0,20,1,0,normal,0,0,20.0,20.0
28358306,21,0,0,21,1,0,normal,0,0,21.0,21.0
28358307,31,0,0,31,1,0,normal,0,0,31.0,31.0
28358308,21,0,0,21,1,0,normal,0,0,21.0,21.0
28358309,21,0,0,21,1,0,normal,0,0,21.0,21.0
28358310,20,0,0,20,1,0,normal,0,0,20.0,20.0
28358311,14,0,0,14,0,0,normal,0,0,14.0,14.0
28358312,30,0,0,30,1,0,normal,0,0,30.0,30.0
28358313,27,2,0,25,2,0,normal,0,0,6.25,25.0
28358314,21,0,0,21,1,0,normal,0,0,21.0,21.0
28358315,21,0,0,21,1,0,normal,0,0,21.0,21.0
28358316,21,0,0,21,1,0,normal,0,0,21.0,21.0
28358317,31,0,0,31,1,0,normal,0,0,31.0,31.0
28358318,30,4,0,26,3,0,normal,0,0,1.625,26.0
28358319,21,0,0,21,1,0,normal,0,0,21.0,21.0
28358320,21,0,0,21,1,0,normal,0,0,21.0,21.0
28358321,21,0,0,21,1,0,normal,0,0,21.0,21.0
28358322,32,0,0,32,1,0,normal,0,0,32.0,32.0
28358323,21,0,0,21,1,0,normal,0,0,21.0,21.0
28358324,20,0,0,20,1,0,normal,0,0,20.0,20.0
28358325,21,0,0,21,1,0,normal,0,0,21.0,21.0
28358326,21,0,0,21,1,0,normal,0,0,21.0,21.0
28358327,32,0,0,32,1,0,normal,0,0,32.0,32.0
28358328,21,0,0,21,1,0,normal,0,0,21.0,21.0
28358329,20,0,0,20,1,0,normal,0,0,20.0,20.0
28358330,13,0,0,13,0,0,normal,0,0,13.0,13.0
28358331,22,0,0,22,1,0,normal,0,0,22.0,22.0
28358332,30,0,0,30,1,0,normal,0,0,30.0,30.0
28358333,32,4,0,28,3,0,normal,0,0,1.75,28.0
28358334,21,0,0,21,1,0,normal,0,0,21.0,21.0
28358335,20,0,0,20,1,0,normal,0,0,20.0,20.0
28358336,21,0,0,21,1,0,normal,0,0,21.0,21.0
28358337,31,0,0,31,1,0,normal,0,0,31.0,31.0
28358338,22,0,0,22,1,0,normal,0,0,22.0,22.0
28358339,21,0,0,21,1,0,normal,0,0,21.0,21.0
28358340,21,0,0,21,1,0,normal,0,0,21.0,21.0
28358341,21,0,0,21,1,0,normal,0,0,21.0,21.0
28358342,31,0,0,31,1,0,normal,0,0,31.0,31.0
28358343,30,4,0,26,3,1,collection,0,0,1.625,26.0
28358344,21,0,0,21,1,0,normal,0,0,21.0,21.0
28358345,22,0,0,22,1,0,normal,0,0,22.0,22.0
28358346,21,0,0,21,1,0,normal,0,0,21.0,21.0
28358347,33,0,0,33,1,0,normal,0,0,33.0,33.0
28358348,34,5,0,29,5,0,normal,0,0,1.16,29.0
28358349,21,0,0,21,1,0,normal,0,0,21.0,21.0
28358350,24,3,0,21,2,0,normal,0,0,2.3333333333333335,21.0
28358351,20,0,0,20,1,0,normal,0,0,20.0,20.0
28358352,32,0,0,32,1,0,normal,0,0,32.0,32.0
28358353,21,0,0,21,1,0,normal,0,0,21.0,21.0
28358354,21,0,0,21,1,0,normal,0,0,21.0,21.0
28358355,22,0,0,22,1,0,normal,0,0,22.0,22.0
28358356,21,0,0,21,1,0,normal,0,0,21.0,21.0
28358357,41,3,0,38,3,0,normal,0,0,4.222222222222222,38.0
28358358,21,0,0,21,1,0,normal,0,0,21.0,21.0
28358359,21,0,0,21,1,0,normal,0,0,21.0,21.0
28358360,22,1,0,21,3,0,normal,0,0,21.0,21.0
28358361,21,0,0,21,1,0,normal,0,0,21.0,21.0
28358362,31,0,0,31,1,0,normal,0,0,31.0,31.0
28358363,31,4,0,27,3,0,normal,0,0,1.6875,27.0
28358364,22,0,0,22,1,0,normal,0,0,22.0,22.0
28358365,20,0,0,20,1,0,normal,0,0,20.0,20.0
28358366,22,0,0,22,1,0,normal,0,0,22.0,22.0
28358367,31,0,0,31,1,0,normal,0,0,31.0,31.0
28358368,21,0,0,21,1,0,normal,0,0,21.0,21.0
28358369,20,0,0,20,1,0,normal,0,0,20.0,20.0
28358370,13,0,0,13,0,0,normal,0,0,13.0,13.0
28358371,20,0,0,20,1,0,normal,0,0,20.0,20.0
28358372,31,0,0,31,1,0,normal,0,0,31.0,31.0
28358373,205,66,0,139,34,0,normal,0,0,0.031910009182736454,139.0
28358374,30,0,0,30,1,0,normal,0,0,30.0,30.0
28358375,21,0,0,21,1,0,normal,0,0,21.0,21.0
28358376,22,0,0,22,1,0,normal,0,0,22.0,22.0
28358377,31,0,0,31,1,0,normal,0,0,31.0,31.0
28358378,22,0,0,22,1,0,normal,0,0,22.0,22.0
28358379,20,0,0,20,1,0,normal,0,0,20.0,20.0
28358380,21,0,0,21,1,0,normal,0,0,21.0,21.0
28358381,21,0,0,21,1,0,normal,0,0,21.0,21.0
28358382,36,1,0,35,3,0,normal,0,0,35.0,35.0
28358383,21,0,0,21,1,0,normal,0,0,21.0,21.0
28358384,21,0,0,21,1,0,normal,0,0,21.0,21.0
28358385,22,0,0,22,1,0,normal,0,0,22.0,22.0
28358386,13,0,0,13,0,0,normal,0,0,13.0,13.0
28358387,32,0,0,32,1,0,normal,0,0,32.0,32.0
28358388,31,4,0,27,3,0,normal,0,0,1.6875,27.0
28358389,21,0,0,21,1,0,normal,0,0,21.0,21.0
28358390,20,0,0,20,1,0,normal,0,0,20.0,20.0
28358391,25,1,0,24,3,0,normal,0,0,24.0,24.0
28358392,32,0,0,32,1,0,normal,0,0,32.0,32.0
28358393,21,0,0,21,1,0,normal,0,0,21.0,21.0
28358394,20,0,0,20,1,0,normal,0,0,20.0,20.0
28358395,21,0,0,21,1,0,normal,0,0,21.0,21.0
28358396,20,0,0,20,1,0,normal,0,0,20.0,20.0
28358397,31,0,0,31,1,0,normal,0,0,31.0,31.0
28358398,21,0,0,21,1,0,normal,0,0,21.0,21.0
28358399,22,0,0,22,1,0,normal,0,0,22.0,22.0
28358400,20,0,0,20,1,0,normal,0,0,20.0,20.0
28358401,22,0,0,22,1,0,normal,0,0,22.0,22.0
28358402,34,1,0,33,3,0,normal,0,0,33.0,33.0
28358403,32,4,0,28,3,0,normal,0,0,1.75,28.0
28358404,21,0,0,21,1,0,normal,0,0,21.0,21.0
28358405,21,0,0,21,1,0,normal,0,0,21.0,21.0
28358406,15,0,0,15,0,0,normal,0,0,15.0,15.0
28358407,30,0,0,30,1,0,normal,0,0,30.0,30.0
28358408,20,0,0,20,1,0,normal,0,0,20.0,20.0
28358409,21,0,0,21,1,0,normal,0,0,21.0,21.0
28358410,20,0,0,20,1,0,normal,0,0,20.0,20.0
28358411,23,1,0,22,3,0,normal,0,0,22.0,22.0
28358412,31,0,0,31,1,0,normal,0,0,31.0,31.0
28358413,30,4,0,26,3,1,collection,0,0,1.625,26.0
28358414,22,0,0,22,1,0,normal,0,0,22.0,22.0
28358415,23,0,0,23,1,0,normal,0,0,23.0,23.0
28358416,23,0,0,23,1,0,normal,0,0,23.0,23.0
28358417,40,3,0,37,3,0,normal,0,0,4.111111111111111,37.0
28358418,33,4,0,29,3,0,normal,0,0,1.8125,29.0
28358419,21,0,0,21,1,0,normal,0,0,21.0,21.0
28358420,22,0,0,22,1,0,normal,0,0,22.0,22.0
28358421,22,0,0,22,1,0,normal,0,0,22.0,22.0
28358422,32,0,0,32,1,0,normal,0,0,32.0,32.0
28358423,23,0,0,23,1,0,normal,0,0,23.0,23.0
28358424,15,0,0,15,0,0,normal,0,0,15.0,15.0
28358425,22,0,0,22,1,0,normal,0,0,22.0,22.0
28358426,23,0,0,23,1,0,normal,0,0,23.0,23.0
28358427,32,0,0,32,1,0,normal,0,0,32.0,32.0
28358428,23,0,0,23,1,0,normal,0,0,23.0,23.0
28358429,22,0,0,22,1,0,normal,0,0,22.0,22.0
28358430,19,0,0,19,1,0,normal,0,0,19.0,19.0
28358431,20,0,0,20,1,0,normal,0,0,20.0,20.0
28358432,32,0,0,32,1,0,normal,0,0,32.0,32.0
28358433,33,4,0,29,3,0,normal,0,0,1.8125,29.0
28358434,22,0,0,22,1,0,normal,0,0,22.0,22.0
28358435,21,0,0,21,1,0,normal,0,0,21.0,21.0
28358436,21,0,0,21,1,0,normal,0,0,21.0,21.0
28358437,31,0,0,31,1,0,normal,0,0,31.0,31.0
28358438,21,0,0,21,1,0,normal,0,0,21.0,21.0
28358439,33,4,0,29,3,0,normal,0,0,1.8125,29.0
28358440,21,0,0,21,1,0,normal,0,0,21.0,21.0
28358441,22,0,0,22,1,0,normal,0,0,22.0,22.0
28358442,30,0,0,30,1,0,normal,0,0,30.0,30.0
28358443,22,0,0,22,1,0,normal,0,0,22.0,22.0
28358444,21,0,0,21,1,0,normal,0,0,21.0,21.0
28358445,21,0,0,21,1,0,normal,0,0,21.0,21.0
28358446,22,0,0,22,1,0,normal,0,0,22.0,22.0
28358447,31,0,0,31,1,0,normal,0,0,31.0,31.0
28358448,15,0,0,15,0,0,normal,0,0,15.0,15.0
28358449,21,0,0,21,1,0,normal,0,0,21.0,21.0
28358450,22,0,0,22,1,0,normal,0,0,22.0,22.0
28358451,21,0,0,21,1,0,normal,0,0,21.0,21.0
28358452,35,1,0,34,3,0,normal,0,0,34.0,34.0
28358453,21,0,0,21,1,0,normal,0,0,21.0,21.0
28358454,32,4,0,28,3,0,normal,0,0,1.75,28.0
28358455,20,0,0,20,1,0,normal,0,0,20.0,20.0
28358456,20,0,0,20,1,0,normal,0,0,20.0,20.0
28358457,31,0,0,31,1,0,normal,0,0,31.0,31.0
28358458,20,0,0,20,1,0,normal,0,0,20.0,20.0
28358459,21,0,0,21,1,0,normal,0,0,21.0,21.0
28358460,21,0,0,21,1,0,normal,0,0,21.0,21.0
28358461,21,0,0,21,1,0,normal,0,0,21.0,21.0
28358462,31,0,0,31,1,0,normal,0,0,31.0,31.0
28358463,22,0,0,22,1,0,normal,0,0,22.0,22.0
28358464,22,0,0,22,1,0,normal,0,0,22.0,22.0
28358465,13,0,0,13,0,0,normal,0,0,13.0,13.0
28358466,22,0,0,22,1,0,normal,0,0,22.0,22.0
28358467,30,0,0,30,1,0,normal,0,0,30.0,30.0
28358468,21,0,0,21,1,0,normal,0,0,21.0,21.0
28358469,31,4,0,27,3,0,normal,0,0,1.6875,27.0
28358470,21,0,0,21,1,0,normal,0,0,21.0,21.0
28358471,21,0,0,21,1,0,normal,0,0,21.0,21.0
28358472,32,0,0,32,1,0,normal,0,0,32.0,32.0
28358473,22,0,0,22,1,0,normal,0,0,22.0,22.0
28358474,33,5,0,28,5,1,collection,0,0,1.12,28.0
28358475,22,0,0,22,1,0,normal,0,0,22.0,22.0
28358476,21,0,0,21,1,0,normal,0,0,21.0,21.0
28358477,40,3,0,37,3,0,normal,0,0,4.111111111111111,37.0
28358478,20,0,0,20,1,0,normal,0,0,20.0,20.0
28358479,21,0,0,21,1,0,normal,0,0,21.0,21.0
28358480,21,0,0,21,1,0,normal,0,0,21.0,21.0
28358481,21,0,0,21,1,0,normal,0,0,21.0,21.0
28358482,31,0,0,31,1,0,normal,0,0,31.0,31.0
28358483,21,0,0,21,1,0,normal,0,0,21.0,21.0
28358484,33,4,0,29,3,0,normal,0,0,1.8125,29.0
28358485,21,0,0,21,1,0,normal,0,0,21.0,21.0
28358486,21,0,0,21,1,0,normal,0,0,21.0,21.0
28358487,30,0,0,30,1,0,normal,0,0,30.0,30.0
28358488,15,0,0,15,0,0,normal,0,0,15.0,15.0
28358489,21,0,0,21,1,0,normal,0,0,21.0,21.0
28358490,20,0,0,20,1,0,normal,0,0,20.0,20.0
28358491,21,0,0,21,1,0,normal,0,0,21.0,21.0
28358492,31,0,0,31,1,0,normal,0,0,31.0,31.0
28358493,22,0,0,22,1,0,normal,0,0,22.0,22.0
28358494,20,0,0,20,1,0,normal,0,0,20.0,20.0
28358495,22,0,0,22,1,0,normal,0,0,22.0,22.0
28358496,20,0,0,20,1,0,normal,0,0,20.0,20.0
28358497,31,0,0,31,1,0,normal,0,0,31.0,31.0
28358498,22,0,0,22,1,0,normal,0,0,22.0,22.0
28358499,31,4,0,27,3,0,normal,0,0,1.6875,27.0
28358500,22,0,0,22,1,0,normal,0,0,22.0,22.0
28358501,21,0,0,21,1,0,normal,0,0,21.0,21.0
28358502,32,0,0,32,1,0,normal,0,0,32.0,32.0
28358503,23,0,0,23,0,0,normal,0,0,23.0,23.0
28358504,27,0,0,27,1,0,normal,0,0,27.0,27.0
28358505,21,0,0,21,1,0,normal,0,0,21.0,21.0
28358506,21,0,0,21,1,0,normal,0,0,21.0,21.0
28358507,31,0,0,31,1,0,normal,0,0,31.0,31.0
28358508,23,0,0,23,2,0,normal,0,0,23.0,23.0
28358509,23,1,0,22,2,0,normal,0,0,22.0,22.0
28358510,20,0,0,20,1,0,normal,0,0,20.0,20.0
28358511,22,0,0,22,1,0,normal,0,0,22.0,22.0
28358512,30,0,0,30,1,0,normal,0,0,30.0,30.0
28358513,22,0,0,22,1,0,normal,0,0,22.0,22.0
28358514,30,4,0,26,3,0,normal,0,0,1.625,26.0
28358515,21,0,0,21,1,0,normal,0,0,21.0,21.0
28358516,21,0,0,21,1,0,normal,0,0,21.0,21.0
28358517,30,0,0,30,1,0,normal,0,0,30.0,30.0
28358518,22,0,0,22,1,0,normal,0,0,22.0,22.0
28358519,21,0,0,21,1,0,normal,0,0,21.0,21.0
28358520,21,0,0,21,1,0,normal,0,0,21.0,21.0
28358521,14,0,0,14,0,0,normal,0,0,14.0,14.0
28358522,35,1,0,34,3,0,normal,0,0,34.0,34.0
28358523,21,0,0,21,1,0,normal,0,0,21.0,21.0
28358524,20,0,0,20,1,0,normal,0,0,20.0,20.0
28358525,21,0,0,21,1,0,normal,0,0,21.0,21.0
28358526,21,0,0,21,1,0,normal,0,0,21.0,21.0
28358527,31,0,0,31,1,0,normal,0,0,31.0,31.0
28358528,21,0,0,21,1,0,normal,0,0,21.0,21.0
28358529,32,4,0,28,3,0,normal,0,0,1.75,28.0
28358530,34,5,0,29,5,1,collection,0,0,1.16,29.0
28358531,27,2,0,25,4,0,normal,0,0,6.25,25.0
28358532,34,1,0,33,3,0,normal,0,0,33.0,33.0
28358533,17,0,0,17,1,0,normal,0,0,17.0,17.0
28358534,16,1,0,15,2,0,normal,0,0,15.0,15.0
28358535,2408,909,0,1499,454,0,normal,0,0,0.0018141528124209561,1499.0
28358536,20,0,0,20,1,0,normal,0,0,20.0,20.0
28358537,39,3,0,36,3,0,normal,0,0,4.0,36.0
28358538,364,92,0,272,48,0,normal,0,0,0.03213610586011342,272.0
28358539,21,0,0,21,1,0,normal,0,0,21.0,21.0
28358540,20,0,0,20,1,0,normal,0,0,20.0,20.0
28358541,22,0,0,22,1,0,normal,0,0,22.0,22.0
28358542,31,0,0,31,1,0,normal,0,0,31.0,31.0
28358543,20,0,0,20,1,0,normal,0,0,20.0,20.0
28358544,15,0,0,15,0,0,normal,0,0,15.0,15.0
28358545,31,3,0,28,3,0,normal,0,0,3.111111111111111,28.0
28358546,22,0,0,22,1,0,normal,0,0,22.0,22.0
28358547,33,0,0,33,1,0,normal,0,0,33.0,33.0
28358548,22,0,0,22,1,0,normal,0,0,22.0,22.0
28358549,23,0,0,23,1,0,normal,0,0,23.0,23.0
28358550,23,0,0,23,1,0,normal,0,0,23.0,23.0
28358551,22,0,0,22,1,0,normal,0,0,22.0,22.0
28358552,32,0,0,32,1,0,normal,0,0,32.0,32.0
28358553,32,4,0,28,3,0,normal,0,0,1.75,28.0
28358554,23,0,0,23,1,0,normal,0,0,23.0,23.0
28358555,23,0,0,23,1,0,normal,0,0,23.0,23.0
28358556,21,0,0,21,1,0,normal,0,0,21.0,21.0
28358557,32,0,0,32,1,0,normal,0,0,32.0,32.0
28358558,20,0,0,20,1,0,normal,0,0,20.0,20.0
28358559,22,0,0,22,1,0,normal,0,0,22.0,22.0
28358560,20,0,0,20,1,0,normal,0,0,20.0,20.0
28358561,21,0,0,21,1,0,normal,0,0,21.0,21.0
28358562,30,0,0,30,1,0,normal,0,0,30.0,30.0
28358563,22,0,0,22,1,0,normal,0,0,22.0,22.0
28358564,20,0,0,20,1,0,normal,0,0,20.0,20.0
28358565,21,0,0,21,1,0,normal,0,0,21.0,21.0
28358566,20,0,0,20,1,0,normal,0,0,20.0,20.0
28358567,31,0,0,31,1,0,normal,0,0,31.0,31.0
28358568,32,4,0,28,3,0,normal,0,0,1.75,28.0
28358569,15,0,0,15,0,0,normal,0,0,15.0,15.0
28358570,20,0,0,20,1,0,normal,0,0,20.0,20.0
28358571,829,306,0,523,155,0,normal,0,0,0.005585458584305182,523.0
28358572,1330,480,0,850,243,0,normal,0,0,0.003689236111111111,850.0
28358573,21,0,0,21,1,0,normal,0,0,21.0,21.0
28358574,135,22,0,113,11,0,normal,0,0,0.2334710743801653,113.0
28358575,20,0,0,20,1,0,normal,0,0,20.0,20.0
28358576,20,0,0,20,1,0,normal,0,0,20.0,20.0
28358577,31,0,0,31,1,0,normal,0,0,31.0,31.0
28358578,22,0,0,22,1,0,normal,0,0,22.0,22.0
28358579,20,0,0,20,1,0,normal,0,0,20.0,20.0
28358580,22,0,0,22,1,0,normal,0,0,22.0,22.0
28358581,20,0,0,20,1,0,normal,0,0,20.0,20.0
28358582,24,0,0,24,0,0,normal,0,0,24.0,24.0
28358583,40,8,0,32,5,1,collection,0,0,0.5,32.0
28358584,22,0,0,22,1,0,normal,0,0,22.0,22.0
28358585,20,0,0,20,1,0,normal,0,0,20.0,20.0
28358586,22,0,0,22,1,0,normal,0,0,22.0,22.0
28358587,30,0,0,30,1,0,normal,0,0,30.0,30.0
28358588,21,0,0,21,1,0,normal,0,0,21.0,21.0
28358589,21,0,0,21,1,0,normal,0,0,21.0,21.0
28358590,21,0,0,21,1,0,normal,0,0,21.0,21.0
28358591,20,0,0,20,1,0,normal,0,0,20.0,20.0
28358592,32,0,0,32,1,0,normal,0,0,32.0,32.0
28358593,21,0,0,21,1,0,normal,0,0,21.0,21.0
28358594,21,0,0,21,1,0,normal,0,0,21.0,21.0
28358595,20,0,0,20,1,0,normal,0,0,20.0,20.0
28358596,21,0,0,21,1,0,normal,0,0,21.0,21.0
28358597,39,3,0,36,3,0,normal,0,0,4.0,36.0
28358598,34,4,0,30,3,0,normal,0,0,1.875,30.0
28358599,12,0,0,12,0,0,normal,0,0,12.0,12.0
28358600,21,0,0,21,1,0,normal,0,0,21.0,21.0
28358601,20,0,0,20,1,0,normal,0,0,20.0,20.0
28358602,32,0,0,32,1,0,normal,0,0,32.0,32.0
28358603,19,0,0,19,1,0,normal,0,0,19.0,19.0
28358604,22,0,0,22,1,0,normal,0,0,22.0,22.0
28358605,20,0,0,20,1,0,normal,0,0,20.0,20.0
28358606,22,0,0,22,1,0,normal,0,0,22.0,22.0
28358607,30,0,0,30,1,0,normal,0,0,30.0,30.0
28358608,22,0,0,22,1,0,normal,0,0,22.0,22.0
28358609,21,0,0,21,1,0,normal,0,0,21.0,21.0
28358610,29,3,0,26,3,0,normal,0,0,2.888888888888889,26.0
28358611,21,0,0,21,1,0,normal,0,0,21.0,21.0
28358612,36,1,0,35,3,0,normal,0,0,35.0,35.0
28358613,35,6,0,29,4,0,normal,0,0,0.8055555555555556,29.0
28358614,20,0,0,20,1,0,normal,0,0,20.0,20.0
28358615,22,0,0,22,1,0,normal,0,0,22.0,22.0
28358616,13,0,0,13,0,0,normal,0,0,13.0,13.0
28358617,30,0,0,30,1,0,normal,0,0,30.0,30.0
28358618,559,207,0,352,106,0,normal,0,0,0.008214894163224346,352.0
28358619,21,0,0,21,1,0,normal,0,0,21.0,21.0
28358620,25,1,0,24,3,0,normal,0,0,24.0,24.0
28358621,21,0,0,21,1,0,normal,0,0,21.0,21.0
28358622,36,1,0,35,3,0,normal,0,0,35.0,35.0
28358623,20,0,0,20,1,0,normal,0,0,20.0,20.0
28358624,20,0,0,20,1,0,normal,0,0,20.0,20.0
28358625,21,0,0,21,1,0,normal,0,0,21.0,21.0
28358626,20,0,0,20,1,0,normal,0,0,20.0,20.0
28358627,32,0,0,32,1,0,normal,0,0,32.0,32.0
28358628,31,4,0,27,3,0,normal,0,0,1.6875,27.0
28358629,21,0,0,21,1,0,normal,0,0,21.0,21.0
28358630,21,0,0,21,1,0,normal,0,0,21.0,21.0
28358631,21,0,0,21,1,0,normal,0,0,21.0,21.0
28358632,24,0,0,24,0,0,normal,0,0,24.0,24.0
28358633,22,0,0,22,1,0,normal,0,0,22.0,22.0
28358634,29,4,0,25,3,1,collection,0,0,1.5625,25.0
28358635,22,0,0,22,1,0,normal,0,0,22.0,22.0
28358636,21,0,0,21,1,0,normal,0,0,21.0,21.0
28358637,36,1,0,35,3,0,normal,0,0,35.0,35.0
28358638,19,0,0,19,1,0,normal,0,0,19.0,19.0
28358639,22,0,0,22,1,0,normal,0,0,22.0,22.0
28358640,20,0,0,20,1,0,normal,0,0,20.0,20.0
28358641,21,0,0,21,1,0,normal,0,0,21.0,21.0
28358642,30,0,0,30,1,0,normal,0,0,30.0,30.0
28358643,32,4,0,28,3,0,normal,0,0,1.75,28.0
28358644,21,0,0,21,1,0,normal,0,0,21.0,21.0
28358645,22,0,0,22,1,0,normal,0,0,22.0,22.0
28358646,20,0,0,20,1,0,normal,0,0,20.0,20.0
28358647,25,0,0,25,0,0,normal,0,0,25.0,25.0
28358648,21,0,0,21,1,0,normal,0,0,21.0,21.0
28358649,20,0,0,20,1,0,normal,0,0,20.0,20.0
28358650,20,0,0,20,1,0,normal,0,0,20.0,20.0
28358651,20,0,0,20,1,0,normal,0,0,20.0,20.0
28358652,32,0,0,32,1,0,normal,0,0,32.0,32.0
28358653,20,0,0,20,1,0,normal,0,0,20.0,20.0
28358654,21,0,0,21,1,0,normal,0,0,21.0,21.0
28358655,20,0,0,20,1,0,normal,0,0,20.0,20.0
28358656,21,0,0,21,1,0,normal,0,0,21.0,21.0
28358657,40,3,0,37,3,0,normal,0,0,4.111111111111111,37.0
28358658,31,4,0,27,3,0,normal,0,0,1.6875,27.0
28358659,21,0,0,21,1,0,normal,0,0,21.0,21.0
28358660,21,0,0,21,1,0,normal,0,0,21.0,21.0
28358661,30,4,0,26,3,0,normal,0,0,1.625,26.0
28358662,30,0,0,30,1,0,normal,0,0,30.0,30.0
28358663,28,1,0,27,3,0,normal,0,0,27.0,27.0
28358664,25,1,0,24,3,0,normal,0,0,24.0,24.0
28358665,22,0,0,22,1,0,normal,0,0,22.0,22.0
28358666,22,0,0,22,1,0,normal,0,0,22.0,22.0
28358667,34,1,0,33,3,0,normal,0,0,33.0,33.0
28358668,21,0,0,21,1,0,normal,0,0,21.0,21.0
28358669,19,0,0,19,1,0,normal,0,0,19.0,19.0
28358670,24,3,0,21,2,0,normal,0,0,2.3333333333333335,21.0
28358671,20,0,0,20,1,0,normal,0,0,20.0,20.0
28358672,37,1,0,36,3,0,normal,0,0,36.0,36.0
28358673,30,4,0,26,3,0,normal,0,0,1.625,26.0
28358674,215,66,0,149,34,0,normal,0,0,0.03420569329660239,149.0
28358675,26,2,0,24,2,0,normal,0,0,6.0,24.0
28358676,20,0,0,20,1,0,normal,0,0,20.0,20.0
28358677,31,0,0,31,1,0,normal,0,0,31.0,31.0
28358678,32,0,0,32,1,0,normal,0,0,32.0,32.0
28358679,25,0,0,25,1,0,normal,0,0,25.0,25.0
28358680,21,0,0,21,1,0,normal,0,0,21.0,21.0
28358681,20,0,0,20,1,0,normal,0,0,20.0,20.0
28358682,37,1,0,36,3,0,normal,0,0,36.0,36.0
28358683,20,0,0,20,1,0,normal,0,0,20.0,20.0
28358684,21,0,0,21,1,0,normal,0,0,21.0,21.0
28358685,22,0,0,22,1,0,normal,0,0,22.0,22.0
28358686,21,0,0,21,1,0,normal,0,0,21.0,21.0
28358687,30,0,0,30,1,0,normal,0,0,30.0,30.0
28358688,21,0,0,21,1,0,normal,0,0,21.0,21.0
28358689,37,4,0,33,3,0,normal,0,0,2.0625,33.0
28358690,14,0,0,14,0,0,normal,0,0,14.0,14.0
28358691,35,6,0,29,4,1,collection,0,0,0.8055555555555556,29.0
28358692,31,0,0,31,1,0,normal,0,0,31.0,31.0
28358693,21,0,0,21,1,0,normal,0,0,21.0,21.0
28358694,21,0,0,21,1,0,normal,0,0,21.0,21.0
28358695,21,0,0,21,1,0,normal,0,0,21.0,21.0
28358696,22,0,0,22,1,0,normal,0,0,22.0,22.0
28358697,31,0,0,31,1,0,normal,0,0,31.0,31.0
28358698,21,0,0,21,1,0,normal,0,0,21.0,21.0
28358699,21,0,0,21,1,0,normal,0,0,21.0,21.0
28358700,21,0,0,21,1,0,normal,0,0,21.0,21.0
28358701,21,0,0,21,1,0,normal,0,0,21.0,21.0
28358702,32,0,0,32,1,0,normal,0,0,32.0,32.0
28358703,21,0,0,21,1,0,normal,0,0,21.0,21.0
28358704,31,4,0,27,3,0,normal,0,0,1.6875,27.0
28358705,21,0,0,21,1,0,normal,0,0,21.0,21.0
28358706,20,0,0,20,1,0,normal,0,0,20.0,20.0
28358707,30,1,0,29,2,0,normal,0,0,29.0,29.0
28358708,22,0,0,22,1,0,normal,0,0,22.0,22.0
28358709,206,66,0,140,34,0,normal,0,0,0.03213957759412305,140.0
28358710,30,0,0,30,1,0,normal,0,0,30.0,30.0
28358711,20,0,0,20,1,0,normal,0,0,20.0,20.0
28358712,37,1,0,36,3,0,normal,0,0,36.0,36.0
28358713,20,0,0,20,1,0,normal,0,0,20.0,20.0
28358714,21,0,0,21,1,0,normal,0,0,21.0,21.0
28358715,23,0,0,23,1,0,normal,0,0,23.0,23.0
28358716,21,0,0,21,1,0,normal,0,0,21.0,21.0
28358717,39,3,0,36,3,0,normal,0,0,4.0,36.0
28358718,21,0,0,21,1,0,normal,0,0,21.0,21.0
28358719,30,0,0,30,1,0,normal,0,0,30.0,30.0
28358720,21,0,0,21,1,0,normal,0,0,21.0,21.0
28358721,20,0,0,20,1,0,normal,0,0,20.0,20.0
28358722,32,0,0,32,1,0,normal,0,0,32.0,32.0
28358723,13,0,0,13,0,0,normal,0,0,13.0,13.0
28358724,32,4,0,28,3,0,normal,0,0,1.75,28.0
28358725,20,0,0,20,1,0,normal,0,0,20.0,20.0
28358726,22,0,0,22,1,0,normal,0,0,22.0,22.0
28358727,32,0,0,32,1,0,normal,0,0,32.0,32.0
28358728,21,0,0,21,1,0,normal,0,0,21.0,21.0
28358729,20,0,0,20,1,0,normal,0,0,20.0,20.0
28358730,30,3,0,27,3,0,normal,0,0,3.0,27.0
28358731,20,0,0,20,1,0,normal,0,0,20.0,20.0
28358732,37,2,0,35,2,0,normal,0,0,8.75,35.0
28358733,21,0,0,21,1,0,normal,0,0,21.0,21.0
28358734,20,0,0,20,1,0,normal,0,0,20.0,20.0
28358735,19,0,0,19,1,0,normal,0,0,19.0,19.0
28358736,20,0,0,20,1,0,normal,0,0,20.0,20.0
28358737,31,0,0,31,1,0,normal,0,0,31.0,31.0
28358738,20,0,0,20,1,0,normal,0,0,20.0,20.0
28358739,25,4,0,21,2,0,normal,0,0,1.3125,21.0
28358740,21,0,0,21,1,0,normal,0,0,21.0,21.0
28358741,20,0,0,20,1,0,normal,0,0,20.0,20.0
28358742,31,0,0,31,1,0,normal,0,0,31.0,31.0
28358743,35,6,0,29,4,1,collection,0,0,0.8055555555555556,29.0
28358744,20,0,0,20,1,0,normal,0,0,20.0,20.0
28358745,21,0,0,21,1,0,normal,0,0,21.0,21.0
28358746,21,0,0,21,1,0,normal,0,0,21.0,21.0
28358747,31,0,0,31,1,0,normal,0,0,31.0,31.0
28358748,20,0,0,20,1,0,normal,0,0,20.0,20.0
28358749,22,0,0,22,1,0,normal,0,0,22.0,22.0
28358750,21,0,0,21,1,0,normal,0,0,21.0,21.0
28358751,21,0,0,21,1,0,normal,0,0,21.0,21.0
28358752,31,0,0,31,1,0,normal,0,0,31.0,31.0
28358753,20,0,0,20,1,0,normal,0,0,20.0,20.0
28358754,32,4,0,28,3,0,normal,0,0,1.75,28.0
28358755,21,0,0,21,1,0,normal,0,0,21.0,21.0
28358756,15,0,0,15,0,0,normal,0,0,15.0,15.0
28358757,32,0,0,32,1,0,normal,0,0,32.0,32.0
28358758,20,0,0,20,1,0,normal,0,0,20.0,20.0
28358759,21,0,0,21,1,0,normal,0,0,21.0,21.0
28358760,20,0,0,20,1,0,normal,0,0,20.0,20.0
28358761,21,0,0,21,1,0,normal,0,0,21.0,21.0
28358762,31,0,0,31,1,0,normal,0,0,31.0,31.0
28358763,25,1,0,24,3,0,normal,0,0,24.0,24.0
28358764,21,0,0,21,1,0,normal,0,0,21.0,21.0
28358765,21,0,0,21,1,0,normal,0,0,21.0,21.0
28358766,22,0,0,22,1,0,normal,0,0,22.0,22.0
28358767,36,1,0,35,3,0,normal,0,0,35.0,35.0
28358768,21,0,0,21,1,0,normal,0,0,21.0,21.0
28358769,34,4,0,30,3,0,normal,0,0,1.875,30.0
28358770,20,0,0,20,1,0,normal,0,0,20.0,20.0
28358771,22,0,0,22,1,0,normal,0,0,22.0,22.0
28358772,31,0,0,31,1,0,normal,0,0,31.0,31.0
28358773,21,0,0,21,1,0,normal,0,0,21.0,21.0
28358774,20,0,0,20,1,0,normal,0,0,20.0,20.0
28358775,24,0,0,24,2,0,normal,0,0,24.0,24.0
28358776,21,0,0,21,1,0,normal,0,0,21.0,21.0
28358777,40,3,0,37,3,0,normal,0,0,4.111111111111111,37.0
28358778,13,0,0,13,0,0,normal,0,0,13.0,13.0
28358779,21,0,0,21,1,0,normal,0,0,21.0,21.0
28358780,21,0,0,21,1,0,normal,0,0,21.0,21.0
28358781,21,0,0,21,1,0,normal,0,0,21.0,21.0
28358782,31,0,0,31,1,0,normal,0,0,31.0,31.0
28358783,21,0,0,21,1,0,normal,0,0,21.0,21.0
28358784,32,4,0,28,3,0,normal,0,0,1.75,28.0
28358785,21,0,0,21,1,0,normal,0,0,21.0,21.0
28358786,21,0,0,21,1,0,normal,0,0,21.0,21.0
28358787,35,1,0,34,3,0,normal,0,0,34.0,34.0
28358788,21,0,0,21,1,0,normal,0,0,21.0,21.0
28358789,20,0,0,20,1,0,normal,0,0,20.0,20.0
28358790,28,3,0,25,3,0,normal,0,0,2.7777777777777777,25.0
28358791,21,0,0,21,1,0,normal,0,0,21.0,21.0
28358792,32,0,0,32,1,0,normal,0,0,32.0,32.0
28358793,27,2,0,25,2,0,normal,0,0,6.25,25.0
28358794,21,0,0,21,1,0,normal,0,0,21.0,21.0
28358795,21,0,0,21,1,0,normal,0,0,21.0,21.0
28358796,14,0,0,14,0,0,normal,0,0,14.0,14.0
28358797,32,0,0,32,1,0,normal,0,0,32.0,32.0
28358798,20,0,0,20,1,0,normal,0,0,20.0,20.0
28358799,33,4,0,29,3,0,normal,0,0,1.8125,29.0
28358800,20,0,0,20,1,0,normal,0,0,20.0,20.0
28358801,22,0,0,22,1,0,normal,0,0,22.0,22.0
28358802,30,0,0,30,1,0,normal,0,0,30.0,30.0
28358803,37,6,0,31,4,1,collection,0,0,0.8611111111111112,31.0
28358804,21,0,0,21,1,0,normal,0,0,21.0,21.0
28358805,21,0,0,21,1,0,normal,0,0,21.0,21.0
28358806,20,0,0,20,1,0,normal,0,0,20.0,20.0
28358807,31,0,0,31,1,0,normal,0,0,31.0,31.0
28358808,20,0,0,20,1,0,normal,0,0,20.0,20.0
28358809,21,0,0,21,1,0,normal,0,0,21.0,21.0
28358810,21,0,0,21,1,0,normal,0,0,21.0,21.0
28358811,21,0,0,21,1,0,normal,0,0,21.0,21.0
28358812,32,0,0,32,1,0,normal,0,0,32.0,32.0
28358813,20,0,0,20,1,0,normal,0,0,20.0,20.0
28358814,25,4,0,21,2,0,normal,0,0,1.3125,21.0
28358815,21,0,0,21,1,0,normal,0,0,21.0,21.0
28358816,21,0,0,21,1,0,normal,0,0,21.0,21.0
28358817,31,0,0,31,1,0,normal,0,0,31.0,31.0
28358818,21,0,0,21,1,0,normal,0,0,21.0,21.0
28358819,20,0,0,20,1,0,normal,0,0,20.0,20.0
28358820,21,0,0,21,1,0,normal,0,0,21.0,21.0
28358821,20,0,0,20,1,0,normal,0,0,20.0,20.0
28358822,32,0,0,32,1,0,normal,0,0,32.0,32.0
28358823,19,0,0,19,1,0,normal,0,0,19.0,19.0
28358824,20,0,0,20,1,0,normal,0,0,20.0,20.0
28358825,20,0,0,20,1,0,normal,0,0,20.0,20.0
28358826,21,0,0,21,1,0,normal,0,0,21.0,21.0
28358827,32,0,0,32,1,0,normal,0,0,32.0,32.0
28358828,22,0,0,22,1,0,normal,0,0,22.0,22.0
28358829,24,4,0,20,2,0,normal,0,0,1.25,20.0
28358830,21,0,0,21,1,0,normal,0,0,21.0,21.0
28358831,20,0,0,20,1,0,normal,0,0,20.0,20.0
28358832,32,0,0,32,1,0,normal,0,0,32.0,32.0
28358833,20,0,0,20,1,0,normal,0,0,20.0,20.0
28358834,21,0,0,21,1,0,normal,0,0,21.0,21.0
28358835,20,0,0,20,1,0,normal,0,0,20.0,20.0
28358836,21,0,0,21,1,0,normal,0,0,21.0,21.0
28358837,40,3,0,37,3,0,normal,0,0,4.111111111111111,37.0
28358838,22,0,0,22,1,0,normal,0,0,22.0,22.0
28358839,20,0,0,20,1,0,normal,0,0,20.0,20.0
28358840,21,0,0,21,1,0,normal,0,0,21.0,21.0
28358841,21,0,0,21,1,0,normal,0,0,21.0,21.0
28358842,31,0,0,31,1,0,normal,0,0,31.0,31.0
28358843,21,0,0,21,1,0,normal,0,0,21.0,21.0
28358844,31,4,0,27,3,0,normal,0,0,1.6875,27.0
28358845,21,0,0,21,1,0,normal,0,0,21.0,21.0
28358846,21,0,0,21,1,0,normal,0,0,21.0,21.0
28358847,24,0,0,24,0,0,normal,0,0,24.0,24.0
28358848,21,0,0,21,1,0,normal,0,0,21.0,21.0
28358849,22,0,0,22,1,0,normal,0,0,22.0,22.0
28358850,30,3,0,27,3,0,normal,0,0,3.0,27.0
28358851,25,2,0,23,2,0,normal,0,0,5.75,23.0
28358852,32,0,0,32,1,0,normal,0,0,32.0,32.0
28358853,21,0,0,21,1,0,normal,0,0,21.0,21.0
28358854,21,0,0,21,1,0,normal,0,0,21.0,21.0
28358855,21,0,0,21,1,0,normal,0,0,21.0,21.0
28358856,21,0,0,21,1,0,normal,0,0,21.0,21.0
28358857,32,0,0,32,1,0,normal,0,0,32.0,32.0
28358858,21,0,0,21,1,0,normal,0,0,21.0,21.0
28358859,32,4,0,28,3,0,normal,0,0,1.75,28.0
28358860,20,0,0,20,1,0,normal,0,0,20.0,20.0
28358861,21,0,0,21,1,0,normal,0,0,21.0,21.0
28358862,31,0,0,31,1,0,normal,0,0,31.0,31.0
28358863,21,0,0,21,1,0,normal,0,0,21.0,21.0
28358864,21,0,0,21,1,0,normal,0,0,21.0,21.0
28358865,19,0,0,19,1,0,normal,0,0,19.0,19.0
28358866,15,0,0,15,0,0,normal,0,0,15.0,15.0
28358867,32,0,0,32,1,0,normal,0,0,32.0,32.0
28358868,21,0,0,21,1,0,normal,0,0,21.0,21.0
28358869,68,14,0,54,8,1,collection,0,0,0.2755102040816326,54.0
28358870,22,0,0,22,1,0,normal,0,0,22.0,22.0
28358871,23,0,0,23,1,0,normal,0,0,23.0,23.0
28358872,1112,432,0,680,217,0,normal,0,0,0.003643689986282579,680.0
28358873,31,4,0,27,3,0,normal,0,0,1.6875,27.0
28358874,91,28,0,63,15,0,normal,0,0,0.08035714285714286,63.0
28358875,1914,757,0,1157,381,0,normal,0,0,0.0020190245511291357,1157.0
28358876,7054,2813,0,4241,1409,0,normal,0,0,0.0005359555939117163,4241.0
28358877,2736,1081,0,1655,543,0,normal,0,0,0.0014162718078046417,1655.0
28358878,22,0,0,22,1,0,normal,0,0,22.0,22.0
28358879,21,0,0,21,1,0,normal,0,0,21.0,21.0
28358880,21,0,0,21,1,0,normal,0,0,21.0,21.0
28358881,22,0,0,22,1,0,normal,0,0,22.0,22.0
28358882,33,0,0,33,1,0,normal,0,0,33.0,33.0
28358883,22,0,0,22,1,0,normal,0,0,22.0,22.0
28358884,16,0,0,16,0,0,normal,0,0,16.0,16.0
28358885,22,0,0,22,1,0,normal,0,0,22.0,22.0
28358886,23,0,0,23,1,0,normal,0,0,23.0,23.0
28358887,33,0,0,33,1,0,normal,0,0,33.0,33.0
28358888,22,0,0,22,1,0,normal,0,0,22.0,22.0
28358889,33,4,0,29,3,0,normal,0,0,1.8125,29.0
28358890,22,0,0,22,1,0,normal,0,0,22.0,22.0
28358891,23,0,0,23,1,0,normal,0,0,23.0,23.0
28358892,33,0,0,33,1,0,normal,0,0,33.0,33.0
28358893,22,0,0,22,1,0,normal,0,0,22.0,22.0
28358894,23,0,0,23,1,0,normal,0,0,23.0,23.0
28358895,22,0,0,22,1,0,normal,0,0,22.0,22.0
28358896,23,0,0,23,1,0,normal,0,0,23.0,23.0
28358897,42,3,0,39,3,0,normal,0,0,4.333333333333333,39.0
28358898,22,0,0,22,1,0,normal,0,0,22.0,22.0
28358899,22,0,0,22,1,0,normal,0,0,22.0,22.0
28358900,23,0,0,23,1,0,normal,0,0,23.0,23.0
28358901,22,0,0,22,1,0,normal,0,0,22.0,22.0
28358902,26,0,0,26,0,0,normal,0,0,26.0,26.0
28358903,22,0,0,22,1,0,normal,0,0,22.0,22.0
28358904,32,4,0,28,3,0,normal,0,0,1.75,28.0
28358905,22,0,0,22,1,0,normal,0,0,22.0,22.0
28358906,22,0,0,22,1,0,normal,0,0,22.0,22.0
28358907,33,0,0,33,1,0,normal,0,0,33.0,33.0
28358908,22,0,0,22,1,0,normal,0,0,22.0,22.0
28358909,23,0,0,23,1,0,normal,0,0,23.0,23.0
28358910,31,3,0,28,3,0,normal,0,0,3.111111111111111,28.0
28358911,23,0,0,23,1,0,normal,0,0,23.0,23.0
28358912,33,0,0,33,1,0,normal,0,0,33.0,33.0
28358913,22,0,0,22,1,0,normal,0,0,22.0,22.0
28358914,23,0,0,23,1,0,normal,0,0,23.0,23.0
28358915,39,6,0,33,4,0,normal,0,0,0.9166666666666666,33.0
28358916,8112,3232,0,4880,1617,1,collection,0,0,0.00046717233604548573,4880.0
28358917,14238,5682,0,8556,2844,0,normal,0,0,0.00026501369485215545,8556.0
28358918,21,0,0,21,1,0,normal,0,0,21.0,21.0
28358919,22,0,0,22,1,0,normal,0,0,22.0,22.0
28358920,23,0,0,23,1,0,normal,0,0,23.0,23.0
28358921,22,0,0,22,1,0,normal,0,0,22.0,22.0
28358922,26,0,0,26,0,0,normal,0,0,26.0,26.0
28358923,21,0,0,21,1,0,normal,0,0,21.0,21.0
28358924,22,0,0,22,1,0,normal,0,0,22.0,22.0
28358925,22,0,0,22,1,0,normal,0,0,22.0,22.0
28358926,22,0,0,22,1,0,normal,0,0,22.0,22.0
28358927,33,0,0,33,1,0,normal,0,0,33.0,33.0
28358928,23,0,0,23,1,0,normal,0,0,23.0,23.0
28358929,22,0,0,22,1,0,normal,0,0,22.0,22.0
28358930,33,4,0,29,3,0,normal,0,0,1.8125,29.0
28358931,22,0,0,22,1,0,normal,0,0,22.0,22.0
28358932,33,0,0,33,1,0,normal,0,0,33.0,33.0
28358933,22,0,0,22,1,0,normal,0,0,22.0,22.0
28358934,23,0,0,23,1,0,normal,0,0,23.0,23.0
28358935,23,0,0,23,1,0,normal,0,0,23.0,23.0
28358936,22,0,0,22,1,0,normal,0,0,22.0,22.0
28358937,32,0,0,32,1,0,normal,0,0,32.0,32.0
28358938,21,0,0,21,1,0,normal,0,0,21.0,21.0
28358939,22,0,0,22,1,0,normal,0,0,22.0,22.0
28358940,22,0,0,22,1,0,normal,0,0,22.0,22.0
28358941,23,0,0,23,1,0,normal,0,0,23.0,23.0
28358942,33,0,0,33,1,0,normal,0,0,33.0,33.0
28358943,15,0,0,15,0,0,normal,0,0,15.0,15.0
28358944,23,0,0,23,1,0,normal,0,0,23.0,23.0
28358945,33,4,0,29,3,0,normal,0,0,1.8125,29.0
28358946,23,0,0,23,1,0,normal,0,0,23.0,23.0
28358947,33,0,0,33,1,0,normal,0,0,33.0,33.0
28358948,22,0,0,22,1,0,normal,0,0,22.0,22.0
28358949,22,0,0,22,1,0,normal,0,0,22.0,22.0
28358950,27,0,0,27,1,0,normal,0,0,27.0,27.0
28358951,23,0,0,23,1,0,normal,0,0,23.0,23.0
28358952,33,0,0,33,1,0,normal,0,0,33.0,33.0
28358953,22,0,0,22,1,0,normal,0,0,22.0,22.0
28358954,23,0,0,23,1,0,normal,0,0,23.0,23.0
28358955,23,0,0,23,1,0,normal,0,0,23.0,23.0
28358956,22,0,0,22,1,0,normal,0,0,22.0,22.0
28358957,42,3,0,39,3,0,normal,0,0,4.333333333333333,39.0
28358958,22,0,0,22,1,0,normal,0,0,22.0,22.0
28358959,21,0,0,21,1,0,normal,0,0,21.0,21.0
28358960,33,4,0,29,3,0,normal,0,0,1.8125,29.0
28358961,23,0,0,23,1,0,normal,0,0,23.0,23.0
28358962,33,0,0,33,1,0,normal,0,0,33.0,33.0
28358963,22,0,0,22,1,0,normal,0,0,22.0,22.0
28358964,23,0,0,23,1,0,normal,0,0,23.0,23.0
28358965,23,0,0,23,1,0,normal,0,0,23.0,23.0
28358966,22,0,0,22,1,0,normal,0,0,22.0,22.0
28358967,48,6,0,42,4,1,collection,0,0,1.1666666666666667,42.0
28358968,22,0,0,22,1,0,normal,0,0,22.0,22.0
28358969,23,0,0,23,1,0,normal,0,0,23.0,23.0
28358970,32,3,0,29,3,0,normal,0,0,3.2222222222222223,29.0
28358971,23,0,0,23,1,0,normal,0,0,23.0,23.0
28358972,37,2,0,35,2,0,normal,0,0,8.75,35.0
28358973,22,0,0,22,1,0,normal,0,0,22.0,22.0
28358974,23,0,0,23,1,0,normal,0,0,23.0,23.0
28358975,34,4,0,30,3,0,normal,0,0,1.875,30.0
28358976,23,0,0,23,1,0,normal,0,0,23.0,23.0
28358977,33,0,0,33,1,0,normal,0,0,33.0,33.0
28358978,22,0,0,22,1,0,normal,0,0,22.0,22.0
28358979,23,0,0,23,1,0,normal,0,0,23.0,23.0
28358980,23,0,0,23,1,0,normal,0,0,23.0,23.0
28358981,23,0,0,23,1,0,normal,0,0,23.0,23.0
28358982,33,0,0,33,1,0,normal,0,0,33.0,33.0
28358983,32,0,0,32,1,0,normal,0,0,32.0,32.0
28358984,23,0,0,23,1,0,normal,0,0,23.0,23.0
28358985,23,0,0,23,1,0,normal,0,0,23.0,23.0
28358986,23,0,0,23,1,0,normal,0,0,23.0,23.0
28358987,33,0,0,33,1,0,normal,0,0,33.0,33.0
28358988,22,0,0,22,1,0,normal,0,0,22.0,22.0
28358989,23,0,0,23,1,0,normal,0,0,23.0,23.0
28358990,34,4,0,30,3,0,normal,0,0,1.875,30.0
28358991,23,0,0,23,1,0,normal,0,0,23.0,23.0
28358992,33,0,0,33,1,0,normal,0,0,33.0,33.0
28358993,22,0,0,22,1,0,normal,0,0,22.0,22.0
28358994,23,0,0,23,1,0,normal,0,0,23.0,23.0
28358995,23,0,0,23,1,0,normal,0,0,23.0,23.0
28358996,23,0,0,23,1,0,normal,0,0,23.0,23.0
28358997,33,0,0,33,1,0,normal,0,0,33.0,33.0
28358998,349,119,0,230,60,0,normal,0,0,0.01624179083398065,230.0
28358999,22,0,0,22,1,0,normal,0,0,22.0,22.0
28359000,15,0,0,15,0,0,normal,0,0,15.0,15.0
28359001,22,0,0,22,1,0,normal,0,0,22.0,22.0
28359002,33,0,0,33,1,0,normal,0,0,33.0,33.0
28359003,22,0,0,22,1,0,normal,0,0,22.0,22.0
28359004,22,0,0,22,1,0,normal,0,0,22.0,22.0
28359005,33,4,0,29,3,0,normal,0,0,1.8125,29.0
28359006,22,0,0,22,1,0,normal,0,0,22.0,22.0
28359007,33,0,0,33,1,0,normal,0,0,33.0,33.0
28359008,22,0,0,22,1,0,normal,0,0,22.0,22.0
28359009,23,0,0,23,1,0,normal,0,0,23.0,23.0
28359010,23,0,0,23,1,0,normal,0,0,23.0,23.0
28359011,23,0,0,23,1,0,normal,0,0,23.0,23.0
28359012,33,0,0,33,1,0,normal,0,0,33.0,33.0
28359013,22,0,0,22,1,0,normal,0,0,22.0,22.0
28359014,23,0,0,23,1,0,normal,0,0,23.0,23.0
28359015,23,0,0,23,1,0,normal,0,0,23.0,23.0
28359016,23,0,0,23,1,0,normal,0,0,23.0,23.0
28359017,64,10,0,54,5,0,normal,0,0,0.54,54.0
28359018,22,0,0,22,1,0,normal,0,0,22.0,22.0
28359019,21,0,0,21,1,0,normal,0,0,21.0,21.0
28359020,33,4,0,29,3,0,normal,0,0,1.8125,29.0
28359021,23,0,0,23,1,0,normal,0,0,23.0,23.0
28359022,33,0,0,33,1,0,normal,0,0,33.0,33.0
28359023,21,0,0,21,1,0,normal,0,0,21.0,21.0
28359024,16,0,0,16,0,0,normal,0,0,16.0,16.0
28359025,23,0,0,23,1,0,normal,0,0,23.0,23.0
28359026,23,0,0,23,1,0,normal,0,0,23.0,23.0
28359027,33,0,0,33,1,0,normal,0,0,33.0,33.0
28359028,22,0,0,22,1,0,normal,0,0,22.0,22.0
28359029,23,0,0,23,1,0,normal,0,0,23.0,23.0
28359030,32,3,0,29,3,0,normal,0,0,3.2222222222222223,29.0
28359031,23,0,0,23,1,0,normal,0,0,23.0,23.0
28359032,33,0,0,33,1,0,normal,0,0,33.0,33.0
28359033,26,2,0,24,2,0,normal,0,0,6.0,24.0
28359034,23,0,0,23,1,0,normal,0,0,23.0,23.0
28359035,33,4,0,29,3,0,normal,0,0,1.8125,29.0
28359036,37,6,0,31,4,1,collection,0,0,0.8611111111111112,31.0
28359037,33,0,0,33,1,0,normal,0,0,33.0,33.0
28359038,22,0,0,22,1,0,normal,0,0,22.0,22.0
28359039,22,0,0,22,1,0,normal,0,0,22.0,22.0
28359040,22,0,0,22,1,0,normal,0,0,22.0,22.0
28359041,22,0,0,22,1,0,normal,0,0,22.0,22.0
28359042,32,0,0,32,1,0,normal,0,0,32.0,32.0
28359043,21,0,0,21,1,0,normal,0,0,21.0,21.0
28359044,22,0,0,22,1,0,normal,0,0,22.0,22.0
28359045,23,0,0,23,1,0,normal,0,0,23.0,23.0
28359046,23,0,0,23,1,0,normal,0,0,23.0,23.0
28359047,33,0,0,33,1,0,normal,0,0,33.0,33.0
28359048,22,0,0,22,1,0,normal,0,0,22.0,22.0
28359049,15,0,0,15,0,0,normal,0,0,15.0,15.0
28359050,33,4,0,29,3,0,normal,0,0,1.8125,29.0
28359051,22,0,0,22,1,0,normal,0,0,22.0,22.0
28359052,33,0,0,33,1,0,normal,0,0,33.0,33.0
28359053,22,0,0,22,1,0,normal,0,0,22.0,22.0
28359054,23,0,0,23,1,0,normal,0,0,23.0,23.0
28359055,23,0,0,23,1,0,normal,0,0,23.0,23.0
28359056,23,0,0,23,1,0,normal,0,0,23.0,23.0
28359057,33,0,0,33,1,0,normal,0,0,33.0,33.0
28359058,22,0,0,22,1,0,normal,0,0,22.0,22.0
28359059,22,0,0,22,1,0,normal,0,0,22.0,22.0
28359060,22,0,0,22,1,0,normal,0,0,22.0,22.0
28359061,22,0,0,22,1,0,normal,0,0,22.0,22.0
28359062,32,0,0,32,1,0,normal,0,0,32.0,32.0
28359063,21,0,0,21,1,0,normal,0,0,21.0,21.0
28359064,22,0,0,22,1,0,normal,0,0,22.0,22.0
28359065,44,8,0,36,5,0,normal,0,0,0.5625,36.0
28359066,23,0,0,23,1,0,normal,0,0,23.0,23.0
28359067,42,4,0,38,3,0,normal,0,0,2.375,38.0
28359068,15,0,0,15,0,0,normal,0,0,15.0,15.0
28359069,22,0,0,22,1,0,normal,0,0,22.0,22.0
28359070,22,0,0,22,1,0,normal,0,0,22.0,22.0
28359071,22,0,0,22,1,0,normal,0,0,22.0,22.0
28359072,33,0,0,33,1,0,normal,0,0,33.0,33.0
28359073,22,0,0,22,1,0,normal,0,0,22.0,22.0
28359074,22,0,0,22,1,0,normal,0,0,22.0,22.0
28359075,22,0,0,22,1,0,normal,0,0,22.0,22.0
28359076,22,0,0,22,1,0,normal,0,0,22.0,22.0
28359077,41,3,0,38,3,0,normal,0,0,4.222222222222222,38.0
28359078,21,0,0,21,1,0,normal,0,0,21.0,21.0
28359079,22,0,0,22,1,0,normal,0,0,22.0,22.0
28359080,45,8,0,37,5,0,normal,0,0,0.578125,37.0
28359081,23,0,0,23,1,0,normal,0,0,23.0,23.0
28359082,33,0,0,33,1,0,normal,0,0,33.0,33.0
28359083,22,0,0,22,1,0,normal,0,0,22.0,22.0
28359084,16,0,0,16,0,0,normal,0,0,16.0,16.0
28359085,37,6,0,31,4,1,collection,0,0,0.8611111111111112,31.0
28359086,23,0,0,23,1,0,normal,0,0,23.0,23.0
28359087,33,0,0,33,1,0,normal,0,0,33.0,33.0
28359088,22,0,0,22,1,0,normal,0,0,22.0,22.0
28359089,23,0,0,23,1,0,normal,0,0,23.0,23.0
28359090,31,3,0,28,3,0,normal,0,0,3.111111111111111,28.0
28359091,22,0,0,22,1,0,normal,0,0,22.0,22.0
28359092,32,0,0,32,1,0,normal,0,0,32.0,32.0
28359093,21,0,0,21,1,0,normal,0,0,21.0,21.0
28359094,22,0,0,22,1,0,normal,0,0,22.0,22.0
28359095,37,6,0,31,4,0,normal,0,0,0.8611111111111112,31.0
28359096,22,0,0,22,1,0,normal,0,0,22.0,22.0
28359097,32,0,0,32,1,0,normal,0,0,32.0,32.0
28359098,21,0,0,21,1,0,normal,0,0,21.0,21.0
28359099,23,0,0,23,1,0,normal,0,0,23.0,23.0
28359100,16,0,0,16,0,0,normal,0,0,16.0,16.0
28359101,23,0,0,23,1,0,normal,0,0,23.0,23.0
28359102,33,0,0,33,1,0,normal,0,0,33.0,33.0
28359103,22,0,0,22,1,0,normal,0,0,22.0,22.0
28359104,22,0,0,22,1,0,normal,0,0,22.0,22.0
28359105,22,0,0,22,1,0,normal,0,0,22.0,22.0
28359106,22,0,0,22,1,0,normal,0,0,22.0,22.0
28359107,33,0,0,33,1,0,normal,0,0,33.0,33.0
28359108,31,0,0,31,1,0,normal,0,0,31.0,31.0
28359109,27,0,0,27,1,0,normal,0,0,27.0,27.0
28359110,33,4,0,29,3,0,normal,0,0,1.8125,29.0
28359111,22,0,0,22,1,0,normal,0,0,22.0,22.0
28359112,32,0,0,32,1,0,normal,0,0,32.0,32.0
28359113,21,0,0,21,1,0,normal,0,0,21.0,21.0
28359114,22,0,0,22,1,0,normal,0,0,22.0,22.0
28359115,22,0,0,22,1,0,normal,0,0,22.0,22.0
28359116,22,0,0,22,1,0,normal,0,0,22.0,22.0
28359117,32,0,0,32,1,0,normal,0,0,32.0,32.0
28359118,22,0,0,22,1,0,normal,0,0,22.0,22.0
28359119,16,0,0,16,0,0,normal,0,0,16.0,16.0
28359120,23,0,0,23,1,0,normal,0,0,23.0,23.0
28359121,23,0,0,23,1,0,normal,0,0,23.0,23.0
28359122,33,0,0,33,1,0,normal,0,0,33.0,33.0
28359123,22,0,0,22,1,0,normal,0,0,22.0,22.0
28359124,23,0,0,23,1,0,normal,0,0,23.0,23.0
28359125,34,4,0,30,3,0,normal,0,0,1.875,30.0
28359126,23,0,0,23,1,0,normal,0,0,23.0,23.0
28359127,33,0,0,33,1,0,normal,0,0,33.0,33.0
28359128,22,0,0,22,1,0,normal,0,0,22.0,22.0
28359129,23,0,0,23,1,0,normal,0,0,23.0,23.0
28359130,23,0,0,23,1,0,normal,0,0,23.0,23.0
28359131,23,0,0,23,1,0,normal,0,0,23.0,23.0
28359132,33,0,0,33,1,0,normal,0,0,33.0,33.0
28359133,22,0,0,22,1,0,normal,0,0,22.0,22.0
28359134,23,0,0,23,1,0,normal,0,0,23.0,23.0
28359135,23,0,0,23,1,0,normal,0,0,23.0,23.0
28359136,23,0,0,23,1,0,normal,0,0,23.0,23.0
28359137,42,3,0,39,3,0,normal,0,0,4.333333333333333,39.0
28359138,22,0,0,22,1,0,normal,0,0,22.0,22.0
28359139,23,0,0,23,1,0,normal,0,0,23.0,23.0
28359140,33,4,0,29,3,0,normal,0,0,1.8125,29.0
28359141,22,0,0,22,1,0,normal,0,0,22.0,22.0
28359142,33,0,0,33,1,0,normal,0,0,33.0,33.0
28359143,22,0,0,22,1,0,normal,0,0,22.0,22.0
28359144,23,0,0,23,1,0,normal,0,0,23.0,23.0
28359145,23,0,0,23,1,0,normal,0,0,23.0,23.0
28359146,23,0,0,23,1,0,normal,0,0,23.0,23.0
28359147,33,0,0,33,1,0,normal,0,0,33.0,33.0
28359148,22,0,0,22,1,0,normal,0,0,22.0,22.0
28359149,23,0,0,23,1,0,normal,0,0,23.0,23.0
28359150,36,5,0,31,4,0,normal,0,0,1.24,31.0
28359151,22,0,0,22,1,0,normal,0,0,22.0,22.0
28359152,32,0,0,32,1,0,normal,0,0,32.0,32.0
28359153,21,0,0,21,1,0,normal,0,0,21.0,21.0
28359154,22,0,0,22,1,0,normal,0,0,22.0,22.0
28359155,58,14,0,44,8,1,exfiltration,0,0,0.22448979591836735,44.0
28359156,23,0,0,23,1,0,normal,0,0,23.0,23.0
28359157,33,0,0,33,1,0,normal,0,0,33.0,33.0
28359158,15,0,0,15,0,0,normal,0,0,15.0,15.0
28359159,22,0,0,22,1,0,normal,0,0,22.0,22.0
28359160,22,0,0,22,1,0,normal,0,0,22.0,22.0
28359161,22,0,0,22,1,0,normal,0,0,22.0,22.0
28359162,33,0,0,33,1,0,normal,0,0,33.0,33.0
28359163,22,0,0,22,1,0,normal,0,0,22.0,22.0
28359164,23,0,0,23,1,0,normal,0,0,23.0,23.0
28359165,23,0,0,23,1,0,normal,0,0,23.0,23.0
28359166,23,0,0,23,1,0,normal,0,0,23.0,23.0
28359167,33,0,0,33,1,0,normal,0,0,33.0,33.0
28359168,22,0,0,22,1,0,normal,0,0,22.0,22.0
28359169,23,0,0,23,1,0,normal,0,0,23.0,23.0
28359170,33,4,0,29,3,0,normal,0,0,1.8125,29.0
28359171,22,0,0,22,1,0,normal,0,0,22.0,22.0
28359172,32,0,0,32,1,0,normal,0,0,32.0,32.0
28359173,21,0,0,21,1,0,normal,0,0,21.0,21.0
28359174,22,0,0,22,1,0,normal,0,0,22.0,22.0
28359175,22,0,0,22,1,0,normal,0,0,22.0,22.0
28359176,23,0,0,23,1,0,normal,0,0,23.0,23.0
28359177,33,0,0,33,1,0,normal,0,0,33.0,33.0
28359178,15,0,0,15,0,0,normal,0,0,15.0,15.0
28359179,22,0,0,22,1,0,normal,0,0,22.0,22.0
28359180,27,2,0,25,2,0,normal,0,0,6.25,25.0
28359181,22,0,0,22,1,0,normal,0,0,22.0,22.0
28359182,32,0,0,32,1,0,normal,0,0,32.0,32.0
28359183,22,0,0,22,1,0,normal,0,0,22.0,22.0
28359184,22,0,0,22,1,0,normal,0,0,22.0,22.0
28359185,33,4,0,29,3,0,normal,0,0,1.8125,29.0
28359186,23,0,0,23,1,0,normal,0,0,23.0,23.0
28359187,32,0,0,32,1,0,normal,0,0,32.0,32.0
28359188,21,0,0,21,1,0,normal,0,0,21.0,21.0
28359189,22,0,0,22,1,0,normal,0,0,22.0,22.0
28359190,22,0,0,22,1,0,normal,0,0,22.0,22.0
28359191,22,0,0,22,1,0,normal,0,0,22.0,22.0
28359192,32,0,0,32,1,0,normal,0,0,32.0,32.0
28359193,21,0,0,21,1,0,normal,0,0,21.0,21.0
28359194,23,0,0,23,1,0,normal,0,0,23.0,23.0
28359195,15,0,0,15,0,0,normal,0,0,15.0,15.0
28359196,22,0,0,22,1,0,normal,0,0,22.0,22.0
28359197,42,3,0,39,3,0,normal,0,0,4.333333333333333,39.0
28359198,22,0,0,22,1,0,normal,0,0,22.0,22.0
28359199,22,0,0,22,1,0,normal,0,0,22.0,22.0
28359200,32,4,0,28,3,0,normal,0,0,1.75,28.0
28359201,22,0,0,22,1,0,normal,0,0,22.0,22.0
28359202,32,0,0,32,1,0,normal,0,0,32.0,32.0
28359203,22,0,0,22,1,0,normal,0,0,22.0,22.0
28359204,23,0,0,23,1,0,normal,0,0,23.0,23.0
28359205,23,0,0,23,1,0,normal,0,0,23.0,23.0
28359206,23,0,0,23,1,0,normal,0,0,23.0,23.0
28359207,33,0,0,33,1,0,normal,0,0,33.0,33.0
28359208,22,0,0,22,1,0,normal,0,0,22.0,22.0
28359209,23,0,0,23,1,0,normal,0,0,23.0,23.0
28359210,31,3,0,28,3,0,normal,0,0,3.111111111111111,28.0
28359211,227,70,0,157,36,0,normal,0,0,0.032040816326530615,157.0
28359212,33,0,0,33,1,0,normal,0,0,33.0,33.0
28359213,20,2,0,18,1,0,normal,0,0,4.5,18.0
28359214,22,0,0,22,1,0,normal,0,0,22.0,22.0
28359215,23,0,0,23,1,0,normal,0,0,23.0,23.0
28359216,22,0,0,22,1,0,normal,0,0,22.0,22.0
28359217,33,0,0,33,1,0,normal,0,0,33.0,33.0
28359218,23,0,0,23,1,0,normal,0,0,23.0,23.0
28359219,23,0,0,23,1,0,normal,0,0,23.0,23.0
28359220,22,0,0,22,1,0,normal,0,0,22.0,22.0
28359221,22,0,0,22,1,0,normal,0,0,22.0,22.0
28359222,33,0,0,33,1,0,normal,0,0,33.0,33.0
28359223,23,0,0,23,1,0,normal,0,0,23.0,23.0
28359224,22,0,0,22,1,0,normal,0,0,22.0,22.0
28359225,47,10,0,37,6,1,exfiltration,0,0,0.37,37.0
28359226,32,4,0,28,3,0,normal,0,0,1.75,28.0
28359227,33,0,0,33,1,0,normal,0,0,33.0,33.0
28359228,22,0,0,22,1,0,normal,0,0,22.0,22.0
28359229,22,0,0,22,1,0,normal,0,0,22.0,22.0
28359230,22,0,0,22,1,0,normal,0,0,22.0,22.0
28359231,22,0,0,22,1,0,normal,0,0,22.0,22.0
28359232,33,0,0,33,1,0,normal,0,0,33.0,33.0
28359233,23,0,0,23,1,0,normal,0,0,23.0,23.0
28359234,23,0,0,23,1,0,normal,0,0,23.0,23.0
28359235,22,0,0,22,1,0,normal,0,0,22.0,22.0
28359236,22,0,0,22,1,0,normal,0,0,22.0,22.0
28359237,33,0,0,33,1,0,normal,0,0,33.0,33.0
28359238,23,0,0,23,1,0,normal,0,0,23.0,23.0
28359239,23,0,0,23,1,0,normal,0,0,23.0,23.0
28359240,22,0,0,22,1,0,normal,0,0,22.0,22.0
28359241,33,4,0,29,3,0,normal,0,0,1.8125,29.0
28359242,32,0,0,32,1,0,normal,0,0,32.0,32.0
28359243,22,0,0,22,1,0,normal,0,0,22.0,22.0
28359244,22,0,0,22,1,0,normal,0,0,22.0,22.0
28359245,21,0,0,21,1,0,normal,0,0,21.0,21.0
28359246,22,0,0,22,1,0,normal,0,0,22.0,22.0
28359247,31,0,0,31,0,0,normal,0,0,31.0,31.0
28359248,22,0,0,22,1,0,normal,0,0,22.0,22.0
28359249,22,0,0,22,1,0,normal,0,0,22.0,22.0
28359250,22,0,0,22,1,0,normal,0,0,22.0,22.0
28359251,21,0,0,21,1,0,normal,0,0,21.0,21.0
28359252,33,0,0,33,1,0,normal,0,0,33.0,33.0
28359253,22,0,0,22,1,0,normal,0,0,22.0,22.0
28359254,22,0,0,22,1,0,normal,0,0,22.0,22.0
28359255,22,0,0,22,1,0,normal,0,0,22.0,22.0
28359256,33,4,0,29,3,0,normal,0,0,1.8125,29.0
28359257,41,3,0,38,3,0,normal,0,0,4.222222222222222,38.0
28359258,23,0,0,23,1,0,normal,0,0,23.0,23.0
28359259,23,0,0,23,1,0,normal,0,0,23.0,23.0
28359260,22,0,0,22,1,0,normal,0,0,22.0,22.0
28359261,22,0,0,22,1,0,normal,0,0,22.0,22.0
28359262,33,0,0,33,1,0,normal,0,0,33.0,33.0
28359263,21,0,0,21,1,0,normal,0,0,21.0,21.0
28359264,22,0,0,22,1,0,normal,0,0,22.0,22.0
28359265,21,0,0,21,1,0,normal,0,0,21.0,21.0
28359266,22,0,0,22,1,0,normal,0,0,22.0,22.0
28359267,26,0,0,26,0,0,normal,0,0,26.0,26.0
28359268,27,2,0,25,2,0,normal,0,0,6.25,25.0
28359269,22,0,0,22,1,0,normal,0,0,22.0,22.0
28359270,30,3,0,27,3,0,normal,0,0,3.0,27.0
28359271,33,4,0,29,3,0,normal,0,0,1.8125,29.0
28359272,33,0,0,33,1,0,normal,0,0,33.0,33.0
28359273,27,2,0,25,2,0,normal,0,0,6.25,25.0
28359274,23,0,0,23,1,0,normal,0,0,23.0,23.0
28359275,22,0,0,22,1,0,normal,0,0,22.0,22.0
28359276,22,0,0,22,1,0,normal,0,0,22.0,22.0
28359277,33,0,0,33,1,0,normal,0,0,33.0,33.0
28359278,21,0,0,21,1,0,normal,0,0,21.0,21.0
28359279,22,0,0,22,1,0,normal,0,0,22.0,22.0
28359280,21,0,0,21,1,0,normal,0,0,21.0,21.0
28359281,22,0,0,22,1,0,normal,0,0,22.0,22.0
28359282,26,0,0,26,0,0,normal,0,0,26.0,26.0
28359283,32,0,0,32,1,0,normal,0,0,32.0,32.0
28359284,27,0,0,27,1,0,normal,0,0,27.0,27.0
28359285,22,0,0,22,1,0,normal,0,0,22.0,22.0
28359286,33,4,0,29,3,0,normal,0,0,1.8125,29.0
28359287,33,0,0,33,1,0,normal,0,0,33.0,33.0
28359288,22,0,0,22,1,0,normal,0,0,22.0,22.0
28359289,23,0,0,23,1,0,normal,0,0,23.0,23.0
28359290,23,0,0,23,1,0,normal,0,0,23.0,23.0
28359291,22,0,0,22,1,0,normal,0,0,22.0,22.0
28359292,33,0,0,33,1,0,normal,0,0,33.0,33.0
28359293,21,0,0,21,1,0,normal,0,0,21.0,21.0
28359294,22,0,0,22,1,0,normal,0,0,22.0,22.0
28359295,22,0,0,22,1,0,normal,0,0,22.0,22.0
28359296,22,0,0,22,1,0,normal,0,0,22.0,22.0
28359297,26,0,0,26,0,0,normal,0,0,26.0,26.0
28359298,41,8,0,33,5,1,exfiltration,0,0,0.515625,33.0
28359299,22,0,0,22,1,0,normal,0,0,22.0,22.0
28359300,22,0,0,22,1,0,normal,0,0,22.0,22.0
28359301,32,4,0,28,3,0,normal,0,0,1.75,28.0
28359302,32,0,0,32,1,0,normal,0,0,32.0,32.0
28359303,22,0,0,22,1,0,normal,0,0,22.0,22.0
28359304,23,0,0,23,1,0,normal,0,0,23.0,23.0
28359305,23,0,0,23,1,0,normal,0,0,23.0,23.0
28359306,23,0,0,23,1,0,normal,0,0,23.0,23.0
28359307,33,0,0,33,1,0,normal,0,0,33.0,33.0
28359308,23,0,0,23,1,0,normal,0,0,23.0,23.0
28359309,23,0,0,23,1,0,normal,0,0,23.0,23.0
28359310,23,0,0,23,1,0,normal,0,0,23.0,23.0
28359311,23,0,0,23,1,0,normal,0,0,23.0,23.0
28359312,26,0,0,26,0,0,normal,0,0,26.0,26.0
28359313,22,0,0,22,1,0,normal,0,0,22.0,22.0
28359314,22,0,0,22,1,0,normal,0,0,22.0,22.0
28359315,22,0,0,22,1,0,normal,0,0,22.0,22.0
28359316,32,4,0,28,3,0,normal,0,0,1.75,28.0
28359317,41,3,0,38,3,0,normal,0,0,4.222222222222222,38.0
28359318,23,0,0,23,1,0,normal,0,0,23.0,23.0
28359319,23,0,0,23,1,0,normal,0,0,23.0,23.0
28359320,23,0,0,23,1,0,normal,0,0,23.0,23.0
28359321,22,0,0,22,1,0,normal,0,0,22.0,22.0
28359322,32,0,0,32,1,0,normal,0,0,32.0,32.0
28359323,22,0,0,22,1,0,normal,0,0,22.0,22.0
28359324,22,0,0,22,1,0,normal,0,0,22.0,22.0
28359325,23,0,0,23,1,0,normal,0,0,23.0,23.0
28359326,23,0,0,23,1,0,normal,0,0,23.0,23.0
28359327,33,0,0,33,1,0,normal,0,0,33.0,33.0
28359328,23,0,0,23,1,0,normal,0,0,23.0,23.0
28359329,23,0,0,23,1,0,normal,0,0,23.0,23.0
28359330,30,3,0,27,3,0,normal,0,0,3.0,27.0
28359331,33,4,0,29,3,0,normal,0,0,1.8125,29.0
28359332,32,0,0,32,1,0,normal,0,0,32.0,32.0
28359333,26,2,0,24,2,0,normal,0,0,6.0,24.0
28359334,23,0,0,23,1,0,normal,0,0,23.0,23.0
28359335,15,0,0,15,0,0,normal,0,0,15.0,15.0
28359336,23,0,0,23,1,0,normal,0,0,23.0,23.0
28359337,33,0,0,33,1,0,normal,0,0,33.0,33.0
28359338,23,0,0,23,1,0,normal,0,0,23.0,23.0
28359339,23,0,0,23,1,0,normal,0,0,23.0,23.0
28359340,23,0,0,23,1,0,normal,0,0,23.0,23.0
28359341,23,0,0,23,1,0,normal,0,0,23.0,23.0
28359342,33,0,0,33,1,0,normal,0,0,33.0,33.0
28359343,23,0,0,23,1,0,normal,0,0,23.0,23.0
28359344,23,0,0,23,1,0,normal,0,0,23.0,23.0
28359345,22,0,0,22,1,0,normal,0,0,22.0,22.0
28359346,32,4,0,28,3,0,normal,0,0,1.75,28.0
28359347,48,6,0,42,4,1,CandC,0,0,1.1666666666666667,42.0
28359348,22,0,0,22,1,0,normal,0,0,22.0,22.0
28359349,22,0,0,22,1,0,normal,0,0,22.0,22.0
28359350,23,0,0,23,1,0,normal,0,0,23.0,23.0
28359351,21,0,0,21,1,0,normal,0,0,21.0,21.0
28359352,32,0,0,32,1,0,normal,0,0,32.0,32.0
28359353,22,0,0,22,1,0,normal,0,0,22.0,22.0
28359354,22,0,0,22,1,0,normal,0,0,22.0,22.0
28359355,22,0,0,22,1,0,normal,0,0,22.0,22.0
28359356,22,0,0,22,1,0,normal,0,0,22.0,22.0
28359357,33,0,0,33,1,0,normal,0,0,33.0,33.0
28359358,23,0,0,23,1,0,normal,0,0,23.0,23.0
28359359,23,0,0,23,1,0,normal,0,0,23.0,23.0
28359360,15,0,0,15,0,0,normal,0,0,15.0,15.0
28359361,33,4,0,29,3,0,normal,0,0,1.8125,29.0
28359362,33,0,0,33,1,0,normal,0,0,33.0,33.0
28359363,23,0,0,23,1,0,normal,0,0,23.0,23.0
28359364,22,0,0,22,1,0,normal,0,0,22.0,22.0
28359365,22,0,0,22,1,0,normal,0,0,22.0,22.0
28359366,22,0,0,22,1,0,normal,0,0,22.0,22.0
28359367,33,0,0,33,1,0,normal,0,0,33.0,33.0
28359368,22,0,0,22,1,0,normal,0,0,22.0,22.0
28359369,23,0,0,23,1,0,normal,0,0,23.0,23.0
28359370,23,0,0,23,1,0,normal,0,0,23.0,23.0
28359371,23,0,0,23,1,0,normal,0,0,23.0,23.0
28359372,33,0,0,33,1,0,normal,0,0,33.0,33.0
28359373,21,0,0,21,1,0,normal,0,0,21.0,21.0
28359374,22,0,0,22,1,0,normal,0,0,22.0,22.0
28359375,22,0,0,22,1,0,normal,0,0,22.0,22.0
28359376,34,4,0,30,3,0,normal,0,0,1.875,30.0
28359377,34,3,0,31,2,0,normal,0,0,3.4444444444444446,31.0
28359378,22,0,0,22,1,0,normal,0,0,22.0,22.0
28359379,22,0,0,22,1,0,normal,0,0,22.0,22.0
28359380,22,0,0,22,1,0,normal,0,0,22.0,22.0
28359381,23,0,0,23,1,0,normal,0,0,23.0,23.0
28359382,33,0,0,33,1,0,normal,0,0,33.0,33.0
28359383,22,0,0,22,1,0,normal,0,0,22.0,22.0
28359384,23,0,0,23,1,0,normal,0,0,23.0,23.0
28359385,23,0,0,23,1,0,normal,0,0,23.0,23.0
28359386,22,0,0,22,1,0,normal,0,0,22.0,22.0
28359387,33,0,0,33,1,0,normal,0,0,33.0,33.0
28359388,21,0,0,21,1,0,normal,0,0,21.0,21.0
28359389,22,0,0,22,1,0,normal,0,0,22.0,22.0
28359390,30,3,0,27,3,0,normal,0,0,3.0,27.0
28359391,34,4,0,30,3,0,normal,0,0,1.875,30.0
28359392,31,2,0,29,1,0,normal,0,0,7.25,29.0
28359393,22,0,0,22,1,0,normal,0,0,22.0,22.0
28359394,22,0,0,22,1,0,normal,0,0,22.0,22.0
28359395,31,4,0,27,3,1,CandC,0,0,1.6875,27.0
28359396,22,0,0,22,1,0,normal,0,0,22.0,22.0
28359397,33,0,0,33,1,0,normal,0,0,33.0,33.0
28359398,22,0,0,22,1,0,normal,0,0,22.0,22.0
28359399,23,0,0,23,1,0,normal,0,0,23.0,23.0
28359400,23,0,0,23,1,0,normal,0,0,23.0,23.0
28359401,23,0,0,23,1,0,normal,0,0,23.0,23.0
28359402,33,0,0,33,1,0,normal,0,0,33.0,33.0
28359403,21,0,0,21,1,0,normal,0,0,21.0,21.0
28359404,22,0,0,22,1,0,normal,0,0,22.0,22.0
28359405,22,0,0,22,1,0,normal,0,0,22.0,22.0
28359406,34,4,0,30,3,0,normal,0,0,1.875,30.0
28359407,26,0,0,26,0,0,normal,0,0,26.0,26.0
28359408,23,0,0,23,1,0,normal,0,0,23.0,23.0
28359409,23,0,0,23,1,0,normal,0,0,23.0,23.0
28359410,22,0,0,22,1,0,normal,0,0,22.0,22.0
28359411,22,0,0,22,1,0,normal,0,0,22.0,22.0
28359412,33,0,0,33,1,0,normal,0,0,33.0,33.0
28359413,22,0,0,22,1,0,normal,0,0,22.0,22.0
28359414,23,0,0,23,1,0,normal,0,0,23.0,23.0
28359415,23,0,0,23,1,0,normal,0,0,23.0,23.0
28359416,21,0,0,21,1,0,normal,0,0,21.0,21.0
28359417,32,0,0,32,1,0,normal,0,0,32.0,32.0
28359418,22,0,0,22,1,0,normal,0,0,22.0,22.0
28359419,22,0,0,22,1,0,normal,0,0,22.0,22.0
28359420,22,0,0,22,1,0,normal,0,0,22.0,22.0
28359421,33,4,0,29,3,0,normal,0,0,1.8125,29.0
28359422,33,0,0,33,1,0,normal,0,0,33.0,33.0
28359423,16,0,0,16,0,0,normal,0,0,16.0,16.0
28359424,23,0,0,23,1,0,normal,0,0,23.0,23.0
28359425,23,0,0,23,1,0,normal,0,0,23.0,23.0
28359426,23,0,0,23,1,0,normal,0,0,23.0,23.0
28359427,33,0,0,33,1,0,normal,0,0,33.0,33.0
28359428,23,0,0,23,1,0,normal,0,0,23.0,23.0
28359429,23,0,0,23,1,0,normal,0,0,23.0,23.0
28359430,23,0,0,23,1,0,normal,0,0,23.0,23.0
28359431,23,0,0,23,1,0,normal,0,0,23.0,23.0
28359432,33,0,0,33,1,0,normal,0,0,33.0,33.0
28359433,23,0,0,23,1,0,normal,0,0,23.0,23.0
28359434,23,0,0,23,1,0,normal,0,0,23.0,23.0
28359435,23,0,0,23,1,0,normal,0,0,23.0,23.0
28359436,34,4,0,30,3,0,normal,0,0,1.875,30.0
28359437,41,3,0,38,3,0,normal,0,0,4.222222222222222,38.0
28359438,23,0,0,23,1,0,normal,0,0,23.0,23.0
28359439,23,0,0,23,1,0,normal,0,0,23.0,23.0
28359440,23,0,0,23,1,0,normal,0,0,23.0,23.0
28359441,23,0,0,23,1,0,normal,0,0,23.0,23.0
28359442,33,0,0,33,1,0,normal,0,0,33.0,33.0
28359443,22,0,0,22,1,0,normal,0,0,22.0,22.0
28359444,22,0,0,22,1,0,normal,0,0,22.0,22.0
28359445,22,0,0,22,1,0,normal,0,0,22.0,22.0
28359446,23,0,0,23,1,0,normal,0,0,23.0,23.0
28359447,33,0,0,33,1,0,normal,0,0,33.0,33.0
28359448,23,0,0,23,1,0,normal,0,0,23.0,23.0
28359449,23,0,0,23,1,0,normal,0,0,23.0,23.0
28359450,35,5,0,30,4,0,normal,0,0,1.2,30.0
28359451,34,4,0,30,3,0,normal,0,0,1.875,30.0
28359452,33,0,0,33,1,0,normal,0,0,33.0,33.0
28359453,22,0,0,22,1,0,normal,0,0,22.0,22.0
28359454,22,0,0,22,1,0,normal,0,0,22.0,22.0
28359455,31,4,0,27,3,0,normal,0,0,1.6875,27.0
28359456,41,8,0,33,5,1,discovery,0,0,0.515625,33.0
28359457,26,0,0,26,0,0,normal,0,0,26.0,26.0
28359458,23,0,0,23,1,0,normal,0,0,23.0,23.0
28359459,23,0,0,23,1,0,normal,0,0,23.0,23.0
28359460,23,0,0,23,1,0,normal,0,0,23.0,23.0
28359461,23,0,0,23,1,0,normal,0,0,23.0,23.0
28359462,33,0,0,33,1,0,normal,0,0,33.0,33.0
28359463,23,0,0,23,1,0,normal,0,0,23.0,23.0
28359464,23,0,0,23,1,0,normal,0,0,23.0,23.0
28359465,23,0,0,23,1,0,normal,0,0,23.0,23.0
28359466,34,4,0,30,3,0,normal,0,0,1.875,30.0
28359467,33,0,0,33,1,0,normal,0,0,33.0,33.0
28359468,23,0,0,23,1,0,normal,0,0,23.0,23.0
28359469,23,0,0,23,1,0,normal,0,0,23.0,23.0
28359470,23,0,0,23,1,0,normal,0,0,23.0,23.0
28359471,23,0,0,23,1,0,normal,0,0,23.0,23.0
28359472,33,0,0,33,1,0,normal,0,0,33.0,33.0
28359473,23,0,0,23,1,0,normal,0,0,23.0,23.0
28359474,23,0,0,23,1,0,normal,0,0,23.0,23.0
28359475,23,0,0,23,1,0,normal,0,0,23.0,23.0
28359476,23,0,0,23,1,0,normal,0,0,23.0,23.0
28359477,33,0,0,33,1,0,normal,0,0,33.0,33.0
28359478,22,0,0,22,1,0,normal,0,0,22.0,22.0
28359479,22,0,0,22,1,0,normal,0,0,22.0,22.0
28359480,22,0,0,22,1,0,normal,0,0,22.0,22.0
28359481,34,4,0,30,3,0,normal,0,0,1.875,30.0
28359482,33,0,0,33,1,0,normal,0,0,33.0,33.0
28359483,23,0,0,23,1,0,normal,0,0,23.0,23.0
28359484,23,0,0,23,1,0,normal,0,0,23.0,23.0
28359485,22,0,0,22,1,0,normal,0,0,22.0,22.0
28359486,22,0,0,22,1,0,normal,0,0,22.0,22.0
28359487,32,0,0,32,1,0,normal,0,0,32.0,32.0
28359488,23,0,0,23,1,0,normal,0,0,23.0,23.0
28359489,16,0,0,16,0,0,normal,0,0,16.0,16.0
28359490,23,0,0,23,1,0,normal,0,0,23.0,23.0
28359491,23,0,0,23,1,0,normal,0,0,23.0,23.0
28359492,33,0,0,33,1,0,normal,0,0,33.0,33.0
28359493,22,0,0,22,1,0,normal,0,0,22.0,22.0
28359494,22,0,0,22,1,0,normal,0,0,22.0,22.0
28359495,22,0,0,22,1,0,normal,0,0,22.0,22.0
28359496,34,4,0,30,3,0,normal,0,0,1.875,30.0
28359497,41,3,0,38,3,0,normal,0,0,4.222222222222222,38.0
28359498,23,0,0,23,1,0,normal,0,0,23.0,23.0
28359499,23,0,0,23,1,0,normal,0,0,23.0,23.0
28359500,22,0,0,22,1,0,normal,0,0,22.0,22.0
28359501,22,0,0,22,1,0,normal,0,0,22.0,22.0
28359502,32,0,0,32,1,0,normal,0,0,32.0,32.0
28359503,23,0,0,23,1,0,normal,0,0,23.0,23.0
28359504,16,0,0,16,0,0,normal,0,0,16.0,16.0
28359505,23,0,0,23,1,0,normal,0,0,23.0,23.0
28359506,23,0,0,23,1,0,normal,0,0,23.0,23.0
28359507,33,0,0,33,1,0,normal,0,0,33.0,33.0
28359508,22,0,0,22,1,0,normal,0,0,22.0,22.0
28359509,22,0,0,22,1,0,normal,0,0,22.0,22.0
28359510,30,3,0,27,3,0,normal,0,0,3.0,27.0
28359511,38,6,0,32,4,0,normal,0,0,0.8888888888888888,32.0
28359512,33,0,0,33,1,0,normal,0,0,33.0,33.0
28359513,23,0,0,23,1,0,normal,0,0,23.0,23.0
28359514,23,0,0,23,1,0,normal,0,0,23.0,23.0
28359515,22,0,0,22,1,0,normal,0,0,22.0,22.0
28359516,38,6,0,32,4,1,discovery,0,0,0.8888888888888888,32.0
28359517,32,0,0,32,1,0,normal,0,0,32.0,32.0
28359518,22,0,0,22,1,0,normal,0,0,22.0,22.0
28359519,23,0,0,23,1,0,normal,0,0,23.0,23.0
28359520,23,0,0,23,1,0,normal,0,0,23.0,23.0
28359521,23,0,0,23,1,0,normal,0,0,23.0,23.0
28359522,33,0,0,33,1,0,normal,0,0,33.0,33.0
28359523,23,0,0,23,1,0,normal,0,0,23.0,23.0
28359524,23,0,0,23,1,0,normal,0,0,23.0,23.0
28359525,23,0,0,23,1,0,normal,0,0,23.0,23.0
28359526,33,4,0,29,3,0,normal,0,0,1.8125,29.0
28359527,26,0,0,26,0,0,normal,0,0,26.0,26.0
28359528,23,0,0,23,1,0,normal,0,0,23.0,23.0
28359529,23,0,0,23,1,0,normal,0,0,23.0,23.0
28359530,23,0,0,23,1,0,normal,0,0,23.0,23.0
28359531,36,5,0,31,4,0,normal,0,0,1.24,31.0
28359532,33,0,0,33,1,0,normal,0,0,33.0,33.0
28359533,22,0,0,22,1,0,normal,0,0,22.0,22.0
28359534,23,0,0,23,1,0,normal,0,0,23.0,23.0
28359535,23,0,0,23,1,0,normal,0,0,23.0,23.0
28359536,23,0,0,23,1,0,normal,0,0,23.0,23.0
28359537,33,0,0,33,1,0,normal,0,0,33.0,33.0
28359538,23,0,0,23,1,0,normal,0,0,23.0,23.0
28359539,23,0,0,23,1,0,normal,0,0,23.0,23.0
28359540,23,0,0,23,1,0,normal,0,0,23.0,23.0
28359541,33,4,0,29,3,0,normal,0,0,1.8125,29.0
28359542,33,0,0,33,1,0,normal,0,0,33.0,33.0
28359543,23,0,0,23,1,0,normal,0,0,23.0,23.0
28359544,23,0,0,23,1,0,normal,0,0,23.0,23.0
28359545,23,0,0,23,1,0,normal,0,0,23.0,23.0
28359546,23,0,0,23,1,0,normal,0,0,23.0,23.0
28359547,33,0,0,33,1,0,normal,0,0,33.0,33.0
28359548,23,0,0,23,1,0,normal,0,0,23.0,23.0
28359549,23,0,0,23,1,0,normal,0,0,23.0,23.0
28359550,23,0,0,23,1,0,normal,0,0,23.0,23.0
28359551,23,0,0,23,1,0,normal,0,0,23.0,23.0
28359552,33,0,0,33,1,0,normal,0,0,33.0,33.0
28359553,23,0,0,23,1,0,normal,0,0,23.0,23.0
28359554,23,0,0,23,1,0,normal,0,0,23.0,23.0
28359555,23,0,0,23,1,0,normal,0,0,23.0,23.0
28359556,33,4,0,29,3,0,normal,0,0,1.8125,29.0
28359557,41,3,0,38,3,0,normal,0,0,4.222222222222222,38.0
28359558,23,0,0,23,1,0,normal,0,0,23.0,23.0
28359559,23,0,0,23,1,0,normal,0,0,23.0,23.0
28359560,23,0,0,23,1,0,normal,0,0,23.0,23.0
28359561,23,0,0,23,1,0,normal,0,0,23.0,23.0
28359562,33,0,0,33,1,0,normal,0,0,33.0,33.0
28359563,23,0,0,23,1,0,normal,0,0,23.0,23.0
28359564,23,0,0,23,1,0,normal,0,0,23.0,23.0
28359565,23,0,0,23,1,0,normal,0,0,23.0,23.0
28359566,23,0,0,23,1,0,normal,0,0,23.0,23.0
28359567,33,0,0,33,1,0,normal,0,0,33.0,33.0
28359568,23,0,0,23,1,0,normal,0,0,23.0,23.0
28359569,23,0,0,23,1,0,normal,0,0,23.0,23.0
28359570,31,3,0,28,3,0,normal,0,0,3.111111111111111,28.0
28359571,34,4,0,30,3,0,normal,0,0,1.875,30.0
28359572,37,2,0,35,2,0,normal,0,0,8.75,35.0
28359573,23,0,0,23,1,0,normal,0,0,23.0,23.0
28359574,23,0,0,23,1,0,normal,0,0,23.0,23.0
28359575,23,0,0,23,1,0,normal,0,0,23.0,23.0
28359576,23,0,0,23,1,0,normal,0,0,23.0,23.0
28359577,33,0,0,33,1,0,normal,0,0,33.0,33.0
28359578,23,0,0,23,1,0,normal,0,0,23.0,23.0
28359579,23,0,0,23,1,0,normal,0,0,23.0,23.0
28359580,23,0,0,23,1,0,normal,0,0,23.0,23.0
28359581,23,0,0,23,1,0,normal,0,0,23.0,23.0
28359582,33,0,0,33,1,0,normal,0,0,33.0,33.0
28359583,23,0,0,23,1,0,normal,0,0,23.0,23.0
28359584,23,0,0,23,1,0,normal,0,0,23.0,23.0
28359585,23,0,0,23,1,0,normal,0,0,23.0,23.0
28359586,43,8,0,35,5,1,discovery,0,0,0.546875,35.0
28359587,33,0,0,33,1,0,normal,0,0,33.0,33.0
28359588,23,0,0,23,1,0,normal,0,0,23.0,23.0
28359589,23,0,0,23,1,0,normal,0,0,23.0,23.0
28359590,23,0,0,23,1,0,normal,0,0,23.0,23.0
28359591,23,0,0,23,1,0,normal,0,0,23.0,23.0
28359592,33,0,0,33,1,0,normal,0,0,33.0,33.0
28359593,23,0,0,23,1,0,normal,0,0,23.0,23.0
28359594,23,0,0,23,1,0,normal,0,0,23.0,23.0
28359595,23,0,0,23,1,0,normal,0,0,23.0,23.0
28359596,23,0,0,23,1,0,normal,0,0,23.0,23.0
28359597,33,0,0,33,1,0,normal,0,0,33.0,33.0
28359598,23,0,0,23,1,0,normal,0,0,23.0,23.0
28359599,23,0,0,23,1,0,normal,0,0,23.0,23.0
28359600,213,66,0,147,29,0,normal,0,0,0.0337465564738292,147.0
28359601,124,35,0,89,16,0,normal,0,0,0.07265306122448979,89.0
28359602,33,0,0,33,1,0,normal,0,0,33.0,33.0
28359603,23,0,0,23,1,0,normal,0,0,23.0,23.0
28359604,23,0,0,23,1,0,normal,0,0,23.0,23.0
28359605,22,0,0,22,1,0,normal,0,0,22.0,22.0
28359606,22,0,0,22,1,0,normal,0,0,22.0,22.0
28359607,33,0,0,33,1,0,normal,0,0,33.0,33.0
28359608,23,0,0,23,1,0,normal,0,0,23.0,23.0
28359609,23,0,0,23,1,0,normal,0,0,23.0,23.0
28359610,23,0,0,23,1,0,normal,0,0,23.0,23.0
28359611,23,0,0,23,1,0,normal,0,0,23.0,23.0
28359612,33,0,0,33,1,0,normal,0,0,33.0,33.0
28359613,23,0,0,23,1,0,normal,0,0,23.0,23.0
28359614,23,0,0,23,1,0,normal,0,0,23.0,23.0
28359615,23,0,0,23,1,0,normal,0,0,23.0,23.0
28359616,32,4,0,28,3,0,normal,0,0,1.75,28.0
28359617,35,3,0,32,2,0,normal,0,0,3.5555555555555554,32.0
28359618,22,0,0,22,1,0,normal,0,0,22.0,22.0
28359619,22,0,0,22,1,0,normal,0,0,22.0,22.0
28359620,22,0,0,22,1,0,normal,0,0,22.0,22.0
28359621,33,4,0,29,3,0,normal,0,0,1.8125,29.0
28359622,32,0,0,32,1,0,normal,0,0,32.0,32.0
28359623,22,0,0,22,1,0,normal,0,0,22.0,22.0
28359624,22,0,0,22,1,0,normal,0,0,22.0,22.0
28359625,22,0,0,22,1,0,normal,0,0,22.0,22.0
28359626,23,0,0,23,1,0,normal,0,0,23.0,23.0
28359627,33,0,0,33,1,0,normal,0,0,33.0,33.0
28359628,23,0,0,23,1,0,normal,0,0,23.0,23.0
28359629,23,0,0,23,1,0,normal,0,0,23.0,23.0
28359630,23,0,0,23,1,0,normal,0,0,23.0,23.0
28359631,23,0,0,23,1,0,normal,0,0,23.0,23.0
28359632,33,0,0,33,1,0,normal,0,0,33.0,33.0
28359633,23,0,0,23,1,0,normal,0,0,23.0,23.0
28359634,23,0,0,23,1,0,normal,0,0,23.0,23.0
28359635,23,0,0,23,1,0,normal,0,0,23.0,23.0
28359636,33,4,0,29,3,0,normal,0,0,1.8125,29.0
28359637,32,0,0,32,1,0,normal,0,0,32.0,32.0
28359638,23,0,0,23,1,0,normal,0,0,23.0,23.0
28359639,23,0,0,23,1,0,normal,0,0,23.0,23.0
28359640,23,0,0,23,1,0,normal,0,0,23.0,23.0
28359641,23,0,0,23,1,0,normal,0,0,23.0,23.0
28359642,33,0,0,33,1,0,normal,0,0,33.0,33.0
28359643,22,0,0,22,1,0,normal,0,0,22.0,22.0
28359644,32,4,0,28,3,1,discovery,0,0,1.75,28.0
28359645,23,0,0,23,1,0,normal,0,0,23.0,23.0
28359646,23,0,0,23,1,0,normal,0,0,23.0,23.0
28359647,33,0,0,33,1,0,normal,0,0,33.0,33.0
28359648,23,0,0,23,1,0,normal,0,0,23.0,23.0
28359649,23,0,0,23,1,0,normal,0,0,23.0,23.0
28359650,23,0,0,23,1,0,normal,0,0,23.0,23.0
28359651,33,4,0,29,3,0,normal,0,0,1.8125,29.0
28359652,32,0,0,32,1,0,normal,0,0,32.0,32.0
28359653,23,0,0,23,1,0,normal,0,0,23.0,23.0
28359654,23,0,0,23,1,0,normal,0,0,23.0,23.0
28359655,23,0,0,23,1,0,normal,0,0,23.0,23.0
28359656,23,0,0,23,1,0,normal,0,0,23.0,23.0
28359657,33,0,0,33,1,0,normal,0,0,33.0,33.0
28359658,23,0,0,23,1,0,normal,0,0,23.0,23.0
28359659,23,0,0,23,1,0,normal,0,0,23.0,23.0
28359660,23,0,0,23,1,0,normal,0,0,23.0,23.0
28359661,23,0,0,23,1,0,normal,0,0,23.0,23.0
28359662,33,0,0,33,1,0,normal,0,0,33.0,33.0
28359663,23,0,0,23,1,0,normal,0,0,23.0,23.0
28359664,23,0,0,23,1,0,normal,0,0,23.0,23.0
28359665,23,0,0,23,1,0,normal,0,0,23.0,23.0
28359666,34,4,0,30,3,0,normal,0,0,1.875,30.0
28359667,32,0,0,32,1,0,normal,0,0,32.0,32.0
28359668,23,0,0,23,1,0,normal,0,0,23.0,23.0
28359669,23,0,0,23,1,0,normal,0,0,23.0,23.0
28359670,23,0,0,23,1,0,normal,0,0,23.0,23.0
28359671,23,0,0,23,1,0,normal,0,0,23.0,23.0
28359672,33,0,0,33,1,0,normal,0,0,33.0,33.0
28359673,23,0,0,23,1,0,normal,0,0,23.0,23.0
28359674,23,0,0,23,1,0,normal,0,0,23.0,23.0
28359675,23,0,0,23,1,0,normal,0,0,23.0,23.0
28359676,23,0,0,23,1,0,normal,0,0,23.0,23.0
28359677,41,3,0,38,3,0,normal,0,0,4.222222222222222,38.0
28359678,23,0,0,23,1,0,normal,0,0,23.0,23.0
28359679,23,0,0,23,1,0,normal,0,0,23.0,23.0
28359680,23,0,0,23,1,0,normal,0,0,23.0,23.0
28359681,33,4,0,29,3,0,normal,0,0,1.8125,29.0
28359682,32,0,0,32,1,0,normal,0,0,32.0,32.0
28359683,23,0,0,23,1,0,normal,0,0,23.0,23.0
28359684,23,0,0,23,1,0,normal,0,0,23.0,23.0
28359685,23,0,0,23,1,0,normal,0,0,23.0,23.0
28359686,23,0,0,23,1,0,normal,0,0,23.0,23.0
28359687,33,0,0,33,1,0,normal,0,0,33.0,33.0
28359688,23,0,0,23,1,0,normal,0,0,23.0,23.0
28359689,23,0,0,23,1,0,normal,0,0,23.0,23.0
28359690,22,0,0,22,1,0,normal,0,0,22.0,22.0
28359691,22,0,0,22,1,0,normal,0,0,22.0,22.0
28359692,32,0,0,32,1,0,normal,0,0,32.0,32.0
28359693,22,0,0,22,1,0,normal,0,0,22.0,22.0
28359694,22,0,0,22,1,0,normal,0,0,22.0,22.0
28359695,32,4,0,28,3,1,discovery,0,0,1.75,28.0
28359696,34,4,0,30,3,0,normal,0,0,1.875,30.0
28359697,33,0,0,33,1,0,normal,0,0,33.0,33.0
28359698,23,0,0,23,1,0,normal,0,0,23.0,23.0
28359699,23,0,0,23,1,0,normal,0,0,23.0,23.0
28359700,23,0,0,23,1,0,normal,0,0,23.0,23.0
28359701,23,0,0,23,1,0,normal,0,0,23.0,23.0
28359702,33,0,0,33,1,0,normal,0,0,33.0,33.0
28359703,23,0,0,23,1,0,normal,0,0,23.0,23.0
28359704,23,0,0,23,1,0,normal,0,0,23.0,23.0
28359705,23,0,0,23,1,0,normal,0,0,23.0,23.0
28359706,23,0,0,23,1,0,normal,0,0,23.0,23.0
28359707,33,0,0,33,1,0,normal,0,0,33.0,33.0
28359708,23,0,0,23,1,0,normal,0,0,23.0,23.0
28359709,23,0,0,23,1,0,normal,0,0,23.0,23.0
28359710,23,0,0,23,1,0,normal,0,0,23.0,23.0
28359711,33,4,0,29,3,0,normal,0,0,1.8125,29.0
28359712,32,0,0,32,1,0,normal,0,0,32.0,32.0
28359713,23,0,0,23,1,0,normal,0,0,23.0,23.0
28359714,23,0,0,23,1,0,normal,0,0,23.0,23.0
28359715,23,0,0,23,1,0,normal,0,0,23.0,23.0
28359716,23,0,0,23,1,0,normal,0,0,23.0,23.0
28359717,33,0,0,33,1,0,normal,0,0,33.0,33.0
28359718,23,0,0,23,1,0,normal,0,0,23.0,23.0
28359719,23,0,0,23,1,0,normal,0,0,23.0,23.0
28359720,23,0,0,23,1,0,normal,0,0,23.0,23.0
28359721,23,0,0,23,1,0,normal,0,0,23.0,23.0
28359722,33,0,0,33,1,0,normal,0,0,33.0,33.0
28359723,23,0,0,23,1,0,normal,0,0,23.0,23.0
28359724,23,0,0,23,1,0,normal,0,0,23.0,23.0
28359725,23,0,0,23,1,0,normal,0,0,23.0,23.0
28359726,33,4,0,29,3,0,normal,0,0,1.8125,29.0
28359727,25,0,0,25,0,0,normal,0,0,25.0,25.0
28359728,23,0,0,23,1,0,normal,0,0,23.0,23.0
28359729,23,0,0,23,1,0,normal,0,0,23.0,23.0
28359730,23,0,0,23,1,0,normal,0,0,23.0,23.0
28359731,23,0,0,23,1,0,normal,0,0,23.0,23.0
28359732,33,0,0,33,1,0,normal,0,0,33.0,33.0
28359733,23,0,0,23,1,0,normal,0,0,23.0,23.0
28359734,23,0,0,23,1,0,normal,0,0,23.0,23.0
28359735,23,0,0,23,1,0,normal,0,0,23.0,23.0
28359736,23,0,0,23,1,0,normal,0,0,23.0,23.0
28359737,41,3,0,38,3,0,normal,0,0,4.222222222222222,38.0
28359738,23,0,0,23,1,0,normal,0,0,23.0,23.0
28359739,23,0,0,23,1,0,normal,0,0,23.0,23.0
28359740,23,0,0,23,1,0,normal,0,0,23.0,23.0
28359741,33,4,0,29,3,0,normal,0,0,1.8125,29.0
28359742,32,0,0,32,1,0,normal,0,0,32.0,32.0
28359743,22,0,0,22,1,0,normal,0,0,22.0,22.0
28359744,23,0,0,23,1,0,normal,0,0,23.0,23.0
28359745,23,0,0,23,1,0,normal,0,0,23.0,23.0
28359746,32,4,0,28,3,1,discovery,0,0,1.75,28.0
28359747,33,0,0,33,1,0,normal,0,0,33.0,33.0
28359748,23,0,0,23,1,0,normal,0,0,23.0,23.0
28359749,23,0,0,23,1,0,normal,0,0,23.0,23.0
28359750,23,0,0,23,1,0,normal,0,0,23.0,23.0
28359751,23,0,0,23,1,0,normal,0,0,23.0,23.0
28359752,33,0,0,33,1,0,normal,0,0,33.0,33.0
28359753,23,0,0,23,1,0,normal,0,0,23.0,23.0
28359754,23,0,0,23,1,0,normal,0,0,23.0,23.0
28359755,23,0,0,23,1,0,normal,0,0,23.0,23.0
28359756,33,4,0,29,3,0,normal,0,0,1.8125,29.0
28359757,32,0,0,32,1,0,normal,0,0,32.0,32.0
28359758,23,0,0,23,1,0,normal,0,0,23.0,23.0
28359759,23,0,0,23,1,0,normal,0,0,23.0,23.0
28359760,23,0,0,23,1,0,normal,0,0,23.0,23.0
28359761,23,0,0,23,1,0,normal,0,0,23.0,23.0
28359762,33,0,0,33,1,0,normal,0,0,33.0,33.0
28359763,23,0,0,23,1,0,normal,0,0,23.0,23.0
28359764,23,0,0,23,1,0,normal,0,0,23.0,23.0
28359765,23,0,0,23,1,0,normal,0,0,23.0,23.0
28359766,23,0,0,23,1,0,normal,0,0,23.0,23.0
28359767,33,0,0,33,1,0,normal,0,0,33.0,33.0
28359768,23,0,0,23,1,0,normal,0,0,23.0,23.0
28359769,23,0,0,23,1,0,normal,0,0,23.0,23.0
28359770,23,0,0,23,1,0,normal,0,0,23.0,23.0
28359771,33,4,0,29,3,0,normal,0,0,1.8125,29.0
28359772,32,0,0,32,1,0,normal,0,0,32.0,32.0
28359773,23,0,0,23,1,0,normal,0,0,23.0,23.0
28359774,23,0,0,23,1,0,normal,0,0,23.0,23.0
28359775,23,0,0,23,1,0,normal,0,0,23.0,23.0
28359776,23,0,0,23,1,0,normal,0,0,23.0,23.0
28359777,33,0,0,33,1,0,normal,0,0,33.0,33.0
28359778,23,0,0,23,1,0,normal,0,0,23.0,23.0
28359779,23,0,0,23,1,0,normal,0,0,23.0,23.0
28359780,23,0,0,23,1,0,normal,0,0,23.0,23.0
28359781,23,0,0,23,1,0,normal,0,0,23.0,23.0
28359782,228,67,0,161,36,0,normal,0,0,0.03586544887502784,161.0
28359783,23,0,0,23,1,0,normal,0,0,23.0,23.0
28359784,23,0,0,23,1,0,normal,0,0,23.0,23.0
28359785,23,0,0,23,1,0,normal,0,0,23.0,23.0
28359786,23,0,0,23,1,0,normal,0,0,23.0,23.0
28359787,32,0,0,32,1,0,normal,0,0,32.0,32.0
28359788,23,0,0,23,1,0,normal,0,0,23.0,23.0
28359789,23,0,0,23,1,0,normal,0,0,23.0,23.0
28359790,36,5,0,31,4,0,normal,0,0,1.24,31.0
28359791,23,0,0,23,1,0,normal,0,0,23.0,23.0
28359792,32,0,0,32,1,0,normal,0,0,32.0,32.0
28359793,31,0,0,31,1,0,normal,0,0,31.0,31.0
28359794,28,0,0,28,1,0,normal,0,0,28.0,28.0
28359795,22,0,0,22,1,0,normal,0,0,22.0,22.0
28359796,16,0,0,16,0,0,normal,0,0,16.0,16.0
28359797,51,7,0,44,5,0,normal,0,0,0.8979591836734694,44.0
28359798,22,0,0,22,1,0,normal,0,0,22.0,22.0
28359799,23,0,0,23,1,0,normal,0,0,23.0,23.0
28359800,22,0,0,22,1,0,normal,0,0,22.0,22.0
28359801,23,0,0,23,1,0,normal,0,0,23.0,23.0
28359802,32,0,0,32,1,0,normal,0,0,32.0,32.0
28359803,23,0,0,23,1,0,normal,0,0,23.0,23.0
28359804,39,7,0,32,5,1,discovery,0,0,0.6530612244897959,32.0
28359805,22,0,0,22,1,0,normal,0,0,22.0,22.0
28359806,22,0,0,22,1,0,normal,0,0,22.0,22.0
28359807,31,0,0,31,1,0,normal,0,0,31.0,31.0
28359808,22,0,0,22,1,0,normal,0,0,22.0,22.0
28359809,22,0,0,22,1,0,normal,0,0,22.0,22.0
28359810,30,3,0,27,3,0,normal,0,0,3.0,27.0
28359811,22,0,0,22,1,0,normal,0,0,22.0,22.0
28359812,36,4,0,32,2,0,normal,0,0,2.0,32.0
28359813,23,0,0,23,1,0,normal,0,0,23.0,23.0
28359814,22,0,0,22,1,0,normal,0,0,22.0,22.0
28359815,21,0,0,21,1,0,normal,0,0,21.0,21.0
28359816,22,0,0,22,1,0,normal,0,0,22.0,22.0
28359817,32,0,0,32,1,0,normal,0,0,32.0,32.0
28359818,22,0,0,22,1,0,normal,0,0,22.0,22.0
28359819,23,0,0,23,1,0,normal,0,0,23.0,23.0
28359820,22,0,0,22,1,0,normal,0,0,22.0,22.0
28359821,22,0,0,22,1,0,normal,0,0,22.0,22.0
28359822,31,0,0,31,1,0,normal,0,0,31.0,31.0
28359823,22,0,0,22,1,0,normal,0,0,22.0,22.0
28359824,22,0,0,22,1,0,normal,0,0,22.0,22.0
28359825,22,0,0,22,1,0,normal,0,0,22.0,22.0
28359826,23,0,0,23,1,0,normal,0,0,23.0,23.0
28359827,43,4,0,39,3,0,normal,0,0,2.4375,39.0
28359828,16,0,0,16,0,0,normal,0,0,16.0,16.0
28359829,23,0,0,23,1,0,normal,0,0,23.0,23.0
28359830,21,0,0,21,1,0,normal,0,0,21.0,21.0
28359831,22,0,0,22,1,0,normal,0,0,22.0,22.0
28359832,32,0,0,32,1,0,normal,0,0,32.0,32.0
28359833,22,0,0,22,1,0,normal,0,0,22.0,22.0
28359834,45,7,0,38,3,0,normal,0,0,0.7755102040816326,38.0
28359835,21,0,0,21,1,0,normal,0,0,21.0,21.0
28359836,22,0,0,22,1,0,normal,0,0,22.0,22.0
28359837,32,0,0,32,1,0,normal,0,0,32.0,32.0
28359838,23,0,0,23,1,0,normal,0,0,23.0,23.0
28359839,22,0,0,22,1,0,normal,0,0,22.0,22.0
28359840,22,0,0,22,1,0,normal,0,0,22.0,22.0
28359841,22,0,0,22,1,0,normal,0,0,22.0,22.0
28359842,43,4,0,39,3,0,normal,0,0,2.4375,39.0
28359843,22,0,0,22,1,0,normal,0,0,22.0,22.0
28359844,23,0,0,23,1,0,normal,0,0,23.0,23.0
28359845,22,0,0,22,1,0,normal,0,0,22.0,22.0
28359846,16,0,0,16,0,0,normal,0,0,16.0,16.0
28359847,32,0,0,32,1,0,normal,0,0,32.0,32.0
28359848,21,0,0,21,1,0,normal,0,0,21.0,21.0
28359849,23,0,0,23,1,0,normal,0,0,23.0,23.0
28359850,31,4,0,27,3,0,normal,0,0,1.6875,27.0
28359851,22,0,0,22,1,0,normal,0,0,22.0,22.0
28359852,32,0,0,32,1,0,normal,0,0,32.0,32.0
28359853,22,0,0,22,1,0,normal,0,0,22.0,22.0
28359854,23,0,0,23,1,0,normal,0,0,23.0,23.0
28359855,22,0,0,22,1,0,normal,0,0,22.0,22.0
28359856,23,0,0,23,1,0,normal,0,0,23.0,23.0
28359857,51,7,0,44,5,0,normal,0,0,0.8979591836734694,44.0
28359858,32,4,0,28,3,1,discovery,0,0,1.75,28.0
28359859,23,0,0,23,1,0,normal,0,0,23.0,23.0
28359860,22,0,0,22,1,0,normal,0,0,22.0,22.0
28359861,23,0,0,23,1,0,normal,0,0,23.0,23.0
28359862,43,4,0,39,3,0,normal,0,0,2.4375,39.0
28359863,22,0,0,22,1,0,normal,0,0,22.0,22.0
28359864,22,0,0,22,1,0,normal,0,0,22.0,22.0
28359865,22,0,0,22,1,0,normal,0,0,22.0,22.0
28359866,22,0,0,22,1,0,normal,0,0,22.0,22.0
28359867,43,4,0,39,3,0,normal,0,0,2.4375,39.0
28359868,16,0,0,16,0,0,normal,0,0,16.0,16.0
28359869,23,0,0,23,1,0,normal,0,0,23.0,23.0
28359870,22,0,0,22,1,0,normal,0,0,22.0,22.0
28359871,23,0,0,23,1,0,normal,0,0,23.0,23.0
28359872,32,0,0,32,1,0,normal,0,0,32.0,32.0
28359873,23,0,0,23,1,0,normal,0,0,23.0,23.0
28359874,23,0,0,23,1,0,normal,0,0,23.0,23.0
28359875,22,0,0,22,1,0,normal,0,0,22.0,22.0
28359876,23,0,0,23,1,0,normal,0,0,23.0,23.0
28359877,32,0,0,32,1,0,normal,0,0,32.0,32.0
28359878,23,0,0,23,1,0,normal,0,0,23.0,23.0
28359879,23,0,0,23,1,0,normal,0,0,23.0,23.0
28359880,22,0,0,22,1,0,normal,0,0,22.0,22.0
28359881,23,0,0,23,1,0,normal,0,0,23.0,23.0
28359882,43,4,0,39,3,0,normal,0,0,2.4375,39.0
28359883,23,0,0,23,1,0,normal,0,0,23.0,23.0
28359884,22,0,0,22,1,0,normal,0,0,22.0,22.0
28359885,22,0,0,22,1,0,normal,0,0,22.0,22.0
28359886,22,0,0,22,1,0,normal,0,0,22.0,22.0
28359887,32,0,0,32,1,0,normal,0,0,32.0,32.0
28359888,22,0,0,22,1,0,normal,0,0,22.0,22.0
28359889,22,0,0,22,1,0,normal,0,0,22.0,22.0
28359890,21,0,0,21,1,0,normal,0,0,21.0,21.0
28359891,23,0,0,23,1,0,normal,0,0,23.0,23.0
28359892,32,0,0,32,1,0,normal,0,0,32.0,32.0
28359893,23,0,0,23,1,0,normal,0,0,23.0,23.0
28359894,23,0,0,23,1,0,normal,0,0,23.0,23.0
28359895,22,0,0,22,1,0,normal,0,0,22.0,22.0
28359896,23,0,0,23,1,0,normal,0,0,23.0,23.0
28359897,43,4,0,39,3,0,normal,0,0,2.4375,39.0
28359898,23,0,0,23,1,0,normal,0,0,23.0,23.0
28359899,23,0,0,23,1,0,normal,0,0,23.0,23.0
28359900,22,0,0,22,1,0,normal,0,0,22.0,22.0
28359901,23,0,0,23,1,0,normal,0,0,23.0,23.0
28359902,32,0,0,32,1,0,normal,0,0,32.0,32.0
28359903,23,0,0,23,1,0,normal,0,0,23.0,23.0
28359904,23,0,0,23,1,0,normal,0,0,23.0,23.0
28359905,22,0,0,22,1,0,normal,0,0,22.0,22.0
28359906,23,0,0,23,1,0,normal,0,0,23.0,23.0
28359907,32,0,0,32,1,0,normal,0,0,32.0,32.0
28359908,23,0,0,23,1,0,normal,0,0,23.0,23.0
28359909,23,0,0,23,1,0,normal,0,0,23.0,23.0
28359910,22,0,0,22,1,0,normal,0,0,22.0,22.0
28359911,23,0,0,23,1,0,normal,0,0,23.0,23.0
28359912,43,4,0,39,3,0,normal,0,0,2.4375,39.0
28359913,22,0,0,22,1,0,normal,0,0,22.0,22.0
28359914,23,0,0,23,1,0,normal,0,0,23.0,23.0
28359915,69,13,0,56,6,1,persistence,0,0,0.33136094674556216,56.0
28359916,23,0,0,23,1,0,normal,0,0,23.0,23.0
28359917,41,3,0,38,3,0,normal,0,0,4.222222222222222,38.0
28359918,22,0,0,22,1,0,normal,0,0,22.0,22.0
28359919,16,0,0,16,0,0,normal,0,0,16.0,16.0
28359920,22,0,0,22,1,0,normal,0,0,22.0,22.0
28359921,23,0,0,23,1,0,normal,0,0,23.0,23.0
28359922,32,0,0,32,1,0,normal,0,0,32.0,32.0
28359923,23,0,0,23,1,0,normal,0,0,23.0,23.0
28359924,23,0,0,23,1,0,normal,0,0,23.0,23.0
28359925,23,0,0,23,1,0,normal,0,0,23.0,23.0
28359926,22,0,0,22,1,0,normal,0,0,22.0,22.0
28359927,43,4,0,39,3,0,normal,0,0,2.4375,39.0
28359928,22,0,0,22,1,0,normal,0,0,22.0,22.0
28359929,22,0,0,22,1,0,normal,0,0,22.0,22.0
28359930,22,0,0,22,1,0,normal,0,0,22.0,22.0
28359931,23,0,0,23,1,0,normal,0,0,23.0,23.0
28359932,33,0,0,33,1,0,normal,0,0,33.0,33.0
28359933,22,0,0,22,1,0,normal,0,0,22.0,22.0
28359934,22,0,0,22,1,0,normal,0,0,22.0,22.0
28359935,22,0,0,22,1,0,normal,0,0,22.0,22.0
28359936,22,0,0,22,1,0,normal,0,0,22.0,22.0
28359937,32,0,0,32,1,0,normal,0,0,32.0,32.0
28359938,16,0,0,16,0,0,normal,0,0,16.0,16.0
28359939,23,0,0,23,1,0,normal,0,0,23.0,23.0
28359940,23,0,0,23,1,0,normal,0,0,23.0,23.0
28359941,22,0,0,22,1,0,normal,0,0,22.0,22.0
28359942,43,4,0,39,3,0,normal,0,0,2.4375,39.0
28359943,22,0,0,22,1,0,normal,0,0,22.0,22.0
28359944,22,0,0,22,1,0,normal,0,0,22.0,22.0
28359945,22,0,0,22,1,0,normal,0,0,22.0,22.0
28359946,23,0,0,23,1,0,normal,0,0,23.0,23.0
28359947,33,0,0,33,1,0,normal,0,0,33.0,33.0
28359948,22,0,0,22,1,0,normal,0,0,22.0,22.0
28359949,22,0,0,22,1,0,normal,0,0,22.0,22.0
28359950,22,0,0,22,1,0,normal,0,0,22.0,22.0
28359951,349,119,0,230,60,0,normal,0,0,0.01624179083398065,230.0
28359952,33,0,0,33,1,0,normal,0,0,33.0,33.0
28359953,16,0,0,16,0,0,normal,0,0,16.0,16.0
28359954,22,0,0,22,1,0,normal,0,0,22.0,22.0
28359955,21,0,0,21,1,0,normal,0,0,21.0,21.0
28359956,22,0,0,22,1,0,normal,0,0,22.0,22.0
28359957,42,4,0,38,3,0,normal,0,0,2.375,38.0
28359958,22,0,0,22,1,0,normal,0,0,22.0,22.0
28359959,22,0,0,22,1,0,normal,0,0,22.0,22.0
28359960,22,0,0,22,1,0,normal,0,0,22.0,22.0
28359961,23,0,0,23,1,0,normal,0,0,23.0,23.0
28359962,30,0,0,30,1,0,normal,0,0,30.0,30.0
28359963,22,0,0,22,1,0,normal,0,0,22.0,22.0
28359964,22,0,0,22,1,0,normal,0,0,22.0,22.0
28359965,22,0,0,22,1,0,normal,0,0,22.0,22.0
28359966,22,0,0,22,1,0,normal,0,0,22.0,22.0
28359967,37,2,0,35,2,0,normal,0,0,8.75,35.0
28359968,22,0,0,22,1,0,normal,0,0,22.0,22.0
28359969,16,0,0,16,0,0,normal,0,0,16.0,16.0
28359970,23,0,0,23,1,0,normal,0,0,23.0,23.0
28359971,23,0,0,23,1,0,normal,0,0,23.0,23.0
28359972,42,4,0,38,3,0,normal,0,0,2.375,38.0
28359973,22,0,0,22,1,0,normal,0,0,22.0,22.0
28359974,22,0,0,22,1,0,normal,0,0,22.0,22.0
28359975,2026,785,0,1241,391,0,normal,0,0,0.0020138748022232138,1241.0
28359976,414,125,0,289,67,0,normal,0,0,0.018496,289.0
28359977,40,3,0,37,3,0,normal,0,0,4.111111111111111,37.0
28359978,163,27,0,136,15,0,normal,0,0,0.18655692729766804,136.0
28359979,23,0,0,23,1,0,normal,0,0,23.0,23.0
28359980,23,0,0,23,1,0,normal,0,0,23.0,23.0
28359981,22,0,0,22,1,0,normal,0,0,22.0,22.0
28359982,32,0,0,32,1,0,normal,0,0,32.0,32.0
28359983,23,0,0,23,1,0,normal,0,0,23.0,23.0
28359984,23,0,0,23,1,0,normal,0,0,23.0,23.0
28359985,30,3,0,27,3,0,normal,0,0,3.0,27.0
28359986,23,0,0,23,1,0,normal,0,0,23.0,23.0
28359987,41,4,0,37,3,0,normal,0,0,2.3125,37.0
28359988,416,148,0,268,74,0,normal,0,0,0.012235208181154127,268.0
28359989,36,6,0,30,4,1,credentialAccess,0,0,0.8333333333333334,30.0
28359990,23,0,0,23,1,0,normal,0,0,23.0,23.0
28359991,22,1,0,21,3,0,normal,0,0,21.0,21.0
28359992,30,0,0,30,1,0,normal,0,0,30.0,30.0
28359993,21,0,0,21,1,0,normal,0,0,21.0,21.0
28359994,21,0,0,21,1,0,normal,0,0,21.0,21.0
28359995,21,0,0,21,1,0,normal,0,0,21.0,21.0
28359996,20,0,0,20,1,0,normal,0,0,20.0,20.0
28359997,31,0,0,31,1,0,normal,0,0,31.0,31.0
28359998,20,0,0,20,1,0,normal,0,0,20.0,20.0
28359999,19,0,0,19,1,0,normal,0,0,19.0,19.0
28360000,19,0,0,19,1,0,normal,0,0,19.0,19.0
28360001,19,0,0,19,1,0,normal,0,0,19.0,19.0
28360002,35,4,0,31,3,0,normal,0,0,1.9375,31.0
28360003,14,0,0,14,1,0,normal,0,0,14.0,14.0
28360004,13,0,0,13,0,0,normal,0,0,13.0,13.0
28360005,22,0,0,22,1,0,normal,0,0,22.0,22.0
28360006,20,0,0,20,1,0,normal,0,0,20.0,20.0
28360007,39,3,0,36,3,0,normal,0,0,4.0,36.0
28360008,23,0,0,23,1,0,normal,0,0,23.0,23.0
28360009,23,0,0,23,1,0,normal,0,0,23.0,23.0
28360010,23,0,0,23,1,0,normal,0,0,23.0,23.0
28360011,22,0,0,22,1,0,normal,0,0,22.0,22.0
28360012,32,0,0,32,1,0,normal,0,0,32.0,32.0
28360013,21,0,0,21,1,0,normal,0,0,21.0,21.0
28360014,22,0,0,22,1,0,normal,0,0,22.0,22.0
28360015,21,0,0,21,1,0,normal,0,0,21.0,21.0
28360016,22,0,0,22,1,0,normal,0,0,22.0,22.0
28360017,42,4,0,38,3,0,normal,0,0,2.375,38.0
28360018,21,0,0,21,1,0,normal,0,0,21.0,21.0
28360019,21,0,0,21,1,0,normal,0,0,21.0,21.0
28360020,21,0,0,21,1,0,normal,0,0,21.0,21.0
28360021,21,0,0,21,1,0,normal,0,0,21.0,21.0
28360022,31,0,0,31,1,0,normal,0,0,31.0,31.0
28360023,22,0,0,22,1,0,normal,0,0,22.0,22.0
28360024,23,0,0,23,1,0,normal,0,0,23.0,23.0
28360025,20,0,0,20,1,0,normal,0,0,20.0,20.0
28360026,15,0,0,15,0,0,normal,0,0,15.0,15.0
28360027,29,0,0,29,1,0,normal,0,0,29.0,29.0
28360028,17,1,0,16,3,0,normal,0,0,16.0,16.0
28360029,14,1,0,13,3,0,normal,0,0,13.0,13.0
28360030,10,1,0,9,2,0,normal,0,0,9.0,9.0
28360031,18,1,0,17,3,0,normal,0,0,17.0,17.0
28360032,42,4,0,38,3,0,normal,0,0,2.375,38.0
28360033,21,1,0,20,3,0,normal,0,0,20.0,20.0
28360034,20,0,0,20,1,0,normal,0,0,20.0,20.0
28360035,21,0,0,21,1,0,normal,0,0,21.0,21.0
28360036,23,1,0,22,3,0,normal,0,0,22.0,22.0
28360037,34,3,0,31,2,0,normal,0,0,3.4444444444444446,31.0
28360038,21,0,0,21,1,0,normal,0,0,21.0,21.0
28360039,21,0,0,21,1,0,normal,0,0,21.0,21.0
28360040,21,0,0,21,1,0,normal,0,0,21.0,21.0
28360041,21,1,0,20,3,0,normal,0,0,20.0,20.0
28360042,28,0,0,28,1,0,normal,0,0,28.0,28.0
28360043,19,1,0,18,3,0,normal,0,0,18.0,18.0
28360044,24,2,0,22,4,0,normal,0,0,5.5,22.0
28360045,15,0,0,15,1,0,normal,0,0,15.0,15.0
28360046,24,1,0,23,3,0,normal,0,0,23.0,23.0
28360047,35,4,0,31,2,0,normal,0,0,1.9375,31.0
28360048,23,0,0,23,1,0,normal,0,0,23.0,23.0
28360049,22,0,0,22,1,0,normal,0,0,22.0,22.0
28360050,34,5,0,29,4,0,normal,0,0,1.16,29.0
28360051,21,0,0,21,1,0,normal,0,0,21.0,21.0
28360052,31,0,0,31,1,0,normal,0,0,31.0,31.0
28360053,22,0,0,22,1,0,normal,0,0,22.0,22.0
28360054,22,0,0,22,1,0,normal,0,0,22.0,22.0
28360055,218,74,0,144,38,0,normal,0,0,0.026296566837107377,144.0
28360056,21,0,0,21,1,0,normal,0,0,21.0,21.0
28360057,63,12,0,51,7,1,CandC,0,0,0.3541666666666667,51.0
28360058,21,0,0,21,1,0,normal,0,0,21.0,21.0
28360059,22,0,0,22,1,0,normal,0,0,22.0,22.0
28360060,20,0,0,20,1,0,normal,0,0,20.0,20.0
28360061,22,0,0,22,1,0,normal,0,0,22.0,22.0
28360062,67,12,0,55,7,0,normal,0,0,0.3819444444444444,55.0
28360063,419,129,0,290,67,0,normal,0,0,0.01742683732948741,290.0
28360064,18,0,0,18,1,0,normal,0,0,18.0,18.0
28360065,20,1,0,19,3,0,normal,0,0,19.0,19.0
28360066,15,0,0,15,0,0,normal,0,0,15.0,15.0
28360067,33,0,0,33,1,0,normal,0,0,33.0,33.0
28360068,21,0,0,21,1,0,normal,0,0,21.0,21.0
28360069,22,0,0,22,1,0,normal,0,0,22.0,22.0
28360070,22,0,0,22,1,0,normal,0,0,22.0,22.0
28360071,21,0,0,21,1,0,normal,0,0,21.0,21.0
28360072,33,0,0,33,1,0,normal,0,0,33.0,33.0
28360073,21,0,0,21,1,0,normal,0,0,21.0,21.0
28360074,22,0,0,22,1,0,normal,0,0,22.0,22.0
28360075,23,0,0,23,1,0,normal,0,0,23.0,23.0
28360076,23,0,0,23,1,0,normal,0,0,23.0,23.0
28360077,32,0,0,32,1,0,normal,0,0,32.0,32.0
28360078,33,4,0,29,3,0,normal,0,0,1.8125,29.0
28360079,21,0,0,21,1,0,normal,0,0,21.0,21.0
28360080,22,0,0,22,1,0,normal,0,0,22.0,22.0
28360081,22,0,0,22,1,0,normal,0,0,22.0,22.0
28360082,32,0,0,32,1,0,normal,0,0,32.0,32.0
28360083,15,0,0,15,0,0,normal,0,0,15.0,15.0
28360084,23,0,0,23,1,0,normal,0,0,23.0,23.0
28360085,23,0,0,23,1,0,normal,0,0,23.0,23.0
28360086,22,0,0,22,1,0,normal,0,0,22.0,22.0
28360087,33,0,0,33,1,0,normal,0,0,33.0,33.0
28360088,21,0,0,21,1,0,normal,0,0,21.0,21.0
28360089,22,0,0,22,1,0,normal,0,0,22.0,22.0
28360090,22,0,0,22,1,0,normal,0,0,22.0,22.0
28360091,22,0,0,22,1,0,normal,0,0,22.0,22.0
28360092,33,0,0,33,1,0,normal,0,0,33.0,33.0
28360093,33,4,0,29,3,0,normal,0,0,1.8125,29.0
28360094,22,0,0,22,1,0,normal,0,0,22.0,22.0
28360095,21,0,0,21,1,0,normal,0,0,21.0,21.0
28360096,22,0,0,22,1,0,normal,0,0,22.0,22.0
28360097,41,3,0,38,3,0,normal,0,0,4.222222222222222,38.0
28360098,22,0,0,22,1,0,normal,0,0,22.0,22.0
28360099,22,0,0,22,1,0,normal,0,0,22.0,22.0
28360100,22,0,0,22,1,0,normal,0,0,22.0,22.0
28360101,22,0,0,22,1,0,normal,0,0,22.0,22.0
28360102,32,0,0,32,1,0,normal,0,0,32.0,32.0
28360103,22,0,0,22,1,0,normal,0,0,22.0,22.0
28360104,14,0,0,14,0,0,normal,0,0,14.0,14.0
28360105,22,0,0,22,1,0,normal,0,0,22.0,22.0
28360106,22,0,0,22,1,0,normal,0,0,22.0,22.0
28360107,31,0,0,31,1,0,normal,0,0,31.0,31.0
28360108,34,4,0,30,3,0,normal,0,0,1.875,30.0
28360109,22,0,0,22,1,0,normal,0,0,22.0,22.0
28360110,31,3,0,28,3,0,normal,0,0,3.111111111111111,28.0
28360111,22,0,0,22,1,0,normal,0,0,22.0,22.0
28360112,37,2,0,35,2,0,normal,0,0,8.75,35.0
28360113,22,0,0,22,1,0,normal,0,0,22.0,22.0
28360114,23,0,0,23,1,0,normal,0,0,23.0,23.0
28360115,22,0,0,22,1,0,normal,0,0,22.0,22.0
28360116,23,0,0,23,1,0,normal,0,0,23.0,23.0
28360117,32,0,0,32,1,0,normal,0,0,32.0,32.0
28360118,31,0,0,31,1,0,normal,0,0,31.0,31.0
28360119,26,0,0,26,1,0,normal,0,0,26.0,26.0
28360120,244,7,0,237,5,1,credentialAccess,0,0,4.836734693877551,237.0
28360121,21,0,0,21,1,0,normal,0,0,21.0,21.0
28360122,32,0,0,32,1,0,normal,0,0,32.0,32.0
28360123,26,4,0,22,2,0,normal,0,0,1.375,22.0
28360124,21,0,0,21,1,0,normal,0,0,21.0,21.0
28360125,22,0,0,22,1,0,normal,0,0,22.0,22.0
28360126,23,0,0,23,1,0,normal,0,0,23.0,23.0
28360127,32,0,0,32,1,0,normal,0,0,32.0,32.0
28360128,22,0,0,22,1,0,normal,0,0,22.0,22.0
28360129,22,0,0,22,1,0,normal,0,0,22.0,22.0
28360130,21,0,0,21,1,0,normal,0,0,21.0,21.0
28360131,23,0,0,23,1,0,normal,0,0,23.0,23.0
28360132,33,0,0,33,1,0,normal,0,0,33.0,33.0
28360133,22,0,0,22,1,0,normal,0,0,22.0,22.0
28360134,22,0,0,22,1,0,normal,0,0,22.0,22.0
28360135,22,0,0,22,1,0,normal,0,0,22.0,22.0
28360136,22,0,0,22,1,0,normal,0,0,22.0,22.0
28360137,32,0,0,32,1,0,normal,0,0,32.0,32.0
28360138,32,4,0,28,3,0,normal,0,0,1.75,28.0
28360139,22,0,0,22,1,0,normal,0,0,22.0,22.0
28360140,22,0,0,22,1,0,normal,0,0,22.0,22.0
28360141,22,0,0,22,1,0,normal,0,0,22.0,22.0
28360142,26,0,0,26,0,0,normal,0,0,26.0,26.0
28360143,22,0,0,22,1,0,normal,0,0,22.0,22.0
28360144,23,0,0,23,1,0,normal,0,0,23.0,23.0
28360145,23,0,0,23,1,0,normal,0,0,23.0,23.0
28360146,21,0,0,21,1,0,normal,0,0,21.0,21.0
28360147,32,0,0,32,1,0,normal,0,0,32.0,32.0
28360148,21,0,0,21,1,0,normal,0,0,21.0,21.0
28360149,22,0,0,22,1,0,normal,0,0,22.0,22.0
28360150,22,0,0,22,1,0,normal,0,0,22.0,22.0
28360151,23,0,0,23,1,0,normal,0,0,23.0,23.0
28360152,33,0,0,33,1,0,normal,0,0,33.0,33.0
28360153,32,4,0,28,3,0,normal,0,0,1.75,28.0
28360154,23,0,0,23,1,0,normal,0,0,23.0,23.0
28360155,23,0,0,23,1,0,normal,0,0,23.0,23.0
28360156,23,0,0,23,1,0,normal,0,0,23.0,23.0
28360157,42,3,0,39,3,0,normal,0,0,4.333333333333333,39.0
28360158,22,0,0,22,1,0,normal,0,0,22.0,22.0
28360159,22,0,0,22,1,0,normal,0,0,22.0,22.0
28360160,22,0,0,22,1,0,normal,0,0,22.0,22.0
28360161,22,0,0,22,1,0,normal,0,0,22.0,22.0
28360162,32,0,0,32,1,0,normal,0,0,32.0,32.0
28360163,15,0,0,15,0,0,normal,0,0,15.0,15.0
28360164,23,0,0,23,1,0,normal,0,0,23.0,23.0
28360165,23,0,0,23,1,0,normal,0,0,23.0,23.0
28360166,23,0,0,23,1,0,normal,0,0,23.0,23.0
28360167,33,0,0,33,1,0,normal,0,0,33.0,33.0
28360168,32,4,0,28,3,0,normal,0,0,1.75,28.0
28360169,22,0,0,22,1,0,normal,0,0,22.0,22.0
28360170,31,3,0,28,3,0,normal,0,0,3.111111111111111,28.0
28360171,22,0,0,22,1,0,normal,0,0,22.0,22.0
28360172,37,2,0,35,2,0,normal,0,0,8.75,35.0
28360173,37,6,0,31,4,1,credentialAccess,0,0,0.8611111111111112,31.0
28360174,22,0,0,22,1,0,normal,0,0,22.0,22.0
28360175,23,0,0,23,1,0,normal,0,0,23.0,23.0
28360176,23,0,0,23,1,0,normal,0,0,23.0,23.0
28360177,33,0,0,33,1,0,normal,0,0,33.0,33.0
28360178,23,0,0,23,1,0,normal,0,0,23.0,23.0
28360179,22,0,0,22,1,0,normal,0,0,22.0,22.0
28360180,21,0,0,21,1,0,normal,0,0,21.0,21.0
28360181,22,0,0,22,1,0,normal,0,0,22.0,22.0
28360182,26,0,0,26,0,0,normal,0,0,26.0,26.0
28360183,33,4,0,29,3,0,normal,0,0,1.8125,29.0
28360184,22,0,0,22,1,0,normal,0,0,22.0,22.0
28360185,23,0,0,23,1,0,normal,0,0,23.0,23.0
28360186,22,0,0,22,1,0,normal,0,0,22.0,22.0
28360187,33,0,0,33,1,0,normal,0,0,33.0,33.0
28360188,24,0,0,24,1,0,normal,0,0,24.0,24.0
28360189,22,0,0,22,1,0,normal,0,0,22.0,22.0
28360190,22,0,0,22,1,0,normal,0,0,22.0,22.0
28360191,23,0,0,23,1,0,normal,0,0,23.0,23.0
28360192,33,0,0,33,1,0,normal,0,0,33.0,33.0
28360193,223,66,0,157,34,0,normal,0,0,0.03604224058769513,157.0
28360194,22,0,0,22,1,0,normal,0,0,22.0,22.0
28360195,22,0,0,22,1,0,normal,0,0,22.0,22.0
28360196,23,0,0,23,1,0,normal,0,0,23.0,23.0
28360197,33,0,0,33,1,0,normal,0,0,33.0,33.0
28360198,22,0,0,22,1,0,normal,0,0,22.0,22.0
28360199,16,0,0,16,0,0,normal,0,0,16.0,16.0
28360200,23,0,0,23,1,0,normal,0,0,23.0,23.0
28360201,23,0,0,23,1,0,normal,0,0,23.0,23.0
28360202,33,0,0,33,1,0,normal,0,0,33.0,33.0
28360203,22,0,0,22,1,0,normal,0,0,22.0,22.0
28360204,23,0,0,23,1,0,normal,0,0,23.0,23.0
28360205,22,0,0,22,1,0,normal,0,0,22.0,22.0
28360206,22,0,0,22,1,0,normal,0,0,22.0,22.0
28360207,33,0,0,33,1,0,normal,0,0,33.0,33.0
28360208,33,4,0,29,3,0,normal,0,0,1.8125,29.0
28360209,22,0,0,22,1,0,normal,0,0,22.0,22.0
28360210,22,0,0,22,1,0,normal,0,0,22.0,22.0
28360211,22,0,0,22,1,0,normal,0,0,22.0,22.0
28360212,33,0,0,33,1,0,normal,0,0,33.0,33.0
28360213,21,0,0,21,1,0,normal,0,0,21.0,21.0
28360214,22,0,0,22,1,0,normal,0,0,22.0,22.0
28360215,22,0,0,22,1,0,normal,0,0,22.0,22.0
28360216,22,0,0,22,1,0,normal,0,0,22.0,22.0
28360217,51,7,0,44,5,0,normal,0,0,0.8979591836734694,44.0
28360218,16,0,0,16,0,0,normal,0,0,16.0,16.0
28360219,22,0,0,22,1,0,normal,0,0,22.0,22.0
28360220,22,0,0,22,1,0,normal,0,0,22.0,22.0
28360221,22,0,0,22,1,0,normal,0,0,22.0,22.0
28360222,33,0,0,33,1,0,normal,0,0,33.0,33.0
28360223,33,4,0,29,3,0,normal,0,0,1.8125,29.0
28360224,23,0,0,23,1,0,normal,0,0,23.0,23.0
28360225,22,0,0,22,1,0,normal,0,0,22.0,22.0
28360226,23,0,0,23,1,0,normal,0,0,23.0,23.0
28360227,33,0,0,33,1,0,normal,0,0,33.0,33.0
28360228,21,0,0,21,1,0,normal,0,0,21.0,21.0
28360229,22,0,0,22,1,0,normal,0,0,22.0,22.0
28360230,31,3,0,28,3,0,normal,0,0,3.111111111111111,28.0
28360231,271,91,0,180,46,0,normal,0,0,0.02173650525298877,180.0
28360232,32,0,0,32,1,0,normal,0,0,32.0,32.0
28360233,22,0,0,22,1,0,normal,0,0,22.0,22.0
28360234,27,2,0,25,2,0,normal,0,0,6.25,25.0
28360235,22,0,0,22,1,0,normal,0,0,22.0,22.0
28360236,22,0,0,22,1,0,normal,0,0,22.0,22.0
28360237,32,0,0,32,1,0,normal,0,0,32.0,32.0
28360238,33,4,0,29,3,0,normal,0,0,1.8125,29.0
28360239,22,0,0,22,1,0,normal,0,0,22.0,22.0
28360240,22,0,0,22,1,0,normal,0,0,22.0,22.0
28360241,16,0,0,16,0,0,normal,0,0,16.0,16.0
28360242,43,4,0,39,3,1,collection,0,0,2.4375,39.0
28360243,21,0,0,21,1,0,normal,0,0,21.0,21.0
28360244,22,0,0,22,1,0,normal,0,0,22.0,22.0
28360245,22,0,0,22,1,0,normal,0,0,22.0,22.0
28360246,22,0,0,22,1,0,normal,0,0,22.0,22.0
28360247,33,0,0,33,1,0,normal,0,0,33.0,33.0
28360248,22,0,0,22,1,0,normal,0,0,22.0,22.0
28360249,23,0,0,23,1,0,normal,0,0,23.0,23.0
28360250,22,0,0,22,1,0,normal,0,0,22.0,22.0
28360251,22,0,0,22,1,0,normal,0,0,22.0,22.0
28360252,32,0,0,32,1,0,normal,0,0,32.0,32.0
28360253,34,4,0,30,3,0,normal,0,0,1.875,30.0
28360254,22,0,0,22,1,0,normal,0,0,22.0,22.0
28360255,22,0,0,22,1,0,normal,0,0,22.0,22.0
28360256,21,0,0,21,1,0,normal,0,0,21.0,21.0
28360257,32,0,0,32,1,0,normal,0,0,32.0,32.0
28360258,22,0,0,22,1,0,normal,0,0,22.0,22.0
28360259,16,0,0,16,0,0,normal,0,0,16.0,16.0
28360260,23,0,0,23,1,0,normal,0,0,23.0,23.0
28360261,23,0,0,23,1,0,normal,0,0,23.0,23.0
28360262,33,0,0,33,1,0,normal,0,0,33.0,33.0
28360263,21,0,0,21,1,0,normal,0,0,21.0,21.0
28360264,22,0,0,22,1,0,normal,0,0,22.0,22.0
28360265,22,0,0,22,1,0,normal,0,0,22.0,22.0
28360266,22,0,0,22,1,0,normal,0,0,22.0,22.0
28360267,32,0,0,32,1,0,normal,0,0,32.0,32.0
28360268,33,4,0,29,3,0,normal,0,0,1.8125,29.0
28360269,23,0,0,23,1,0,normal,0,0,23.0,23.0
28360270,23,0,0,23,1,0,normal,0,0,23.0,23.0
28360271,23,0,0,23,1,0,normal,0,0,23.0,23.0
28360272,33,0,0,33,1,0,normal,0,0,33.0,33.0
28360273,22,0,0,22,1,0,normal,0,0,22.0,22.0
28360274,22,0,0,22,1,0,normal,0,0,22.0,22.0
28360275,23,0,0,23,1,0,normal,0,0,23.0,23.0
28360276,23,0,0,23,1,0,normal,0,0,23.0,23.0
28360277,34,3,0,31,2,0,normal,0,0,3.4444444444444446,31.0
28360278,22,0,0,22,1,0,normal,0,0,22.0,22.0
28360279,23,0,0,23,1,0,normal,0,0,23.0,23.0
28360280,23,0,0,23,1,0,normal,0,0,23.0,23.0
28360281,22,0,0,22,1,0,normal,0,0,22.0,22.0
28360282,33,0,0,33,1,0,normal,0,0,33.0,33.0
28360283,32,4,0,28,3,0,normal,0,0,1.75,28.0
28360284,22,0,0,22,1,0,normal,0,0,22.0,22.0
28360285,23,0,0,23,1,0,normal,0,0,23.0,23.0
28360286,22,0,0,22,1,0,normal,0,0,22.0,22.0
28360287,32,0,0,32,1,0,normal,0,0,32.0,32.0
28360288,22,0,0,22,1,0,normal,0,0,22.0,22.0
28360289,22,0,0,22,1,0,normal,0,0,22.0,22.0
28360290,40,7,0,33,5,1,collection,0,0,0.673469387755102,33.0
28360291,23,0,0,23,1,0,normal,0,0,23.0,23.0
28360292,33,0,0,33,1,0,normal,0,0,33.0,33.0
28360293,27,2,0,25,2,0,normal,0,0,6.25,25.0
28360294,23,0,0,23,1,0,normal,0,0,23.0,23.0
28360295,23,0,0,23,1,0,normal,0,0,23.0,23.0
28360296,23,0,0,23,1,0,normal,0,0,23.0,23.0
28360297,26,0,0,26,0,0,normal,0,0,26.0,26.0
28360298,32,4,0,28,3,0,normal,0,0,1.75,28.0
28360299,22,0,0,22,1,0,normal,0,0,22.0,22.0
28360300,22,0,0,22,1,0,normal,0,0,22.0,22.0
28360301,22,0,0,22,1,0,normal,0,0,22.0,22.0
28360302,32,0,0,32,1,0,normal,0,0,32.0,32.0
28360303,22,0,0,22,1,0,normal,0,0,22.0,22.0
28360304,23,0,0,23,1,0,normal,0,0,23.0,23.0
28360305,22,0,0,22,1,0,normal,0,0,22.0,22.0
28360306,22,0,0,22,1,0,normal,0,0,22.0,22.0
28360307,32,0,0,32,1,0,normal,0,0,32.0,32.0
28360308,22,0,0,22,1,0,normal,0,0,22.0,22.0
28360309,23,0,0,23,1,0,normal,0,0,23.0,23.0
28360310,23,0,0,23,1,0,normal,0,0,23.0,23.0
28360311,22,0,0,22,1,0,normal,0,0,22.0,22.0
28360312,33,0,0,33,1,0,normal,0,0,33.0,33.0
28360313,33,4,0,29,3,0,normal,0,0,1.8125,29.0
28360314,23,0,0,23,1,0,normal,0,0,23.0,23.0
28360315,23,0,0,23,1,0,normal,0,0,23.0,23.0
28360316,15,0,0,15,0,0,normal,0,0,15.0,15.0
28360317,33,0,0,33,1,0,normal,0,0,33.0,33.0
28360318,21,0,0,21,1,0,normal,0,0,21.0,21.0
28360319,23,0,0,23,1,0,normal,0,0,23.0,23.0
28360320,23,0,0,23,1,0,normal,0,0,23.0,23.0
28360321,22,0,0,22,1,0,normal,0,0,22.0,22.0
28360322,32,0,0,32,1,0,normal,0,0,32.0,32.0
28360323,21,0,0,21,1,0,normal,0,0,21.0,21.0
28360324,23,0,0,23,1,0,normal,0,0,23.0,23.0
28360325,23,0,0,23,1,0,normal,0,0,23.0,23.0
28360326,23,0,0,23,1,0,normal,0,0,23.0,23.0
28360327,33,0,0,33,1,0,normal,0,0,33.0,33.0
28360328,32,4,0,28,3,0,normal,0,0,1.75,28.0
28360329,22,0,0,22,1,0,normal,0,0,22.0,22.0
28360330,22,0,0,22,1,0,normal,0,0,22.0,22.0
28360331,21,0,0,21,1,0,normal,0,0,21.0,21.0
28360332,26,0,0,26,0,0,normal,0,0,26.0,26.0
28360333,22,0,0,22,1,0,normal,0,0,22.0,22.0
28360334,23,0,0,23,1,0,normal,0,0,23.0,23.0
28360335,23,0,0,23,1,0,normal,0,0,23.0,23.0
28360336,23,0,0,23,1,0,normal,0,0,23.0,23.0
28360337,42,3,0,39,3,0,normal,0,0,4.333333333333333,39.0
28360338,21,0,0,21,1,0,normal,0,0,21.0,21.0
28360339,22,0,0,22,1,0,normal,0,0,22.0,22.0
28360340,22,0,0,22,1,0,normal,0,0,22.0,22.0
28360341,22,0,0,22,1,0,normal,0,0,22.0,22.0
28360342,32,0,0,32,1,0,normal,0,0,32.0,32.0
28360343,33,4,0,29,3,0,normal,0,0,1.8125,29.0
28360344,22,0,0,22,1,0,normal,0,0,22.0,22.0
28360345,31,4,0,27,3,1,credentialAccess,0,0,1.6875,27.0
28360346,23,0,0,23,1,0,normal,0,0,23.0,23.0
28360347,33,0,0,33,1,0,normal,0,0,33.0,33.0
28360348,22,0,0,22,1,0,normal,0,0,22.0,22.0
28360349,15,0,0,15,0,0,normal,0,0,15.0,15.0
28360350,36,5,0,31,4,0,normal,0,0,1.24,31.0
28360351,22,0,0,22,1,0,normal,0,0,22.0,22.0
28360352,33,0,0,33,1,0,normal,0,0,33.0,33.0
28360353,33,4,0,29,3,0,normal,0,0,1.8125,29.0
28360354,22,0,0,22,1,0,normal,0,0,22.0,22.0
28360355,22,0,0,22,1,0,normal,0,0,22.0,22.0
28360356,22,0,0,22,1,0,normal,0,0,22.0,22.0
28360357,33,0,0,33,1,0,normal,0,0,33.0,33.0
28360358,22,0,0,22,1,0,normal,0,0,22.0,22.0
28360359,23,0,0,23,1,0,normal,0,0,23.0,23.0
28360360,23,0,0,23,1,0,normal,0,0,23.0,23.0
28360361,23,0,0,23,1,0,normal,0,0,23.0,23.0
28360362,54,7,0,47,3,0,normal,0,0,0.9591836734693877,47.0
28360363,22,0,0,22,1,0,normal,0,0,22.0,22.0
28360364,22,0,0,22,1,0,normal,0,0,22.0,22.0
28360365,22,0,0,22,1,0,normal,0,0,22.0,22.0
28360366,22,0,0,22,1,0,normal,0,0,22.0,22.0
28360367,33,0,0,33,1,0,normal,0,0,33.0,33.0
28360368,33,4,0,29,3,0,normal,0,0,1.8125,29.0
28360369,22,0,0,22,1,0,normal,0,0,22.0,22.0
28360370,22,0,0,22,1,0,normal,0,0,22.0,22.0
28360371,16,0,0,16,0,0,normal,0,0,16.0,16.0
28360372,33,0,0,33,1,0,normal,0,0,33.0,33.0
28360373,21,0,0,21,1,0,normal,0,0,21.0,21.0
28360374,22,0,0,22,1,0,normal,0,0,22.0,22.0
28360375,22,0,0,22,1,0,normal,0,0,22.0,22.0
28360376,22,0,0,22,1,0,normal,0,0,22.0,22.0
28360377,33,0,0,33,1,0,normal,0,0,33.0,33.0
28360378,22,0,0,22,1,0,normal,0,0,22.0,22.0
28360379,23,0,0,23,1,0,normal,0,0,23.0,23.0
28360380,23,0,0,23,1,0,normal,0,0,23.0,23.0
28360381,23,0,0,23,1,0,normal,0,0,23.0,23.0
28360382,33,0,0,33,1,0,normal,0,0,33.0,33.0
28360383,33,4,0,29,3,0,normal,0,0,1.8125,29.0
28360384,23,0,0,23,1,0,normal,0,0,23.0,23.0
28360385,23,0,0,23,1,0,normal,0,0,23.0,23.0
28360386,23,0,0,23,1,0,normal,0,0,23.0,23.0
28360387,33,0,0,33,1,0,normal,0,0,33.0,33.0
28360388,22,0,0,22,1,0,normal,0,0,22.0,22.0
28360389,22,0,0,22,1,0,normal,0,0,22.0,22.0
28360390,22,0,0,22,1,0,normal,0,0,22.0,22.0
28360391,22,0,0,22,1,0,normal,0,0,22.0,22.0
28360392,32,0,0,32,1,0,normal,0,0,32.0,32.0
28360393,41,5,0,36,4,1,discovery,0,0,1.44,36.0
28360394,23,0,0,23,1,0,normal,0,0,23.0,23.0
28360395,23,0,0,23,1,0,normal,0,0,23.0,23.0
28360396,23,0,0,23,1,0,normal,0,0,23.0,23.0
28360397,42,3,0,39,3,0,normal,0,0,4.333333333333333,39.0
28360398,33,4,0,29,3,0,normal,0,0,1.8125,29.0
28360399,16,0,0,16,0,0,normal,0,0,16.0,16.0
28360400,23,0,0,23,1,0,normal,0,0,23.0,23.0
28360401,23,0,0,23,1,0,normal,0,0,23.0,23.0
28360402,33,0,0,33,1,0,normal,0,0,33.0,33.0
28360403,22,0,0,22,1,0,normal,0,0,22.0,22.0
28360404,23,0,0,23,1,0,normal,0,0,23.0,23.0
28360405,23,0,0,23,1,0,normal,0,0,23.0,23.0
28360406,22,0,0,22,1,0,normal,0,0,22.0,22.0
28360407,33,0,0,33,1,0,normal,0,0,33.0,33.0
28360408,22,0,0,22,1,0,normal,0,0,22.0,22.0
28360409,22,0,0,22,1,0,normal,0,0,22.0,22.0
28360410,31,3,0,28,3,0,normal,0,0,3.111111111111111,28.0
28360411,22,0,0,22,1,0,normal,0,0,22.0,22.0
28360412,33,0,0,33,1,0,normal,0,0,33.0,33.0
28360413,33,4,0,29,3,0,normal,0,0,1.8125,29.0
28360414,27,2,0,25,2,0,normal,0,0,6.25,25.0
28360415,23,0,0,23,1,0,normal,0,0,23.0,23.0
28360416,23,0,0,23,1,0,normal,0,0,23.0,23.0
28360417,33,0,0,33,1,0,normal,0,0,33.0,33.0
28360418,22,0,0,22,1,0,normal,0,0,22.0,22.0
28360419,23,0,0,23,1,0,normal,0,0,23.0,23.0
28360420,22,0,0,22,1,0,normal,0,0,22.0,22.0
28360421,22,0,0,22,1,0,normal,0,0,22.0,22.0
28360422,32,0,0,32,1,0,normal,0,0,32.0,32.0
28360423,22,0,0,22,1,0,normal,0,0,22.0,22.0
28360424,23,0,0,23,1,0,normal,0,0,23.0,23.0
28360425,21,0,0,21,1,0,normal,0,0,21.0,21.0
28360426,22,0,0,22,1,0,normal,0,0,22.0,22.0
28360427,26,0,0,26,0,0,normal,0,0,26.0,26.0
28360428,42,4,0,38,3,0,normal,0,0,2.375,38.0
28360429,23,0,0,23,1,0,normal,0,0,23.0,23.0
28360430,22,0,0,22,1,0,normal,0,0,22.0,22.0
28360431,22,0,0,22,1,0,normal,0,0,22.0,22.0
28360432,32,0,0,32,1,0,normal,0,0,32.0,32.0
28360433,21,0,0,21,1,0,normal,0,0,21.0,21.0
28360434,23,0,0,23,1,0,normal,0,0,23.0,23.0
28360435,23,0,0,23,1,0,normal,0,0,23.0,23.0
28360436,22,0,0,22,1,0,normal,0,0,22.0,22.0
28360437,32,0,0,32,1,0,normal,0,0,32.0,32.0
28360438,21,0,0,21,1,0,normal,0,0,21.0,21.0
28360439,23,0,0,23,1,0,normal,0,0,23.0,23.0
28360440,23,0,0,23,1,0,normal,0,0,23.0,23.0
28360441,48,10,0,38,6,1,lateralMovement,0,0,0.38,38.0
28360442,38,2,0,36,2,1,lateralMovement,0,0,9.0,36.0
28360443,33,4,0,29,3,0,normal,0,0,1.8125,29.0
28360444,21,0,0,21,1,0,normal,0,0,21.0,21.0
28360445,22,0,0,22,1,0,normal,0,0,22.0,22.0
28360446,22,0,0,22,1,0,normal,0,0,22.0,22.0
28360447,32,0,0,32,1,0,normal,0,0,32.0,32.0
28360448,22,0,0,22,1,0,normal,0,0,22.0,22.0
28360449,22,0,0,22,1,0,normal,0,0,22.0,22.0
28360450,22,0,0,22,1,0,normal,0,0,22.0,22.0
28360451,22,0,0,22,1,0,normal,0,0,22.0,22.0
28360452,32,0,0,32,1,0,normal,0,0,32.0,32.0
28360453,16,0,0,16,0,0,normal,0,0,16.0,16.0
28360454,23,0,0,23,1,0,normal,0,0,23.0,23.0
28360455,22,0,0,22,1,0,normal,0,0,22.0,22.0
28360456,22,0,0,22,1,0,normal,0,0,22.0,22.0
28360457,42,3,0,39,3,0,normal,0,0,4.333333333333333,39.0
28360458,32,4,0,28,3,0,normal,0,0,1.75,28.0
28360459,22,0,0,22,1,0,normal,0,0,22.0,22.0
28360460,23,0,0,23,1,0,normal,0,0,23.0,23.0
28360461,22,0,0,22,1,0,normal,0,0,22.0,22.0
28360462,32,0,0,32,1,0,normal,0,0,32.0,32.0
28360463,22,0,0,22,1,0,normal,0,0,22.0,22.0
28360464,23,0,0,23,1,0,normal,0,0,23.0,23.0
28360465,22,0,0,22,1,0,normal,0,0,22.0,22.0
28360466,22,0,0,22,1,0,normal,0,0,22.0,22.0
28360467,32,0,0,32,1,0,normal,0,0,32.0,32.0
28360468,22,0,0,22,1,0,normal,0,0,22.0,22.0
28360469,22,0,0,22,1,0,normal,0,0,22.0,22.0
28360470,31,3,0,28,3,0,normal,0,0,3.111111111111111,28.0
28360471,22,0,0,22,1,0,normal,0,0,22.0,22.0
28360472,35,3,0,32,3,0,normal,0,0,3.5555555555555554,32.0
28360473,32,4,0,28,3,0,normal,0,0,1.75,28.0
28360474,22,0,0,22,1,0,normal,0,0,22.0,22.0
28360475,22,0,0,22,1,0,normal,0,0,22.0,22.0
28360476,22,0,0,22,1,0,normal,0,0,22.0,22.0
28360477,33,0,0,33,1,0,normal,0,0,33.0,33.0
28360478,22,0,0,22,1,0,normal,0,0,22.0,22.0
28360479,22,0,0,22,1,0,normal,0,0,22.0,22.0
28360480,23,0,0,23,1,0,normal,0,0,23.0,23.0
28360481,23,0,0,23,1,0,normal,0,0,23.0,23.0
28360482,32,0,0,32,1,0,normal,0,0,32.0,32.0
28360483,22,0,0,22,1,0,normal,0,0,22.0,22.0
28360484,23,0,0,23,1,0,normal,0,0,23.0,23.0
28360485,23,0,0,23,1,0,normal,0,0,23.0,23.0
28360486,22,0,0,22,1,0,normal,0,0,22.0,22.0
28360487,32,0,0,32,1,0,normal,0,0,32.0,32.0
28360488,33,4,0,29,3,0,normal,0,0,1.8125,29.0
28360489,22,0,0,22,1,0,normal,0,0,22.0,22.0
28360490,22,0,0,22,1,0,normal,0,0,22.0,22.0
28360491,22,0,0,22,1,0,normal,0,0,22.0,22.0
28360492,32,0,0,32,1,0,normal,0,0,32.0,32.0
28360493,16,0,0,16,0,0,normal,0,0,16.0,16.0
28360494,22,0,0,22,1,0,normal,0,0,22.0,22.0
28360495,22,0,0,22,1,0,normal,0,0,22.0,22.0
28360496,22,0,0,22,1,0,normal,0,0,22.0,22.0
28360497,33,0,0,33,1,0,normal,0,0,33.0,33.0
28360498,22,0,0,22,1,0,normal,0,0,22.0,22.0
28360499,22,0,0,22,1,0,normal,0,0,22.0,22.0
28360500,23,0,0,23,1,0,normal,0,0,23.0,23.0
28360501,23,0,0,23,1,0,normal,0,0,23.0,23.0
28360502,33,0,0,33,1,0,normal,0,0,33.0,33.0
28360503,33,4,0,29,3,0,normal,0,0,1.8125,29.0
28360504,22,0,0,22,1,0,normal,0,0,22.0,22.0
28360505,22,0,0,22,1,0,normal,0,0,22.0,22.0
28360506,22,0,0,22,1,0,normal,0,0,22.0,22.0
28360507,32,0,0,32,1,0,normal,0,0,32.0,32.0
28360508,22,0,0,22,1,0,normal,0,0,22.0,22.0
28360509,22,0,0,22,1,0,normal,0,0,22.0,22.0
28360510,23,0,0,23,1,0,normal,0,0,23.0,23.0
28360511,23,0,0,23,1,0,normal,0,0,23.0,23.0
28360512,33,0,0,33,1,0,normal,0,0,33.0,33.0
28360513,22,0,0,22,1,0,normal,0,0,22.0,22.0
28360514,16,0,0,16,0,0,normal,0,0,16.0,16.0
28360515,22,0,0,22,1,0,normal,0,0,22.0,22.0
28360516,22,0,0,22,1,0,normal,0,0,22.0,22.0
28360517,42,3,0,39,3,0,normal,0,0,4.333333333333333,39.0
28360518,32,4,0,28,3,0,normal,0,0,1.75,28.0
28360519,22,0,0,22,1,0,normal,0,0,22.0,22.0
28360520,22,0,0,22,1,0,normal,0,0,22.0,22.0
28360521,22,0,0,22,1,0,normal,0,0,22.0,22.0
28360522,32,0,0,32,1,0,normal,0,0,32.0,32.0
28360523,23,0,0,23,1,0,normal,0,0,23.0,23.0
28360524,23,0,0,23,1,0,normal,0,0,23.0,23.0
28360525,23,0,0,23,1,0,normal,0,0,23.0,23.0
28360526,21,0,0,21,1,0,normal,0,0,21.0,21.0
28360527,33,0,0,33,1,0,normal,0,0,33.0,33.0
28360528,23,0,0,23,1,0,normal,0,0,23.0,23.0
28360529,23,0,0,23,1,0,normal,0,0,23.0,23.0
28360530,32,3,0,29,3,0,normal,0,0,3.2222222222222223,29.0
28360531,23,0,0,23,1,0,normal,0,0,23.0,23.0
28360532,32,0,0,32,1,0,normal,0,0,32.0,32.0
28360533,30,6,0,24,3,0,normal,0,0,0.6666666666666666,24.0
28360534,22,0,0,22,1,0,normal,0,0,22.0,22.0
28360535,22,0,0,22,1,0,normal,0,0,22.0,22.0
28360536,22,0,0,22,1,0,normal,0,0,22.0,22.0
28360537,31,0,0,31,1,0,normal,0,0,31.0,31.0
28360538,26,1,0,25,2,0,normal,0,0,25.0,25.0
28360539,30,0,0,30,1,0,normal,0,0,30.0,30.0
28360540,22,0,0,22,1,0,normal,0,0,22.0,22.0
28360541,215,66,0,149,34,0,normal,0,0,0.03420569329660239,149.0
28360542,32,0,0,32,1,0,normal,0,0,32.0,32.0
28360543,21,0,0,21,1,0,normal,0,0,21.0,21.0
28360544,22,0,0,22,1,0,normal,0,0,22.0,22.0
28360545,22,0,0,22,1,0,normal,0,0,22.0,22.0
28360546,22,0,0,22,1,0,normal,0,0,22.0,22.0
28360547,26,0,0,26,0,0,normal,0,0,26.0,26.0
28360548,23,0,0,23,1,0,normal,0,0,23.0,23.0
28360549,23,0,0,23,1,0,normal,0,0,23.0,23.0
28360550,22,0,0,22,1,0,normal,0,0,22.0,22.0
28360551,22,0,0,22,1,0,normal,0,0,22.0,22.0
28360552,33,0,0,33,1,0,normal,0,0,33.0,33.0
28360553,22,0,0,22,1,0,normal,0,0,22.0,22.0
28360554,34,4,0,30,3,0,normal,0,0,1.875,30.0
28360555,23,0,0,23,1,0,normal,0,0,23.0,23.0
28360556,22,0,0,22,1,0,normal,0,0,22.0,22.0
28360557,32,0,0,32,1,0,normal,0,0,32.0,32.0
28360558,22,0,0,22,1,0,normal,0,0,22.0,22.0
28360559,22,0,0,22,1,0,normal,0,0,22.0,22.0
28360560,22,0,0,22,1,0,normal,0,0,22.0,22.0
28360561,22,0,0,22,1,0,normal,0,0,22.0,22.0
28360562,32,0,0,32,1,0,normal,0,0,32.0,32.0
28360563,22,0,0,22,1,0,normal,0,0,22.0,22.0
28360564,16,0,0,16,0,0,normal,0,0,16.0,16.0
28360565,23,0,0,23,1,0,normal,0,0,23.0,23.0
28360566,23,0,0,23,1,0,normal,0,0,23.0,23.0
28360567,33,0,0,33,1,0,normal,0,0,33.0,33.0
28360568,23,0,0,23,1,0,normal,0,0,23.0,23.0
28360569,32,4,0,28,3,0,normal,0,0,1.75,28.0
28360570,23,0,0,23,1,0,normal,0,0,23.0,23.0
28360571,22,0,0,22,1,0,normal,0,0,22.0,22.0
28360572,33,0,0,33,1,0,normal,0,0,33.0,33.0
28360573,23,0,0,23,1,0,normal,0,0,23.0,23.0
28360574,23,0,0,23,1,0,normal,0,0,23.0,23.0
28360575,23,0,0,23,1,0,normal,0,0,23.0,23.0
28360576,23,0,0,23,1,0,normal,0,0,23.0,23.0
28360577,42,3,0,39,3,0,normal,0,0,4.333333333333333,39.0
28360578,22,0,0,22,1,0,normal,0,0,22.0,22.0
28360579,22,0,0,22,1,0,normal,0,0,22.0,22.0
28360580,22,0,0,22,1,0,normal,0,0,22.0,22.0
28360581,22,0,0,22,1,0,normal,0,0,22.0,22.0
28360582,33,0,0,33,1,0,normal,0,0,33.0,33.0
28360583,23,0,0,23,1,0,normal,0,0,23.0,23.0
28360584,33,4,0,29,3,0,normal,0,0,1.8125,29.0
28360585,23,0,0,23,1,0,normal,0,0,23.0,23.0
28360586,23,0,0,23,1,0,normal,0,0,23.0,23.0
28360587,33,0,0,33,1,0,normal,0,0,33.0,33.0
28360588,22,0,0,22,1,0,normal,0,0,22.0,22.0
28360589,22,0,0,22,1,0,normal,0,0,22.0,22.0
28360590,32,3,0,29,3,0,normal,0,0,3.2222222222222223,29.0
28360591,23,0,0,23,1,0,normal,0,0,23.0,23.0
28360592,38,2,0,36,2,0,normal,0,0,9.0,36.0
28360593,22,0,0,22,1,0,normal,0,0,22.0,22.0
28360594,22,0,0,22,1,0,normal,0,0,22.0,22.0
28360595,15,0,0,15,0,0,normal,0,0,15.0,15.0
28360596,23,0,0,23,1,0,normal,0,0,23.0,23.0
28360597,33,0,0,33,1,0,normal,0,0,33.0,33.0
28360598,23,0,0,23,1,0,normal,0,0,23.0,23.0
28360599,33,4,0,29,3,0,normal,0,0,1.8125,29.0
28360600,21,0,0,21,1,0,normal,0,0,21.0,21.0
28360601,23,0,0,23,1,0,normal,0,0,23.0,23.0
28360602,33,0,0,33,1,0,normal,0,0,33.0,33.0
28360603,22,0,0,22,1,0,normal,0,0,22.0,22.0
28360604,22,0,0,22,1,0,normal,0,0,22.0,22.0
28360605,23,0,0,23,1,0,normal,0,0,23.0,23.0
28360606,23,0,0,23,1,0,normal,0,0,23.0,23.0
28360607,33,0,0,33,1,0,normal,0,0,33.0,33.0
28360608,21,0,0,21,1,0,normal,0,0,21.0,21.0
28360609,32,4,0,28,3,0,normal,0,0,1.75,28.0
28360610,22,0,0,22,1,0,normal,0,0,22.0,22.0
28360611,22,0,0,22,1,0,normal,0,0,22.0,22.0
28360612,32,0,0,32,1,0,normal,0,0,32.0,32.0
28360613,22,0,0,22,1,0,normal,0,0,22.0,22.0
28360614,26,4,0,22,2,0,normal,0,0,1.375,22.0
28360615,23,0,0,23,1,0,normal,0,0,23.0,23.0
28360616,22,0,0,22,1,0,normal,0,0,22.0,22.0
28360617,33,0,0,33,1,0,normal,0,0,33.0,33.0
28360618,31,0,0,31,1,0,normal,0,0,31.0,31.0
28360619,27,0,0,27,1,0,normal,0,0,27.0,27.0
28360620,23,0,0,23,1,0,normal,0,0,23.0,23.0
28360621,22,0,0,22,1,0,normal,0,0,22.0,22.0
28360622,32,0,0,32,1,0,normal,0,0,32.0,32.0
28360623,23,0,0,23,1,0,normal,0,0,23.0,23.0
28360624,22,0,0,22,1,0,normal,0,0,22.0,22.0
28360625,22,0,0,22,1,0,normal,0,0,22.0,22.0
28360626,22,0,0,22,1,0,normal,0,0,22.0,22.0
28360627,32,0,0,32,1,0,normal,0,0,32.0,32.0
28360628,22,0,0,22,1,0,normal,0,0,22.0,22.0
28360629,33,4,0,29,3,0,normal,0,0,1.8125,29.0
28360630,23,0,0,23,1,0,normal,0,0,23.0,23.0
28360631,23,0,0,23,1,0,normal,0,0,23.0,23.0
28360632,33,0,0,33,1,0,normal,0,0,33.0,33.0
28360633,16,0,0,16,0,0,normal,0,0,16.0,16.0
28360634,23,0,0,23,1,0,normal,0,0,23.0,23.0
28360635,22,0,0,22,1,0,normal,0,0,22.0,22.0
28360636,22,0,0,22,1,0,normal,0,0,22.0,22.0
28360637,41,3,0,38,3,0,normal,0,0,4.222222222222222,38.0
28360638,22,0,0,22,1,0,normal,0,0,22.0,22.0
28360639,22,0,0,22,1,0,normal,0,0,22.0,22.0
28360640,23,0,0,23,1,0,normal,0,0,23.0,23.0
28360641,23,0,0,23,1,0,normal,0,0,23.0,23.0
28360642,33,0,0,33,1,0,normal,0,0,33.0,33.0
28360643,21,0,0,21,1,0,normal,0,0,21.0,21.0
28360644,32,4,0,28,3,0,normal,0,0,1.75,28.0
28360645,22,0,0,22,1,0,normal,0,0,22.0,22.0
28360646,22,0,0,22,1,0,normal,0,0,22.0,22.0
28360647,32,0,0,32,1,0,normal,0,0,32.0,32.0
28360648,16,0,0,16,0,0,normal,0,0,16.0,16.0
28360649,23,0,0,23,1,0,normal,0,0,23.0,23.0
28360650,29,3,0,26,3,0,normal,0,0,2.888888888888889,26.0
28360651,27,2,0,25,2,0,normal,0,0,6.25,25.0
28360652,33,0,0,33,1,0,normal,0,0,33.0,33.0
28360653,23,0,0,23,1,0,normal,0,0,23.0,23.0
28360654,23,0,0,23,1,0,normal,0,0,23.0,23.0
28360655,23,0,0,23,1,0,normal,0,0,23.0,23.0
28360656,22,0,0,22,1,0,normal,0,0,22.0,22.0
28360657,32,0,0,32,1,0,normal,0,0,32.0,32.0
28360658,22,0,0,22,1,0,normal,0,0,22.0,22.0
28360659,32,4,0,28,3,0,normal,0,0,1.75,28.0
28360660,22,0,0,22,1,0,normal,0,0,22.0,22.0
28360661,22,0,0,22,1,0,normal,0,0,22.0,22.0
28360662,32,0,0,32,1,0,normal,0,0,32.0,32.0
28360663,22,0,0,22,1,0,normal,0,0,22.0,22.0
28360664,16,0,0,16,0,0,normal,0,0,16.0,16.0
28360665,23,0,0,23,1,0,normal,0,0,23.0,23.0
28360666,23,0,0,23,1,0,normal,0,0,23.0,23.0
28360667,33,0,0,33,1,0,normal,0,0,33.0,33.0
28360668,23,0,0,23,1,0,normal,0,0,23.0,23.0
28360669,23,0,0,23,1,0,normal,0,0,23.0,23.0
28360670,22,0,0,22,1,0,normal,0,0,22.0,22.0
28360671,23,0,0,23,1,0,normal,0,0,23.0,23.0
28360672,33,0,0,33,1,0,normal,0,0,33.0,33.0
28360673,23,0,0,23,1,0,normal,0,0,23.0,23.0
28360674,33,4,0,29,3,0,normal,0,0,1.8125,29.0
28360675,23,0,0,23,1,0,normal,0,0,23.0,23.0
28360676,21,0,0,21,1,0,normal,0,0,21.0,21.0
28360677,33,0,0,33,1,0,normal,0,0,33.0,33.0
28360678,22,0,0,22,1,0,normal,0,0,22.0,22.0
28360679,22,0,0,22,1,0,normal,0,0,22.0,22.0
28360680,23,0,0,23,1,0,normal,0,0,23.0,23.0
28360681,23,0,0,23,1,0,normal,0,0,23.0,23.0
28360682,32,0,0,32,1,0,normal,0,0,32.0,32.0
28360683,23,0,0,23,1,0,normal,0,0,23.0,23.0
28360684,23,0,0,23,1,0,normal,0,0,23.0,23.0
28360685,23,0,0,23,1,0,normal,0,0,23.0,23.0
28360686,23,0,0,23,1,0,normal,0,0,23.0,23.0
28360687,48,0,0,48,1,0,normal,0,0,48.0,48.0
28360688,21,0,0,21,1,0,normal,0,0,21.0,21.0
28360689,33,4,0,29,3,0,normal,0,0,1.8125,29.0
28360690,22,0,0,22,1,0,normal,0,0,22.0,22.0
28360691,16,0,0,16,0,0,normal,0,0,16.0,16.0
28360692,33,0,0,33,1,0,normal,0,0,33.0,33.0
28360693,21,0,0,21,1,0,normal,0,0,21.0,21.0
28360694,23,0,0,23,1,0,normal,0,0,23.0,23.0
28360695,22,0,0,22,1,0,normal,0,0,22.0,22.0
28360696,28,0,0,28,1,0,normal,0,0,28.0,28.0
28360697,41,3,0,38,3,0,normal,0,0,4.222222222222222,38.0
28360698,22,0,0,22,1,0,normal,0,0,22.0,22.0
28360699,22,0,0,22,1,0,normal,0,0,22.0,22.0
28360700,23,0,0,23,1,0,normal,0,0,23.0,23.0
28360701,22,0,0,22,1,0,normal,0,0,22.0,22.0
28360702,33,0,0,33,1,0,normal,0,0,33.0,33.0
28360703,23,0,0,23,1,0,normal,0,0,23.0,23.0
28360704,33,4,0,29,3,0,normal,0,0,1.8125,29.0
28360705,22,0,0,22,1,0,normal,0,0,22.0,22.0
28360706,21,0,0,21,1,0,normal,0,0,21.0,21.0
28360707,32,0,0,32,1,0,normal,0,0,32.0,32.0
28360708,22,0,0,22,1,0,normal,0,0,22.0,22.0
28360709,20,2,0,18,1,0,normal,0,0,4.5,18.0
28360710,31,3,0,28,3,0,normal,0,0,3.111111111111111,28.0
28360711,22,0,0,22,1,0,normal,0,0,22.0,22.0
28360712,37,2,0,35,2,0,normal,0,0,8.75,35.0
28360713,23,0,0,23,1,0,normal,0,0,23.0,23.0
28360714,23,0,0,23,1,0,normal,0,0,23.0,23.0
28360715,23,0,0,23,1,0,normal,0,0,23.0,23.0
28360716,23,0,0,23,1,0,normal,0,0,23.0,23.0
28360717,33,0,0,33,1,0,normal,0,0,33.0,33.0
28360718,23,0,0,23,1,0,normal,0,0,23.0,23.0
28360719,33,4,0,29,3,0,normal,0,0,1.8125,29.0
28360720,21,0,0,21,1,0,normal,0,0,21.0,21.0
28360721,22,0,0,22,1,0,normal,0,0,22.0,22.0
28360722,33,0,0,33,1,0,normal,0,0,33.0,33.0
28360723,21,0,0,21,1,0,normal,0,0,21.0,21.0
28360724,22,0,0,22,1,0,normal,0,0,22.0,22.0
28360725,22,0,0,22,1,0,normal,0,0,22.0,22.0
28360726,22,0,0,22,1,0,normal,0,0,22.0,22.0
28360727,33,0,0,33,1,0,normal,0,0,33.0,33.0
28360728,23,0,0,23,1,0,normal,0,0,23.0,23.0
28360729,16,0,0,16,0,0,normal,0,0,16.0,16.0
28360730,21,0,0,21,1,0,normal,0,0,21.0,21.0
28360731,21,0,0,21,1,0,normal,0,0,21.0,21.0
28360732,33,0,0,33,1,0,normal,0,0,33.0,33.0
28360733,22,0,0,22,1,0,normal,0,0,22.0,22.0
28360734,33,4,0,29,3,0,normal,0,0,1.8125,29.0
28360735,23,0,0,23,1,0,normal,0,0,23.0,23.0
28360736,22,0,0,22,1,0,normal,0,0,22.0,22.0
28360737,32,0,0,32,1,0,normal,0,0,32.0,32.0
28360738,23,0,0,23,1,0,normal,0,0,23.0,23.0
28360739,23,0,0,23,1,0,normal,0,0,23.0,23.0
28360740,23,0,0,23,1,0,normal,0,0,23.0,23.0
28360741,22,0,0,22,1,0,normal,0,0,22.0,22.0
28360742,33,0,0,33,1,0,normal,0,0,33.0,33.0
28360743,21,0,0,21,1,0,normal,0,0,21.0,21.0
28360744,23,0,0,23,1,0,normal,0,0,23.0,23.0
28360745,23,0,0,23,1,0,normal,0,0,23.0,23.0
28360746,22,0,0,22,1,0,normal,0,0,22.0,22.0
28360747,33,0,0,33,1,0,normal,0,0,33.0,33.0
28360748,16,0,0,16,0,0,normal,0,0,16.0,16.0
28360749,33,4,0,29,3,0,normal,0,0,1.8125,29.0
28360750,22,0,0,22,1,0,normal,0,0,22.0,22.0
28360751,21,0,0,21,1,0,normal,0,0,21.0,21.0
28360752,32,0,0,32,1,0,normal,0,0,32.0,32.0
28360753,22,0,0,22,1,0,normal,0,0,22.0,22.0
28360754,33,4,0,29,3,0,normal,0,0,1.8125,29.0
28360755,22,0,0,22,1,0,normal,0,0,22.0,22.0
28360756,21,0,0,21,1,0,normal,0,0,21.0,21.0
28360757,41,3,0,38,3,0,normal,0,0,4.222222222222222,38.0
28360758,271,91,0,180,46,0,normal,0,0,0.02173650525298877,180.0
28360759,22,0,0,22,1,0,normal,0,0,22.0,22.0
28360760,22,0,0,22,1,0,normal,0,0,22.0,22.0
28360761,22,0,0,22,1,0,normal,0,0,22.0,22.0
28360762,32,0,0,32,1,0,normal,0,0,32.0,32.0
28360763,21,0,0,21,1,0,normal,0,0,21.0,21.0
28360764,16,0,0,16,0,0,normal,0,0,16.0,16.0
28360765,23,0,0,23,1,0,normal,0,0,23.0,23.0
28360766,22,0,0,22,1,0,normal,0,0,22.0,22.0
28360767,33,0,0,33,1,0,normal,0,0,33.0,33.0
28360768,22,0,0,22,1,0,normal,0,0,22.0,22.0
28360769,32,4,0,28,3,0,normal,0,0,1.75,28.0
28360770,31,3,0,28,3,0,normal,0,0,3.111111111111111,28.0
28360771,21,0,0,21,1,0,normal,0,0,21.0,21.0
28360772,38,2,0,36,2,0,normal,0,0,9.0,36.0
28360773,22,0,0,22,1,0,normal,0,0,22.0,22.0
28360774,22,0,0,22,1,0,normal,0,0,22.0,22.0
28360775,21,0,0,21,1,0,normal,0,0,21.0,21.0
28360776,22,0,0,22,1,0,normal,0,0,22.0,22.0
28360777,32,0,0,32,1,0,normal,0,0,32.0,32.0
28360778,22,0,0,22,1,0,normal,0,0,22.0,22.0
28360779,16,0,0,16,0,0,normal,0,0,16.0,16.0
28360780,23,0,0,23,1,0,normal,0,0,23.0,23.0
28360781,23,0,0,23,1,0,normal,0,0,23.0,23.0
28360782,33,0,0,33,1,0,normal,0,0,33.0,33.0
28360783,21,0,0,21,1,0,normal,0,0,21.0,21.0
28360784,32,4,0,28,3,0,normal,0,0,1.75,28.0
28360785,22,0,0,22,1,0,normal,0,0,22.0,22.0
28360786,21,0,0,21,1,0,normal,0,0,21.0,21.0
28360787,33,0,0,33,1,0,normal,0,0,33.0,33.0
28360788,22,0,0,22,1,0,normal,0,0,22.0,22.0
28360789,23,0,0,23,1,0,normal,0,0,23.0,23.0
28360790,23,0,0,23,1,0,normal,0,0,23.0,23.0
28360791,22,0,0,22,1,0,normal,0,0,22.0,22.0
28360792,33,0,0,33,1,0,normal,0,0,33.0,33.0
28360793,22,0,0,22,1,0,normal,0,0,22.0,22.0
28360794,23,0,0,23,1,0,normal,0,0,23.0,23.0
28360795,23,0,0,23,1,0,normal,0,0,23.0,23.0
28360796,22,0,0,22,1,0,normal,0,0,22.0,22.0
28360797,32,0,0,32,1,0,normal,0,0,32.0,32.0
28360798,22,0,0,22,1,0,normal,0,0,22.0,22.0
28360799,26,4,0,22,2,0,normal,0,0,1.375,22.0
